time,step,loss,lk_loss,selector_loss,selector_loss_alpha,selector_accuracy,selector_coverage,acc,dflash/hard_label/expected_accepted_length,grad_norm,lr,perf/train_compute_time_s,dflash/hard_label/expected_acceptance,dflash/hard_label/unary_probability,dflash/hard_label/unary_top16_mass,dflash/hard_label/unary_top16_oracle_accepted_length,dflash/hard_label/unary_top16_recall,dflash/hard_label/unary_top1_accuracy,dflash2/selector/conditional_accuracy,dflash2/selector/loss,dflash2/selector/serving_accepted_length,dflash2/selector/serving_accuracy,expected_acceptance,objective/lk_kl_weight,perf/data_wait_time_s,perf/durable_ack_time_s,perf/global_samples_per_second,perf/optimizer_step_time_s,perf/optimizer_steps_per_hour,position_1/hard_label/expected_acceptance,position_1/hard_label/unary_probability,position_1/hard_label/unary_top16_mass,position_1/hard_label/unary_top16_recall,position_1/hard_label/unary_top1_accuracy,position_1/objective/loss_weight_share,position_1/selector/conditional_accuracy,position_1/selector/loss,position_1/selector/serving_accuracy,position_2/hard_label/expected_acceptance,position_2/hard_label/unary_probability,position_2/hard_label/unary_top16_mass,position_2/hard_label/unary_top16_recall,position_2/hard_label/unary_top1_accuracy,position_2/objective/loss_weight_share,position_2/selector/conditional_accuracy,position_2/selector/loss,position_2/selector/serving_accuracy,position_3/hard_label/expected_acceptance,position_3/hard_label/unary_probability,position_3/hard_label/unary_top16_mass,position_3/hard_label/unary_top16_recall,position_3/hard_label/unary_top1_accuracy,position_3/objective/loss_weight_share,position_3/selector/conditional_accuracy,position_3/selector/loss,position_3/selector/serving_accuracy,position_4/hard_label/expected_acceptance,position_4/hard_label/unary_probability,position_4/hard_label/unary_top16_mass,position_4/hard_label/unary_top16_recall,position_4/hard_label/unary_top1_accuracy,position_4/objective/loss_weight_share,position_4/selector/conditional_accuracy,position_4/selector/loss,position_4/selector/serving_accuracy,position_5/hard_label/expected_acceptance,position_5/hard_label/unary_probability,position_5/hard_label/unary_top16_mass,position_5/hard_label/unary_top16_recall,position_5/hard_label/unary_top1_accuracy,position_5/objective/loss_weight_share,position_5/selector/conditional_accuracy,position_5/selector/loss,position_5/selector/serving_accuracy,position_6/hard_label/expected_acceptance,position_6/hard_label/unary_probability,position_6/hard_label/unary_top16_mass,position_6/hard_label/unary_top16_recall,position_6/hard_label/unary_top1_accuracy,position_6/objective/loss_weight_share,position_6/selector/conditional_accuracy,position_6/selector/loss,position_6/selector/serving_accuracy,position_7/hard_label/expected_acceptance,position_7/hard_label/unary_probability,position_7/hard_label/unary_top16_mass,position_7/hard_label/unary_top16_recall,position_7/hard_label/unary_top1_accuracy,position_7/objective/loss_weight_share,position_7/selector/conditional_accuracy,position_7/selector/loss,position_7/selector/serving_accuracy,selector_target_probability,target_probability
05:11:58,1,0.7766910195350647,0.4768913984298706,0.30895093083381653,1.0,0.9057855010032654,0.7845613956451416,0.47200000286102295,3.3513216972351074,1.8090928792953491,3.3333333333333333e-06,16.349712752969936,0.4206382632255554,0.4206382632255554,0.9011359810829163,5.6513671875,0.7845613956451416,0.47200000286102295,0.7212880253791809,0.30895093083381653,3.7587890625,0.44785964488983154,0.4206382632255554,0.6599687933921814,0.26233658054843545,0.0,0.4815569301935729,16.612781373085454,216.7006185871078,0.6601446866989136,0.6601446866989136,0.9714621305465698,0.974609375,0.740234375,0.31299760937690735,0.7585170269012451,0.3292918801307678,0.7392578125,0.5166993141174316,0.5166993141174316,0.9487590193748474,0.8993157148361206,0.5640273690223694,0.23392103612422943,0.7010869383811951,0.3678736388683319,0.5620723366737366,0.4362916052341461,0.4362916052341461,0.9175574779510498,0.7978410124778748,0.4857703745365143,0.17165547609329224,0.7293972969055176,0.2886437177658081,0.4582924544811249,0.3803386986255646,0.3803386986255646,0.8954337239265442,0.7588582634925842,0.4301181137561798,0.12280880659818649,0.7081711888313293,0.28106793761253357,0.39960628747940063,0.35073933005332947,0.35073933005332947,0.8743070960044861,0.7172414064407349,0.3921182155609131,0.08372145146131516,0.7252747416496277,0.21628603339195251,0.35960590839385986,0.3156837522983551,0.3156837522983551,0.8568132519721985,0.69852215051651,0.36748769879341125,0.05122728645801544,0.7052186131477356,0.22258973121643066,0.32413792610168457,0.28139322996139526,0.28139322996139526,0.8424457907676697,0.6426455974578857,0.32082921266555786,0.023668386042118073,0.7112135291099548,0.2426491528749466,0.28825271129608154,0.6721499562263489,0.4206382632255554
05:12:06,2,0.9394035935401917,0.6007404327392578,0.3518112897872925,1.0,0.892890989780426,0.765903651714325,0.43659597635269165,3.0592825412750244,1.000259280204773,5e-06,8.66394197079353,0.3802492916584015,0.3802492916584015,0.8754153251647949,5.421875,0.765903651714325,0.43659597635269165,0.7015034556388855,0.3518112897872925,3.48828125,0.41033563017845154,0.3802492916584015,0.6959486603736877,0.0015537620056420565,0.0,0.9231009129965759,8.666441433830187,415.39541084845916,0.6251955628395081,0.6251955628395081,0.9613534212112427,0.9638671875,0.705078125,0.32317915558815,0.7304964661598206,0.38288697600364685,0.7041015625,0.4834305942058563,0.4834305942058563,0.9284390807151794,0.8923678994178772,0.5518590807914734,0.23651328682899475,0.6907894611358643,0.4108983874320984,0.5264188051223755,0.3900708258152008,0.3900708258152008,0.895904004573822,0.8017664551734924,0.44847890734672546,0.1698283553123474,0.7319461703300476,0.333750456571579,0.42885181307792664,0.33833855390548706,0.33833855390548706,0.8685065507888794,0.7322834730148315,0.3868110179901123,0.11919622868299484,0.7002688050270081,0.29875510931015015,0.35334646701812744,0.29901671409606934,0.29901671409606934,0.8467734456062317,0.6817734241485596,0.3497537076473236,0.08006967604160309,0.6950867176055908,0.251699835062027,0.3133004903793335,0.2743271291255951,0.2743271291255951,0.8233019709587097,0.6554787755012512,0.3237907290458679,0.048702552914619446,0.6777108311653137,0.24535322189331055,0.27936822175979614,0.24788476526737213,0.24788476526737213,0.8021076321601868,0.6304348111152649,0.2865612506866455,0.022510681301355362,0.6661441922187805,0.2494892179965973,0.26284584403038025,0.6507366895675659,0.3802492916584015
05:12:15,3,0.8245763778686523,0.5186980962753296,0.31626051664352417,1.0,0.900335967540741,0.7832982540130615,0.4686315655708313,3.2588326930999756,1.148838996887207,6.666666666666667e-06,8.486788627924398,0.41677233576774597,0.41677233576774597,0.8937657475471497,5.697265625,0.7832982540130615,0.4686315655708313,0.717971682548523,0.31626051664352417,3.7314453125,0.445333331823349,0.4167722761631012,0.6660047769546509,0.001385325100272894,0.0,0.9424251971613974,8.488737381063402,424.0913387226288,0.6537078619003296,0.6537078619003296,0.9657574892044067,0.966796875,0.7275390625,0.3175205588340759,0.7454545497894287,0.34045159816741943,0.720703125,0.5352143049240112,0.5352143049240112,0.9435049891471863,0.8893241882324219,0.5945152044296265,0.2365184724330902,0.7378854751586914,0.3202173411846161,0.5729677081108093,0.44594940543174744,0.44594940543174744,0.9151873588562012,0.8213935494422913,0.5014720559120178,0.1721034049987793,0.7120668888092041,0.3036317229270935,0.47595682740211487,0.3818734586238861,0.3818734586238861,0.8903611302375793,0.769911527633667,0.429695188999176,0.1214103102684021,0.7318007946014404,0.29399746656417847,0.41101276874542236,0.3377387821674347,0.3377387821674347,0.8666119575500488,0.712598443031311,0.374015748500824,0.08132680505514145,0.6975138187408447,0.2841140031814575,0.35826772451400757,0.2995310127735138,0.2995310127735138,0.8455791473388672,0.6729063987731934,0.3487684726715088,0.048937998712062836,0.6954612135887146,0.29196488857269287,0.3064039349555969,0.260313481092453,0.260313481092453,0.8282451033592224,0.6475814580917358,0.301085889339447,0.022182440385222435,0.6859756112098694,0.3043142855167389,0.2685093879699707,0.6743852496147156,0.4167722761631012
05:12:23,4,1.154870629310608,0.7315616011619568,0.44387125968933105,1.0,0.8611695766448975,0.7563237547874451,0.402051717042923,2.7254762649536133,1.171544075012207,8.333333333333334e-06,8.385032586986199,0.34505969285964966,0.34505969285964966,0.8810377717018127,5.3125,0.7563237547874451,0.402051717042923,0.6845039129257202,0.44387125968933105,3.15234375,0.3763350248336792,0.3450597822666168,0.7100088596343994,0.0016764129977673292,0.0,0.9538254231225328,8.387279061833397,429.2214404051398,0.6118574738502502,0.6118574738502502,0.9572002291679382,0.9658203125,0.6875,0.3420514166355133,0.7047522664070129,0.4468555748462677,0.6806640625,0.46151596307754517,0.46151596307754517,0.9271972179412842,0.8679060935974121,0.5322896242141724,0.24308502674102783,0.7012401223182678,0.472692608833313,0.5225048661231995,0.3748777210712433,0.3748777210712433,0.9043644070625305,0.8064833283424377,0.44400784373283386,0.16836118698120117,0.6894031763076782,0.4468623101711273,0.40667974948883057,0.294074147939682,0.294074147939682,0.8785555362701416,0.7177974581718445,0.3451327383518219,0.1132439449429512,0.6465753316879272,0.43906649947166443,0.3126843571662903,0.2592756152153015,0.2592756152153015,0.8538340926170349,0.6920039653778076,0.30799606442451477,0.07259437441825867,0.6961483359336853,0.37977203726768494,0.2724580466747284,0.21764406561851501,0.21764406561851501,0.8323453068733215,0.6314229369163513,0.2539525628089905,0.042060889303684235,0.6776213049888611,0.4002208709716797,0.23122529685497284,0.19171571731567383,0.19171571731567383,0.8121734261512756,0.6089109182357788,0.23861385881900787,0.018603185191750526,0.660162627696991,0.3452041745185852,0.20297029614448547,0.6298563480377197,0.3450597822666168
05:12:32,5,0.9238412976264954,0.5809645652770996,0.3562852442264557,1.0,0.8904076814651489,0.7658824920654297,0.4393576681613922,3.0749006271362305,1.7987773418426514,1e-05,8.451141734607518,0.38636961579322815,0.38636961579322815,0.8902233839035034,5.384765625,0.7658824920654297,0.4393576681613922,0.6941328048706055,0.3562852442264557,3.498046875,0.41625580191612244,0.38636961579322815,0.6850115060806274,0.0018458450213074684,0.0,0.9463564827274,8.45347408298403,425.86041722733,0.6218289732933044,0.6218289732933044,0.966062068939209,0.9677734375,0.7109375,0.321844220161438,0.7114025950431824,0.39877092838287354,0.689453125,0.47905033826828003,0.47905033826828003,0.9387015700340271,0.8684985041618347,0.5377821326255798,0.23605285584926605,0.703954815864563,0.39231711626052856,0.5426889061927795,0.40071195363998413,0.40071195363998413,0.9131852984428406,0.8070865869522095,0.44389763474464417,0.17029930651187897,0.6817073225975037,0.36619406938552856,0.42716535925865173,0.35055625438690186,0.35055625438690186,0.8871555924415588,0.727541983127594,0.4057255685329437,0.1199776828289032,0.7042062282562256,0.28541678190231323,0.3692004084587097,0.3077499270439148,0.3077499270439148,0.8614815473556519,0.6824925541877747,0.3521265983581543,0.08057907223701477,0.6724637746810913,0.25998327136039734,0.3214638829231262,0.2850591838359833,0.2850591838359833,0.8396652340888977,0.6716122627258301,0.32443127036094666,0.048857856541872025,0.6907216310501099,0.22700078785419464,0.2947576642036438,0.2550904452800751,0.2550904452800751,0.8234502673149109,0.6318408250808716,0.29552239179611206,0.02238897792994976,0.6850393414497375,0.2625083029270172,0.2636815905570984,0.6468329429626465,0.38636961579322815
05:12:40,6,0.8002436757087708,0.5057966709136963,0.3046747148036957,1.0,0.9069483876228333,0.7711136341094971,0.46951043605804443,3.34079909324646,3.0578365325927734,1.1666666666666668e-05,8.491699913982302,0.4238104820251465,0.4238104820251465,0.8953161835670471,5.520874977111816,0.7711136341094971,0.46951043605804443,0.723222553730011,0.3046747148036957,3.7007951736450195,0.43930718302726746,0.4238104820251465,0.6634608507156372,0.0016012336127460003,0.0,0.9418661180412135,8.493776181945577,423.839753118546,0.6490337252616882,0.6490337252616882,0.9694414734840393,0.9642146825790405,0.7087475061416626,0.3118740916252136,0.7340205907821655,0.3531047999858856,0.705765426158905,0.5186495184898376,0.5186495184898376,0.9434331655502319,0.8804780840873718,0.5796812772750854,0.23325836658477783,0.726244330406189,0.34089288115501404,0.554780900478363,0.43594110012054443,0.43594110012054443,0.918553352355957,0.7960000038146973,0.47600001096725464,0.17139627039432526,0.7248743772506714,0.3076403737068176,0.44999998807907104,0.38250893354415894,0.38250893354415894,0.88852459192276,0.7407407164573669,0.4224224090576172,0.12298721075057983,0.7337837815284729,0.24717651307582855,0.3853853940963745,0.3557165563106537,0.3557165563106537,0.8654116988182068,0.7025125622749329,0.39899498224258423,0.08416666090488434,0.7195994257926941,0.20088708400726318,0.34773868322372437,0.3250320553779602,0.3250320553779602,0.8474568724632263,0.6784273982048035,0.3618951737880707,0.05197044089436531,0.7221396565437317,0.16394644975662231,0.3245967626571655,0.29560670256614685,0.29560670256614685,0.8325881958007812,0.631313145160675,0.33434343338012695,0.02434695139527321,0.692799985408783,0.2371993064880371,0.30202019214630127,0.6835300326347351,0.4238104820251465
05:12:48,7,0.8434777855873108,0.5330150723457336,0.3217897415161133,1.0,0.90290766954422,0.773809552192688,0.4550420045852661,3.2663140296936035,2.0181896686553955,1.3333333333333333e-05,8.369661778677255,0.4074927270412445,0.4074927270412445,0.8880141973495483,5.515625,0.773809552192688,0.4550420045852661,0.7127602100372314,0.3217897415161133,3.666015625,0.4389355778694153,0.4074927270412445,0.671074390411377,0.001828657928854227,0.0,0.9555594263046134,8.37205910985358,430.00174183707605,0.6606281399726868,0.6606281399726868,0.9706057906150818,0.9716796875,0.724609375,0.31895455718040466,0.7346733808517456,0.3563767373561859,0.7138671875,0.5212352275848389,0.5212352275848389,0.9402525424957275,0.8914955854415894,0.5796676278114319,0.2367475926876068,0.7434210777282715,0.34101060032844543,0.5845552086830139,0.4432905614376068,0.4432905614376068,0.9124610424041748,0.8266405463218689,0.49167484045028687,0.17174653708934784,0.7298578023910522,0.3041095733642578,0.4857982397079468,0.3680751323699951,0.3680751323699951,0.8845590949058533,0.7526987195014954,0.41707557439804077,0.12068720161914825,0.7144719958305359,0.2798751890659332,0.4003925323486328,0.31458303332328796,0.31458303332328796,0.856307864189148,0.7016683220863342,0.354268878698349,0.08069662004709244,0.6951048970222473,0.2697920799255371,0.34347400069236755,0.28737983107566833,0.28737983107566833,0.8342893719673157,0.6558505296707153,0.3244837820529938,0.04876599460840225,0.6686656475067139,0.2757759988307953,0.29596853256225586,0.2549631595611572,0.2549631595611572,0.8167204260826111,0.6145526170730591,0.29105210304260254,0.022401463240385056,0.6751999855041504,0.24343618750572205,0.2458210438489914,0.6676960587501526,0.4074927270412445
05:12:57,8,1.1480005979537964,0.734555721282959,0.43567946553230286,1.0,0.8674764633178711,0.7381889820098877,0.3979189991950989,2.734327554702759,2.204331636428833,1.5000000000000002e-05,8.348609356675297,0.34074458479881287,0.34074458479881287,0.8585615754127502,5.064453125,0.7381889820098877,0.3979189991950989,0.6742857098579407,0.43567946553230286,3.1103515625,0.3758436441421509,0.34074458479881287,0.714664876461029,0.0014418861828744411,0.0,0.9580075343201699,8.350665014004335,431.10339044407647,0.5749363899230957,0.5749363899230957,0.945980429649353,0.951171875,0.6513671875,0.33611467480659485,0.6837782263755798,0.48676154017448425,0.650390625,0.44497114419937134,0.44497114419937134,0.9061827659606934,0.8522505164146423,0.5078278183937073,0.24021302163600922,0.6865671873092651,0.44863229990005493,0.5019569396972656,0.3516515791416168,0.3516515791416168,0.8770169019699097,0.7634935975074768,0.40333661437034607,0.1682790219783783,0.6799485683441162,0.44155406951904297,0.38959765434265137,0.30122753977775574,0.30122753977775574,0.854008674621582,0.7083743810653687,0.35960590839385986,0.11519283801317215,0.680111289024353,0.3648494482040405,0.32315272092819214,0.25919440388679504,0.25919440388679504,0.8338449597358704,0.6406712532043457,0.3050345480442047,0.0753772184252739,0.6656394600868225,0.33814847469329834,0.27541953325271606,0.2351263016462326,0.2351263016462326,0.8051075339317322,0.6415841579437256,0.29009902477264404,0.044665005058050156,0.6527777910232544,0.3428243100643158,0.250495046377182,0.2138352394104004,0.2138352394104004,0.7858715057373047,0.6055500507354736,0.2636273503303528,0.02015821449458599,0.6595744490623474,0.29673147201538086,0.2348860204219818,0.6164268255233765,0.34074458479881287
05:13:05,9,1.1120505332946777,0.6957305073738098,0.4356446862220764,1.0,0.8663400411605835,0.7509121298789978,0.3975582420825958,2.7877001762390137,2.5092971324920654,1.6666666666666667e-05,8.277291997801512,0.3469112515449524,0.3469112515449524,0.872601330280304,5.271484375,0.7509121298789978,0.3975582420825958,0.668660044670105,0.4356446862220764,3.177734375,0.3742632567882538,0.3469112515449524,0.7090452909469604,0.0017365699168294668,0.0,0.9662144282715647,8.279735601041466,434.7964927222041,0.5944362878799438,0.5944362878799438,0.956246018409729,0.9638671875,0.6650390625,0.3347790241241455,0.6838905811309814,0.4616805613040924,0.6591796875,0.4440292716026306,0.4440292716026306,0.9209915399551392,0.8435972332954407,0.5053763389587402,0.23982647061347961,0.6813441514968872,0.43635591864585876,0.4868035316467285,0.35595035552978516,0.35595035552978516,0.8938851356506348,0.790606677532196,0.40704500675201416,0.16858980059623718,0.6509901285171509,0.4684929847717285,0.37964776158332825,0.3010505437850952,0.3010505437850952,0.8634151816368103,0.7315634489059448,0.3411996066570282,0.11583610624074936,0.6666666865348816,0.3919978439807892,0.3333333432674408,0.2773198187351227,0.2773198187351227,0.8414652943611145,0.674876868724823,0.32413792610168457,0.07598097622394562,0.6773722767829895,0.3255530297756195,0.2926108241081238,0.23694181442260742,0.23694181442260742,0.8217607736587524,0.6485686302185059,0.28430405259132385,0.04481647536158562,0.6438356041908264,0.44217991828918457,0.2458045482635498,0.21511222422122955,0.21511222422122955,0.8089049458503723,0.5998023748397827,0.25197628140449524,0.02017113007605076,0.6688632369041443,0.34506848454475403,0.2183794528245926,0.6176653504371643,0.3469112515449524
05:13:13,10,1.0391799211502075,0.6587622165679932,0.3969934284687042,1.0,0.87743079662323,0.7606777548789978,0.41072678565979004,2.8463118076324463,1.2029268741607666,1.8333333333333333e-05,8.281206942163408,0.3532452881336212,0.3532452881336212,0.8675374388694763,5.4140625,0.7606777548789978,0.41072678565979004,0.6886966228485107,0.3969934284687042,3.349609375,0.3936423361301422,0.3532452881336212,0.7032826542854309,0.0015683912206441164,0.0,0.9657829365068633,8.28343481500633,434.6023214280885,0.6191415190696716,0.6191415190696716,0.9611393213272095,0.96484375,0.6962890625,0.3350440561771393,0.7176113128662109,0.4162408411502838,0.6923828125,0.46880051493644714,0.46880051493644714,0.926384687423706,0.8904109597206116,0.5391389727592468,0.2408638745546341,0.6846153736114502,0.4466126561164856,0.514677107334137,0.37472155690193176,0.37472155690193176,0.8921715617179871,0.8023483157157898,0.43444228172302246,0.169344961643219,0.707317054271698,0.37640994787216187,0.41389432549476624,0.31575658917427063,0.31575658917427063,0.8617845177650452,0.7247796058654785,0.38197845220565796,0.11586342006921768,0.7067567706108093,0.3452068567276001,0.3535749316215515,0.26665613055229187,0.26665613055229187,0.8335219025611877,0.6800785064697266,0.3179587721824646,0.07530277222394943,0.6911976933479309,0.3119685649871826,0.30323848128318787,0.22805243730545044,0.22805243730545044,0.8088330626487732,0.650934100151062,0.27236971259117126,0.04406149685382843,0.6555891036987305,0.3294266164302826,0.2566371560096741,0.19724871218204498,0.19724871218204498,0.7878833413124084,0.6092519760131836,0.2303149551153183,0.019519424065947533,0.6348949670791626,0.3794746994972229,0.218503937125206,0.634660005569458,0.3532452881336212
05:13:22,11,0.9138842821121216,0.5581100583076477,0.368316113948822,1.0,0.8867105841636658,0.7781219482421875,0.44854286313056946,3.0608062744140625,1.2808046340942383,2e-05,8.257782089989632,0.3899413049221039,0.3899413049221039,0.8869828581809998,5.576171875,0.7781219482421875,0.44854286313056946,0.7083408832550049,0.368316113948822,3.48828125,0.42475011944770813,0.3899413049221039,0.6822006106376648,0.0018268243875354528,0.0,0.9685048610009777,8.260154721094295,435.82718745043996,0.6325219869613647,0.6325219869613647,0.9731594324111938,0.974609375,0.716796875,0.3241751492023468,0.7234469056129456,0.397810161113739,0.705078125,0.5020793080329895,0.5020793080329895,0.9467048645019531,0.8864970803260803,0.5821917653083801,0.23796996474266052,0.7306843400001526,0.3800768554210663,0.5782778859138489,0.41544705629348755,0.41544705629348755,0.9128450155258179,0.8182711005210876,0.4705304503440857,0.1708337962627411,0.691476583480835,0.376249760389328,0.4420432150363922,0.355135440826416,0.355135440826416,0.8803393840789795,0.7482724785804749,0.41066139936447144,0.1191369891166687,0.7097625136375427,0.32000216841697693,0.38499507308006287,0.31228628754615784,0.31228628754615784,0.8526832461357117,0.7131552696228027,0.36795252561569214,0.07905159890651703,0.708737850189209,0.31431910395622253,0.33036598563194275,0.2624671459197998,0.2624671459197998,0.8299683928489685,0.6607142686843872,0.2946428656578064,0.04729686677455902,0.672672688961029,0.31253254413604736,0.2767857015132904,0.2442500740289688,0.2442500740289688,0.8107849359512329,0.6405164003372192,0.2909632623195648,0.02153567224740982,0.7100775241851807,0.29216140508651733,0.2492552101612091,0.6496879458427429,0.3899413049221039
05:13:30,12,1.1811656951904297,0.7426465153694153,0.46064916253089905,1.0,0.8589422702789307,0.75443035364151,0.4071730077266693,2.696552276611328,2.355164051055908,2e-05,8.628753972705454,0.3419674038887024,0.3419674038887024,0.8724142909049988,5.263671875,0.75443035364151,0.4071730077266693,0.6607009768486023,0.46064916253089905,3.1279296875,0.3715893030166626,0.3419674038887024,0.7113773226737976,0.0015895962715148926,0.0,0.9269115233842078,8.63081297208555,417.1101855228935,0.5971871614456177,0.5971871614456177,0.9601219892501831,0.9658203125,0.681640625,0.3409903049468994,0.7027300596237183,0.48337700963020325,0.677734375,0.4410233199596405,0.4410233199596405,0.9233800172805786,0.8697355389595032,0.5259549617767334,0.2415892779827118,0.6734234094619751,0.5003641843795776,0.5063663125038147,0.35629215836524963,0.35629215836524963,0.8991899490356445,0.7809430360794067,0.41552063822746277,0.167717844247818,0.6578616499900818,0.4658763110637665,0.3821218013763428,0.3027620315551758,0.3027620315551758,0.872252881526947,0.7315634489059448,0.3638151288032532,0.11355189979076385,0.6720430254936218,0.3961263597011566,0.3176007866859436,0.2546433210372925,0.2546433210372925,0.841468334197998,0.6775147914886475,0.3086785078048706,0.07341839373111725,0.6200873255729675,0.41878825426101685,0.2504931092262268,0.22753123939037323,0.22753123939037323,0.8151575922966003,0.6326732635498047,0.29009902477264404,0.043286826461553574,0.6400625705718994,0.3053945004940033,0.23762376606464386,0.20969630777835846,0.20969630777835846,0.7931563258171082,0.6182902455329895,0.25944334268569946,0.019445521757006645,0.6318327784538269,0.3578871190547943,0.22365805506706238,0.6089083552360535,0.3419674038887024
05:13:39,13,0.8955061435699463,0.5494643449783325,0.3579171895980835,1.0,0.890743613243103,0.7796275615692139,0.45316025614738464,3.129067897796631,1.9396023750305176,2e-05,8.413172643166035,0.39887914061546326,0.39887914061546326,0.8862012028694153,5.6162109375,0.7796275615692139,0.45316025614738464,0.7102786898612976,0.3579171895980835,3.52734375,0.41930022835731506,0.39887914061546326,0.6742167472839355,0.001539174234494567,0.0,0.9506603827047717,8.415202890057117,427.7971722171473,0.6402183175086975,0.6402183175086975,0.9658774733543396,0.96875,0.71484375,0.321486234664917,0.7399193644523621,0.38768288493156433,0.716796875,0.5029771327972412,0.5029771327972412,0.9373959898948669,0.8900883197784424,0.5652600526809692,0.23658980429172516,0.7122381329536438,0.386381596326828,0.5407261848449707,0.4190482497215271,0.4190482497215271,0.9071124196052551,0.8226600885391235,0.4729064106941223,0.1707005500793457,0.6718562841415405,0.37387925386428833,0.4246305525302887,0.35955941677093506,0.35955941677093506,0.8777590394020081,0.7425742745399475,0.407920777797699,0.11999773234128952,0.718666672706604,0.2924257814884186,0.37029704451560974,0.3130941689014435,0.3130941689014435,0.855523407459259,0.6878097057342529,0.3528245687484741,0.08037105202674866,0.7060518860816956,0.2745722830295563,0.3211100101470947,0.29013338685035706,0.29013338685035706,0.8353447318077087,0.6881827116012573,0.34558093547821045,0.04854544252157211,0.701298713684082,0.3036971390247345,0.2909632623195648,0.26152658462524414,0.26152658462524414,0.8221696615219116,0.6523904204368591,0.306772917509079,0.0223091971129179,0.7160305380821228,0.24817058444023132,0.26394420862197876,0.6612810492515564,0.39887914061546326
05:13:47,14,1.1464070081710815,0.7244889736175537,0.44253912568092346,1.0,0.8633270859718323,0.747576892375946,0.39176851511001587,2.7450876235961914,1.977617859840393,2e-05,8.39997435756959,0.33773452043533325,0.33773452043533325,0.8597355484962463,5.2822265625,0.747576892375946,0.39176851511001587,0.666102945804596,0.44253912568092346,3.18359375,0.372945636510849,0.33773452043533325,0.7146781086921692,0.0015604556538164616,0.0,0.9521463618835287,8.402069597970694,428.46586284758797,0.5978145003318787,0.5978145003318787,0.9568876028060913,0.94921875,0.6650390625,0.3403712809085846,0.6965020298957825,0.44855281710624695,0.6611328125,0.4636743664741516,0.4636743664741516,0.9175547361373901,0.8647058606147766,0.5392156839370728,0.2426241785287857,0.6938775777816772,0.44839367270469666,0.5,0.3578666150569916,0.3578666150569916,0.8857102990150452,0.7890088558197021,0.4180569052696228,0.16864900290966034,0.6567164063453674,0.4595094323158264,0.4003925323486328,0.29724037647247314,0.29724037647247314,0.8520693778991699,0.7229862213134766,0.35658153891563416,0.11387261003255844,0.6589673757553101,0.43217918276786804,0.3290766179561615,0.2455809861421585,0.2455809861421585,0.8243852853775024,0.6801180839538574,0.28740158677101135,0.07308417558670044,0.6468885540962219,0.43971893191337585,0.2805117964744568,0.21143336594104767,0.21143336594104767,0.8008220791816711,0.6426455974578857,0.2497532069683075,0.042483922094106674,0.6436251997947693,0.3921728730201721,0.24185587465763092,0.18659363687038422,0.18659363687038422,0.7789344191551208,0.5807730555534363,0.22200198471546173,0.01891482248902321,0.6433447003364563,0.27985087037086487,0.19326065480709076,0.6133065819740295,0.33773452043533325
05:13:55,15,1.1375960111618042,0.7170655131340027,0.4401516318321228,1.0,0.866667628288269,0.746846079826355,0.3961312174797058,2.744292974472046,1.966097354888916,2e-05,8.430873152101412,0.33933892846107483,0.33933892846107483,0.8609960079193115,5.2724609375,0.746846079826355,0.3961312174797058,0.6783033013343811,0.4401516318321228,3.21484375,0.38099244236946106,0.33933892846107483,0.7149766683578491,0.0016635628417134285,0.0,0.948649713270934,8.433038969058543,426.8923709719203,0.6089414358139038,0.6089414358139038,0.9613130688667297,0.9755859375,0.6845703125,0.3402394950389862,0.6996996998786926,0.46122443675994873,0.6826171875,0.44006624817848206,0.44006624817848206,0.9228799939155579,0.8726738691329956,0.5053868889808655,0.24174033105373383,0.6846240162849426,0.4877004325389862,0.5063663125038147,0.36302995681762695,0.36302995681762695,0.8896077275276184,0.7921568751335144,0.4205882251262665,0.16835454106330872,0.6918317079544067,0.42959293723106384,0.40980392694473267,0.3053058385848999,0.3053058385848999,0.8535032868385315,0.7379783987998962,0.363101065158844,0.11396254599094391,0.6875,0.3653236925601959,0.344455361366272,0.24383023381233215,0.24383023381233215,0.8232507109642029,0.656833827495575,0.2890855371952057,0.07341734319925308,0.660179615020752,0.3958562910556793,0.28318583965301514,0.21837687492370605,0.21837687492370605,0.7965635061264038,0.6135693192481995,0.2704031467437744,0.04303724318742752,0.6538461446762085,0.3361971080303192,0.22910520434379578,0.19342359900474548,0.19342359900474548,0.7787690758705139,0.5767716765403748,0.23720473051071167,0.019248483702540398,0.6484641432762146,0.3600095212459564,0.20866142213344574,0.6223176717758179,0.33933892846107483
05:14:04,16,0.8326453566551208,0.5130446553230286,0.3296862244606018,1.0,0.8974713087081909,0.7848207950592041,0.44989457726478577,3.188983678817749,0.6869293451309204,2e-05,8.405991786392406,0.39777544140815735,0.39777544140815735,0.87100750207901,5.6943359375,0.7848207950592041,0.44989457726478577,0.7082736492156982,0.3296862244606018,3.6748046875,0.4448348581790924,0.39777544140815735,0.6758370399475098,0.0018101860769093037,0.0,0.9514219905994357,8.40846656798385,428.13989576974603,0.6460253596305847,0.6460253596305847,0.9668201804161072,0.96875,0.7138671875,0.31909888982772827,0.7379032373428345,0.35303983092308044,0.71484375,0.5043213367462158,0.5043213367462158,0.9311160445213318,0.8904109597206116,0.5616438388824463,0.2361149787902832,0.7186813354492188,0.34381037950515747,0.568493127822876,0.41891342401504517,0.41891342401504517,0.8932411670684814,0.8186274766921997,0.47156861424446106,0.17137059569358826,0.7197604775428772,0.30539050698280334,0.47549018263816833,0.367762953042984,0.367762953042984,0.8640413284301758,0.751968502998352,0.41633859276771545,0.12095771729946136,0.727748692035675,0.2998502552509308,0.4064960777759552,0.31858882308006287,0.31858882308006287,0.8363827466964722,0.7374136447906494,0.3761105537414551,0.08106587827205658,0.6894243359565735,0.3198636472225189,0.35735440254211426,0.2786113917827606,0.2786113917827606,0.8115173578262329,0.6834816932678223,0.3194856643676758,0.04896898567676544,0.6816208362579346,0.2854483425617218,0.30959445238113403,0.24566955864429474,0.24566955864429474,0.7917957901954651,0.6392467617988586,0.2854311168193817,0.022423001006245613,0.6604651212692261,0.31239843368530273,0.27651140093803406,0.6551443934440613,0.39777544140815735
05:14:12,17,0.8873372077941895,0.5347906947135925,0.3631642758846283,1.0,0.8888155221939087,0.7931421995162964,0.4523608684539795,3.0971200466156006,0.6093094944953918,2e-05,8.316184545168653,0.3911052644252777,0.3911052644252777,0.8788867592811584,5.7509765625,0.7931421995162964,0.4523608684539795,0.7030474543571472,0.3631642758846283,3.5908203125,0.4288926422595978,0.39110520482063293,0.6792359948158264,0.0013634548522531986,0.0,0.9617597750825526,8.318085458828136,432.7918987871487,0.6544350385665894,0.6544350385665894,0.9752748012542725,0.9833984375,0.7294921875,0.32551467418670654,0.7368420958518982,0.36874791979789734,0.724609375,0.5118553638458252,0.5118553638458252,0.9414688348770142,0.9157688617706299,0.585700273513794,0.2386198192834854,0.7219251394271851,0.38989049196243286,0.5719882249832153,0.41751742362976074,0.41751742362976074,0.9051042199134827,0.8361138105392456,0.4867517054080963,0.1707799881696701,0.7030516266822815,0.37243756651878357,0.4543670117855072,0.34632185101509094,0.34632185101509094,0.8718828558921814,0.7795275449752808,0.4114173352718353,0.11860968917608261,0.7045454382896423,0.35656753182411194,0.3818897604942322,0.3032146096229553,0.3032146096229553,0.8460926413536072,0.7093595862388611,0.3615763485431671,0.07847443222999573,0.699999988079071,0.29451996088027954,0.3408867120742798,0.26934441924095154,0.26934441924095154,0.8163883686065674,0.6887351870536804,0.3181818127632141,0.04675550013780594,0.6872310042381287,0.3000138998031616,0.2865612506866455,0.2306310534477234,0.2306310534477234,0.7939879894256592,0.6352824568748474,0.2685827612876892,0.021245814859867096,0.6411856412887573,0.315507709980011,0.23686818778514862,0.6454729437828064,0.39110520482063293
05:14:21,18,1.1356624364852905,0.7163668870925903,0.4386462867259979,1.0,0.8625544905662537,0.7403338551521301,0.38907119631767273,2.715609073638916,0.9119230508804321,2e-05,8.34527756110765,0.33042439818382263,0.33042439818382263,0.8379623293876648,5.262636184692383,0.7403338551521301,0.38907119631767273,0.661013662815094,0.4386462867259979,3.166501522064209,0.3635326027870178,0.33042439818382263,0.7220560908317566,0.0016087486874312162,0.0,0.958385488379798,8.347371800802648,431.2734697709091,0.5975551009178162,0.5975551009178162,0.9594004154205322,0.9762140512466431,0.6699702739715576,0.3411378860473633,0.6842639446258545,0.45220285654067993,0.667988121509552,0.44063952565193176,0.44063952565193176,0.9103007912635803,0.8629592657089233,0.5124130845069885,0.24177968502044678,0.6962025165557861,0.4861689805984497,0.5114200711250305,0.3350659906864166,0.3350659906864166,0.8675931692123413,0.7803180813789368,0.38667991757392883,0.16749635338783264,0.6305732727050781,0.4724256694316864,0.37972167134284973,0.2842317521572113,0.2842317521572113,0.8272981643676758,0.7042956948280334,0.3476523458957672,0.11341070383787155,0.673758864402771,0.38412731885910034,0.3106893002986908,0.2468917816877365,0.2468917816877365,0.7926812171936035,0.6603206396102905,0.292585164308548,0.07351841777563095,0.6449165344238281,0.34257006645202637,0.25150302052497864,0.21144095063209534,0.21144095063209534,0.763161838054657,0.6034136414527893,0.2620481848716736,0.043213799595832825,0.6522462368011475,0.299115389585495,0.21887549757957458,0.19223983585834503,0.19223983585834503,0.7423794865608215,0.5897177457809448,0.24697580933570862,0.019443096593022346,0.6222222447395325,0.2667819559574127,0.19858871400356293,0.6014406681060791,0.33042439818382263
05:14:29,19,1.0342795848846436,0.639260470867157,0.4098908603191376,1.0,0.8736686110496521,0.7839385271072388,0.43061622977256775,2.933259963989258,1.040763258934021,2e-05,8.277753483504057,0.3756874203681946,0.3756874203681946,0.8796891570091248,5.666666507720947,0.7839385271072388,0.43061622977256775,0.6928694844245911,0.4098908603191376,3.42946720123291,0.41238510608673096,0.3756874203681946,0.6895155310630798,0.0015994806308299303,0.0,0.9659402629365395,8.282085659913719,434.67311832144276,0.6621270775794983,0.6621270775794983,0.9650358557701111,0.9780564308166504,0.7199581861495972,0.3386646807193756,0.7393162250518799,0.3741198182106018,0.7220480442047119,0.5160790681838989,0.5160790681838989,0.9361225366592407,0.903563916683197,0.5901467800140381,0.2443642020225525,0.7296983599662781,0.4116358458995819,0.5712788105010986,0.4072389602661133,0.4072389602661133,0.9066470861434937,0.8264984488487244,0.4710830748081207,0.17054422199726105,0.6997455358505249,0.41138094663619995,0.44794952869415283,0.3356836140155792,0.3356836140155792,0.875176727771759,0.7616033554077148,0.3829113841056824,0.11455962061882019,0.68282550573349,0.4480980336666107,0.37025317549705505,0.2734212279319763,0.2734212279319763,0.8479883670806885,0.7058200836181641,0.32380953431129456,0.07265167683362961,0.6476761698722839,0.476064532995224,0.2994709014892578,0.23196710646152496,0.23196710646152496,0.8239346742630005,0.6613588333129883,0.274946928024292,0.041337352246046066,0.6709470152854919,0.45670849084854126,0.25583863258361816,0.19684487581253052,0.19684487581253052,0.8005449175834656,0.6457446813583374,0.24468085169792175,0.017878225073218346,0.6441515684127808,0.4750642478466034,0.21276596188545227,0.6439029574394226,0.3756874203681946
05:14:37,20,1.2675875425338745,0.8138700127601624,0.4778748154640198,1.0,0.8526120781898499,0.7403616905212402,0.3736155927181244,2.5511651039123535,0.9590845108032227,2e-05,8.313908114098012,0.3131886422634125,0.3131886422634125,0.8337845802307129,5.2021484375,0.7403616905212402,0.3736155927181244,0.6748721599578857,0.4778748154640198,3.0615234375,0.3492219150066376,0.3131886422634125,0.7326885461807251,0.001631678780540824,0.0,0.9619966959550249,8.316036877920851,432.8985131797612,0.5899085402488708,0.5899085402488708,0.9545092582702637,0.962890625,0.689453125,0.3521231412887573,0.7058823704719543,0.4740947484970093,0.6796875,0.4280059039592743,0.4280059039592743,0.9079892635345459,0.8720703125,0.4970703125,0.24542362987995148,0.6752519607543945,0.5082675814628601,0.4833984375,0.32981452345848083,0.32981452345848083,0.8619009256362915,0.7766895294189453,0.3986288011074066,0.16651441156864166,0.6721311211585999,0.48300138115882874,0.38197845220565796,0.26300832629203796,0.26300832629203796,0.820833146572113,0.7180746793746948,0.3133595287799835,0.10986115038394928,0.6634746789932251,0.48197251558303833,0.2868369221687317,0.22486844658851624,0.22486844658851624,0.7867001295089722,0.6725663542747498,0.26450344920158386,0.06928128004074097,0.6739766001701355,0.42650383710861206,0.23500491678714752,0.18694043159484863,0.18694043159484863,0.7626438140869141,0.6137930750846863,0.23152709007263184,0.039549048990011215,0.6484751105308533,0.41962677240371704,0.20000000298023224,0.1663820594549179,0.1663820594549179,0.7400591373443604,0.5631163716316223,0.216962531208992,0.01724737323820591,0.6690017580986023,0.37169915437698364,0.17357002198696136,0.6119133830070496,0.3131886422634125
05:14:45,21,1.3009672164916992,0.8354036808013916,0.491946280002594,1.0,0.852249264717102,0.7284488677978516,0.37181830406188965,2.5502266883850098,0.9781321883201599,2e-05,8.322064739884809,0.3037748336791992,0.3037748336791992,0.8185631632804871,5.0986328125,0.7284488677978516,0.37181830406188965,0.650772213935852,0.491946280002594,3.0419921875,0.358739972114563,0.3037748634815216,0.7392417192459106,0.0016846347134560347,0.0,0.9610420241866774,8.3242977920454,432.4689108840048,0.5776186585426331,0.5776186585426331,0.9467310905456543,0.9541015625,0.6640625,0.35172489285469055,0.7011259198188782,0.4925121068954468,0.6689453125,0.4192028045654297,0.4192028045654297,0.8985840082168579,0.8521057963371277,0.49069538712501526,0.24463333189487457,0.6586207151412964,0.5282794833183289,0.4857982397079468,0.31302136182785034,0.31302136182785034,0.8514089584350586,0.7708947658538818,0.3844641149044037,0.16578517854213715,0.6556122303009033,0.5374166369438171,0.37463125586509705,0.24798285961151123,0.24798285961151123,0.806208610534668,0.6975369453430176,0.3103448152542114,0.10982347279787064,0.6172316670417786,0.47410598397254944,0.3054187297821045,0.21659071743488312,0.21659071743488312,0.7720959186553955,0.6469427943229675,0.2869822382926941,0.06989691406488419,0.6539633870124817,0.3870139718055725,0.2662721872329712,0.18459077179431915,0.18459077179431915,0.7395113110542297,0.6057312488555908,0.24308300018310547,0.04033995792269707,0.6182708144187927,0.3536810278892517,0.2193675935268402,0.1628780961036682,0.1628780961036682,0.7127190232276917,0.567460298538208,0.2182539701461792,0.01779620349407196,0.618881106376648,0.36146673560142517,0.1855158656835556,0.5881804823875427,0.3037748634815216
05:14:54,22,1.1952170133590698,0.7666704654693604,0.4511226713657379,1.0,0.8632634282112122,0.7372334599494934,0.39267677068710327,2.6515755653381348,1.1181784868240356,2e-05,8.432962119346485,0.3242567479610443,0.3242567479610443,0.8250378966331482,5.2265625,0.7372334599494934,0.39267677068710327,0.6759276986122131,0.4511226713657379,3.15234375,0.36994948983192444,0.32425665855407715,0.7250694632530212,0.0015777598600834608,0.0,0.9484218085385523,8.435065419180319,426.78981384234856,0.605282723903656,0.605282723903656,0.9507585167884827,0.95703125,0.681640625,0.3460489809513092,0.7091836929321289,0.4470506012439728,0.6787109375,0.42706143856048584,0.42706143856048584,0.9043959975242615,0.8697355389595032,0.49167484045028687,0.24331034719944,0.6734234094619751,0.5167668461799622,0.49167484045028687,0.3448405861854553,0.3448405861854553,0.8513906002044678,0.7762512564659119,0.43473994731903076,0.16740645468235016,0.6927939057350159,0.4272255003452301,0.3945044279098511,0.2729749381542206,0.2729749381542206,0.8054691553115845,0.7053045034408569,0.3369351625442505,0.1120297759771347,0.6518105864524841,0.44569164514541626,0.31041258573532104,0.239692822098732,0.239692822098732,0.7770316004753113,0.6470009684562683,0.3008849620819092,0.07160397619009018,0.6960486173629761,0.35885459184646606,0.2822025418281555,0.1962532252073288,0.1962532252073288,0.7517409324645996,0.6053149700164795,0.2568897604942322,0.04130648821592331,0.6504064798355103,0.4165266156196594,0.22047244012355804,0.18067198991775513,0.18067198991775513,0.732833743095398,0.597235918045044,0.24284304678440094,0.018293961882591248,0.6363636255264282,0.3119506537914276,0.20829220116138458,0.6107895970344543,0.32425665855407715
05:15:03,23,1.2388551235198975,0.8275947570800781,0.4365188479423523,1.0,0.8604885935783386,0.7079658508300781,0.37225255370140076,2.6120827198028564,0.7949551939964294,2e-05,8.673421311192214,0.3047373592853546,0.3047373592853546,0.7853837013244629,4.90234375,0.7079658508300781,0.37225255370140076,0.6616570949554443,0.4365188479423523,2.9775390625,0.34705305099487305,0.3047373592853546,0.7418659329414368,0.0015351800248026848,0.0,0.9221264401178774,8.675599843962118,414.9568980530448,0.5686392784118652,0.5686392784118652,0.9309515357017517,0.9453125,0.6435546875,0.3441692590713501,0.6766529083251953,0.4801522493362427,0.6376953125,0.40160349011421204,0.40160349011421204,0.8664476275444031,0.8326810002326965,0.4726027250289917,0.24131500720977783,0.6674500703811646,0.47363704442977905,0.45890411734580994,0.31625229120254517,0.31625229120254517,0.8195622563362122,0.7387475371360779,0.4001956880092621,0.16645778715610504,0.6741721630096436,0.4242560863494873,0.37181997299194336,0.254258930683136,0.254258930683136,0.7714871168136597,0.6696078181266785,0.3117647171020508,0.11245863139629364,0.6573938727378845,0.3851171135902405,0.2911764681339264,0.21702991425991058,0.21702991425991058,0.7314171195030212,0.6225489974021912,0.2803921699523926,0.0729944258928299,0.6488189101219177,0.32424527406692505,0.23823529481887817,0.19764144718647003,0.19764144718647003,0.7009044885635376,0.6005887985229492,0.25711482763290405,0.04311976954340935,0.673202633857727,0.2984355390071869,0.22865554690361023,0.17587845027446747,0.17587845027446747,0.6756057739257812,0.5442913174629211,0.2381889820098877,0.019485196098685265,0.6166365146636963,0.2667931020259857,0.20078739523887634,0.596098780632019,0.3047373592853546
05:15:11,24,0.9289422035217285,0.5879809260368347,0.3544391393661499,1.0,0.8888458013534546,0.7629039287567139,0.4374038279056549,3.0374832153320312,1.3306933641433716,2e-05,8.334082465386018,0.36907458305358887,0.36907458305358887,0.8310330510139465,5.4873046875,0.7629039287567139,0.4374038279056549,0.7026035785675049,0.3544391393661499,3.439453125,0.40537136793136597,0.36907461285591125,0.6942736506462097,0.0018011678475886583,0.0,0.9596317646856887,8.336531047010794,431.8342941085599,0.6455317735671997,0.6455317735671997,0.9580631852149963,0.966796875,0.724609375,0.32837557792663574,0.7494949698448181,0.3583150804042816,0.724609375,0.48533523082733154,0.48533523082733154,0.90478515625,0.8817204236984253,0.5659824013710022,0.23887735605239868,0.72062087059021,0.39384663105010986,0.5542522072792053,0.38504931330680847,0.38504931330680847,0.855654776096344,0.80840665102005,0.4477028250694275,0.16989131271839142,0.677146315574646,0.3788052201271057,0.4134897291660309,0.3197888433933258,0.3197888433933258,0.8202658295631409,0.7243402004241943,0.3841642141342163,0.1176363080739975,0.6815114617347717,0.32732707262039185,0.3372434079647064,0.27269768714904785,0.27269768714904785,0.7874557971954346,0.6761252284049988,0.3307240605354309,0.07762283086776733,0.6989869475364685,0.28417664766311646,0.28277885913848877,0.24994823336601257,0.24994823336601257,0.7571237683296204,0.6673209071159363,0.31599608063697815,0.04643659666180611,0.679411768913269,0.26617830991744995,0.2679097056388855,0.2232002466917038,0.2232002466917038,0.7326574921607971,0.6137930750846863,0.29064038395881653,0.021160021424293518,0.6902086734771729,0.23570528626441956,0.25517240166664124,0.6437379717826843,0.36907461285591125
05:15:19,25,0.7673483490943909,0.46555253863334656,0.3094845712184906,1.0,0.9056355357170105,0.8100267648696899,0.48598790168762207,3.3336710929870605,1.76274573802948,2e-05,8.30099130072631,0.42192965745925903,0.42192965745925903,0.8618853688240051,5.91015625,0.8100267648696899,0.48598790168762207,0.7273991703987122,0.3094845712184906,3.8134765625,0.46472328901290894,0.4219296872615814,0.6642553806304932,0.0016575076151639223,0.0,0.9634885549547656,8.30316038406454,433.5698497296445,0.682483434677124,0.682483434677124,0.9701166749000549,0.982421875,0.7490234375,0.3171987533569336,0.7654075622558594,0.31350260972976685,0.751953125,0.5335342288017273,0.5335342288017273,0.9294259548187256,0.9205882549285889,0.6068627238273621,0.2362465113401413,0.7326943278312683,0.3495467007160187,0.5862745046615601,0.45264801383018494,0.45264801383018494,0.8894351720809937,0.8554572463035583,0.5201573371887207,0.1721583604812622,0.7344827651977539,0.29983827471733093,0.4965585172176361,0.38744056224823,0.38744056224823,0.8510745763778687,0.7946692705154419,0.45607107877731323,0.1216251477599144,0.7093167901039124,0.2907468378543854,0.4146100580692291,0.3276975452899933,0.3276975452899933,0.820559561252594,0.7316831946372986,0.3851485252380371,0.08138405531644821,0.7198917269706726,0.2685321271419525,0.3584158420562744,0.2992553114891052,0.2992553114891052,0.7962904572486877,0.7046580910682678,0.35579782724380493,0.04902900010347366,0.7144866585731506,0.24215935170650482,0.3359762132167816,0.2651899456977844,0.2651899456977844,0.7737281918525696,0.6765872836112976,0.32341268658638,0.022358106449246407,0.6979472041130066,0.2896435856819153,0.3035714328289032,0.671565055847168,0.4219296872615814
05:15:27,26,1.1094248294830322,0.7044428586959839,0.42334580421447754,1.0,0.8693152070045471,0.7428290247917175,0.39566928148269653,2.785935878753662,0.7863556742668152,2e-05,8.275348178576678,0.3315429985523224,0.3315429985523224,0.8090320229530334,5.2177734375,0.7428290247917175,0.39566928148269653,0.6628809571266174,0.42334580421447754,3.197265625,0.3679696321487427,0.3315429985523224,0.7285892963409424,0.0017380346544086933,0.0,0.9664639966107661,8.277597539126873,434.90879847484473,0.6013224124908447,0.6013224124908447,0.9499695301055908,0.9638671875,0.681640625,0.33690786361694336,0.7031408548355103,0.4449180066585541,0.677734375,0.435078501701355,0.435078501701355,0.8938614726066589,0.8550440669059753,0.5044074654579163,0.2400977462530136,0.6712485551834106,0.457658052444458,0.4877570867538452,0.3417097330093384,0.3417097330093384,0.8367870450019836,0.7941176295280457,0.4019607901573181,0.16805724799633026,0.6592592597007751,0.4284181594848633,0.38823530077934265,0.2863057851791382,0.2863057851791382,0.7944849133491516,0.7121807336807251,0.34774067997932434,0.11497543752193451,0.6579310297966003,0.3808792233467102,0.324165016412735,0.24340514838695526,0.24340514838695526,0.7583485841751099,0.6577908992767334,0.30276134610176086,0.07520423829555511,0.6551724076271057,0.35311323404312134,0.25542405247688293,0.21770280599594116,0.21770280599594116,0.7265464663505554,0.6168316602706909,0.2940593957901001,0.04458049312233925,0.6452648639678955,0.33335453271865845,0.22871287167072296,0.1903170943260193,0.1903170943260193,0.6998489499092102,0.5950248837471008,0.23184078931808472,0.02017693594098091,0.6220735907554626,0.284807950258255,0.20796020328998566,0.6013403534889221,0.3315429985523224
05:15:36,27,0.837557315826416,0.5152614712715149,0.33259111642837524,1.0,0.8962678909301758,0.7787498235702515,0.45731621980667114,3.18565034866333,1.3616834878921509,2e-05,8.300311195664108,0.39541709423065186,0.39541709423065186,0.8431394100189209,5.6845703125,0.7787498235702515,0.45731621980667114,0.7064685821533203,0.33259111642837524,3.6171875,0.4334697425365448,0.39541706442832947,0.6766363978385925,0.0016754134558141232,0.0,0.9635631618305618,8.302517486037686,433.6034228237528,0.6560508608818054,0.6560508608818054,0.9656067490577698,0.9736328125,0.7216796875,0.32156115770339966,0.7392176389694214,0.3655046820640564,0.7197265625,0.5185084342956543,0.5185084342956543,0.922462522983551,0.8881255984306335,0.5878311991691589,0.23707079887390137,0.7303867340087891,0.3484078049659729,0.5740922689437866,0.41714900732040405,0.41714900732040405,0.8751481175422668,0.8214989900588989,0.4842209219932556,0.17077243328094482,0.7190876603126526,0.33720797300338745,0.4575936794281006,0.3526865541934967,0.3526865541934967,0.8321675658226013,0.752720057964325,0.42037585377693176,0.11988649517297745,0.7095926403999329,0.2861742079257965,0.3788328468799591,0.30641666054725647,0.30641666054725647,0.7967854142189026,0.7063491940498352,0.3611111044883728,0.08020856976509094,0.6966292262077332,0.26299169659614563,0.3422619104385376,0.26700979471206665,0.26700979471206665,0.7659134864807129,0.6663356423377991,0.3237338662147522,0.04835369065403938,0.6602086424827576,0.27381184697151184,0.28401193022727966,0.2438870370388031,0.2438870370388031,0.7404409646987915,0.6374502182006836,0.29581671953201294,0.02214680425822735,0.660937488079071,0.25547531247138977,0.2709163427352905,0.6489119529724121,0.39541706442832947
05:15:44,28,0.9010456204414368,0.559661328792572,0.353057861328125,1.0,0.8901897072792053,0.7795992493629456,0.43926018476486206,3.0838167667388916,0.6418713927268982,2e-05,8.317046310286969,0.37777426838874817,0.37777426838874817,0.8445565104484558,5.58984375,0.7795992493629456,0.43926018476486206,0.6975197792053223,0.353057861328125,3.5263671875,0.4256690442562103,0.37777426838874817,0.6906824111938477,0.0016860240139067173,0.0,0.9616249063059764,8.319252077955753,432.7312078376894,0.6373268961906433,0.6373268961906433,0.9656025171279907,0.9755859375,0.712890625,0.3242436349391937,0.7337337136268616,0.3914351165294647,0.71484375,0.49604129791259766,0.49604129791259766,0.9220241904258728,0.888671875,0.5634765625,0.23737278580665588,0.7098901271820068,0.3681795597076416,0.5654296875,0.3877907395362854,0.3877907395362854,0.8764654397964478,0.8238747715950012,0.44911935925483704,0.16994556784629822,0.6876484751701355,0.3643059730529785,0.4461839497089386,0.32992133498191833,0.32992133498191833,0.837794840335846,0.7448478937149048,0.39254170656204224,0.11886284500360489,0.6745718121528625,0.31096944212913513,0.3719332814216614,0.29257580637931824,0.29257580637931824,0.799955427646637,0.7072691321372986,0.3457760214805603,0.07951048016548157,0.6847222447395325,0.2649996280670166,0.324165016412735,0.2632865905761719,0.2632865905761719,0.7659547328948975,0.6761810779571533,0.32283464074134827,0.04801138490438461,0.6899563074111938,0.26530489325523376,0.2883858382701874,0.23446999490261078,0.23446999490261078,0.7422528266906738,0.6380670666694641,0.28500986099243164,0.02205316722393036,0.6862441897392273,0.2424842268228531,0.26528599858283997,0.6387883424758911,0.37777426838874817
05:15:52,29,1.3863362073898315,0.9103137850761414,0.5083957314491272,1.0,0.8415958881378174,0.7163299918174744,0.3552188575267792,2.450869560241699,1.1264935731887817,2e-05,8.288176776142791,0.28699737787246704,0.28699737787246704,0.7872441411018372,4.802734375,0.7163299918174744,0.3552188575267792,0.6472777128219604,0.5083957314491272,2.8388671875,0.331088662147522,0.28699737787246704,0.7519969940185547,0.0018173337448388338,0.0,0.9649510154327456,8.290576280094683,434.2279569447356,0.5845215916633606,0.5845215916633606,0.9462606906890869,0.9521484375,0.67578125,0.35973936319351196,0.7046154141426086,0.48028963804244995,0.6708984375,0.3940023183822632,0.3940023183822632,0.8792181611061096,0.839530348777771,0.4706457853317261,0.24604342877864838,0.6585081815719604,0.5683336853981018,0.4628179967403412,0.2888745367527008,0.2888745367527008,0.8182082176208496,0.7561214566230774,0.35651323199272156,0.16420678794384003,0.621761679649353,0.5409408211708069,0.33104798197746277,0.23146562278270721,0.23146562278270721,0.7726346850395203,0.6879293322563171,0.29244357347488403,0.10725012421607971,0.6233951449394226,0.5244643688201904,0.2728164792060852,0.19444993138313293,0.19444993138313293,0.7291352152824402,0.6364532113075256,0.25123152136802673,0.06730353832244873,0.6160990595817566,0.436516135931015,0.22857142984867096,0.16330838203430176,0.16330838203430176,0.6940274834632874,0.5852216482162476,0.2216748744249344,0.038519423454999924,0.6447811722755432,0.3986350893974304,0.18522167205810547,0.14878249168395996,0.14878249168395996,0.6687041521072388,0.5533596873283386,0.21442687511444092,0.016937406733632088,0.6339285969734192,0.36292949318885803,0.1620553433895111,0.5833137035369873,0.28699737787246704
05:16:01,30,1.2551642656326294,0.82072913646698,0.4610563814640045,1.0,0.8580350875854492,0.7143660187721252,0.36758503317832947,2.5511364936828613,1.6875306367874146,2e-05,8.405890525784343,0.2987966537475586,0.2987966537475586,0.778786301612854,4.9228515625,0.7143660187721252,0.36758503317832947,0.6621409058570862,0.4610563814640045,2.966796875,0.3474838435649872,0.298796683549881,0.7431849241256714,0.0015742680989205837,0.0,0.9514730656131811,8.408015202032402,428.1628795259315,0.5638349056243896,0.5638349056243896,0.9433434009552002,0.9521484375,0.6494140625,0.3482745587825775,0.6912820339202881,0.502806544303894,0.658203125,0.3995134234428406,0.3995134234428406,0.8753162622451782,0.8375734090805054,0.4755381643772125,0.24256417155265808,0.663551390171051,0.5048750638961792,0.45890411734580994,0.29925188422203064,0.29925188422203064,0.8087372779846191,0.7472959756851196,0.37069812417030334,0.165668323636055,0.6552631855010986,0.47583135962486267,0.3598819971084595,0.254739373922348,0.254739373922348,0.7577835917472839,0.6709359884262085,0.31625616550445557,0.11114214360713959,0.6651982665061951,0.3837334215641022,0.28768473863601685,0.21474428474903107,0.21474428474903107,0.7190673351287842,0.626600980758667,0.278817743062973,0.0715729221701622,0.652515709400177,0.3255428373813629,0.24729064106941223,0.18658937513828278,0.18658937513828278,0.6885057687759399,0.5988142490386963,0.24209485948085785,0.041946325451135635,0.6336633563041687,0.28247585892677307,0.2183794528245926,0.16875754296779633,0.16875754296779633,0.6555708050727844,0.562933623790741,0.2358771115541458,0.018831487745046616,0.6566901206970215,0.2820402681827545,0.19722497463226318,0.5903201103210449,0.298796683549881
05:16:09,31,0.8784081339836121,0.5512986183166504,0.33878228068351746,1.0,0.8966380953788757,0.7662192583084106,0.44015660881996155,3.100221872329712,1.2098175287246704,2e-05,8.501222053775564,0.3783528506755829,0.3783528506755829,0.8285877704620361,5.5703125,0.7662192583084106,0.44015660881996155,0.706751823425293,0.33878228068351746,3.5888671875,0.42603468894958496,0.3783527910709381,0.6914971470832825,0.001459526363760233,0.0,0.9408250177690882,8.503175243968144,423.3712579960897,0.6263702511787415,0.6263702511787415,0.9560127854347229,0.96875,0.701171875,0.3213236331939697,0.7268145084381104,0.3752099573612213,0.7041015625,0.4825039803981781,0.4825039803981781,0.9146960377693176,0.87890625,0.5400390625,0.2361658811569214,0.7122222185134888,0.378547340631485,0.5517578125,0.4005003869533539,0.4005003869533539,0.8645560145378113,0.7917888760566711,0.4789833724498749,0.1705266833305359,0.7259259223937988,0.31418949365615845,0.46041056513786316,0.33831366896629333,0.33831366896629333,0.8178547620773315,0.7367905974388123,0.3992172181606293,0.11990000307559967,0.6839309334754944,0.3110579550266266,0.3757338523864746,0.2883439362049103,0.2883439362049103,0.7794672250747681,0.6790606379508972,0.3493150770664215,0.08049691468477249,0.7031700015068054,0.2657049894332886,0.3219178020954132,0.26904481649398804,0.26904481649398804,0.747173011302948,0.6663395762443542,0.31501471996307373,0.04895022511482239,0.6701030731201172,0.24016623198986053,0.29735034704208374,0.2418266236782074,0.2418266236782074,0.7192345857620239,0.6404715180397034,0.2956778109073639,0.02263662964105606,0.7131901979446411,0.18408139050006866,0.26915520429611206,0.6475626230239868,0.3783527910709381
05:16:18,32,1.0188158750534058,0.6496723294258118,0.3851354122161865,1.0,0.8803667426109314,0.754282534122467,0.4182813763618469,2.8933327198028564,0.7928541302680969,2e-05,8.459306243807077,0.3510544002056122,0.3510544002056122,0.8193695545196533,5.35546875,0.754282534122467,0.4182813763618469,0.6727475523948669,0.3851354122161865,3.369140625,0.40087053179740906,0.3510544002056122,0.7072702050209045,0.0014679923187941313,0.0,0.9454738994036059,8.461365252966061,425.46325473162267,0.6171588897705078,0.6171588897705078,0.9524380564689636,0.955078125,0.69140625,0.3323611915111542,0.7177914381027222,0.4045473337173462,0.685546875,0.462723046541214,0.462723046541214,0.9014341235160828,0.8581213355064392,0.548923671245575,0.23934327065944672,0.6944127678871155,0.42810672521591187,0.5332680940628052,0.36571282148361206,0.36571282148361206,0.8429638147354126,0.7988224029541016,0.43964672088623047,0.1687479317188263,0.6891891956329346,0.3781712055206299,0.4278704524040222,0.3034225404262543,0.3034225404262543,0.8082433342933655,0.7295968532562256,0.3638151288032532,0.1162862777709961,0.664420485496521,0.36335352063179016,0.3529990315437317,0.26298779249191284,0.26298779249191284,0.7722287774085999,0.6719211935997009,0.32315272092819214,0.07662825286388397,0.6686217188835144,0.298386812210083,0.3014778196811676,0.2289511263370514,0.2289511263370514,0.7408033013343811,0.6426455974578857,0.28529122471809387,0.04571789503097534,0.6251919865608215,0.30215635895729065,0.2556762099266052,0.21268148720264435,0.21268148720264435,0.7151960730552673,0.6205533742904663,0.27173912525177,0.020915215834975243,0.6146496534347534,0.23573116958141327,0.2450592815876007,0.6152264475822449,0.3510544002056122
05:16:26,33,1.029868721961975,0.6417547464370728,0.4048657715320587,1.0,0.8778486251831055,0.7561283111572266,0.42597001791000366,2.8905158042907715,0.7791377902030945,2e-05,8.293081099400297,0.35834959149360657,0.35834959149360657,0.8203416466712952,5.3916015625,0.7561283111572266,0.42597001791000366,0.689885139465332,0.4048657715320587,3.33984375,0.4050987660884857,0.35834959149360657,0.7012766003608704,0.0015380072873085737,0.0,0.9644213832007494,8.29512922395952,433.98962244033726,0.62754887342453,0.62754887342453,0.9612678289413452,0.97265625,0.7080078125,0.3328959345817566,0.7248995900154114,0.4159318208694458,0.705078125,0.4609462320804596,0.4609462320804596,0.9032672047615051,0.8768328428268433,0.5268816947937012,0.23962213099002838,0.6833890676498413,0.4650495648384094,0.531769335269928,0.3811675012111664,0.3811675012111664,0.8501802682876587,0.7921568751335144,0.44607841968536377,0.1690390259027481,0.6856435537338257,0.41223233938217163,0.42549020051956177,0.30935534834861755,0.30935534834861755,0.8067820072174072,0.7156862616539001,0.37156862020492554,0.11622942239046097,0.6780821681022644,0.3688249886035919,0.3578431308269501,0.26973727345466614,0.26973727345466614,0.7698225378990173,0.6807465553283691,0.34381139278411865,0.07627619802951813,0.6796537041664124,0.31496772170066833,0.3123772144317627,0.24505482614040375,0.24505482614040375,0.7379868030548096,0.6434184908866882,0.308447927236557,0.045369990170001984,0.6992366313934326,0.26436135172843933,0.2671905755996704,0.2123110592365265,0.2123110592365265,0.7116010785102844,0.6092519760131836,0.27460628747940063,0.020567268133163452,0.6639741659164429,0.27522337436676025,0.23326770961284637,0.6272934675216675,0.35834959149360657
05:16:34,34,1.331581473350525,0.8360127806663513,0.5228615403175354,1.0,0.8373847603797913,0.7525196075439453,0.38017916679382324,2.5121827125549316,1.761297583580017,2e-05,8.435351539868861,0.3135799765586853,0.3135799765586853,0.8222696185112,5.2548828125,0.7525196075439453,0.38017916679382324,0.6635044813156128,0.5228615403175354,2.9853515625,0.3619820773601532,0.3135799765586853,0.7326050400733948,0.0018978361040353775,0.0,0.9481134939890058,8.437808396061882,426.6510722950526,0.6042874455451965,0.6042874455451965,0.9677960276603699,0.970703125,0.685546875,0.3581395447254181,0.7092555165290833,0.48694801330566406,0.6884765625,0.4451322555541992,0.4451322555541992,0.9210641384124756,0.865234375,0.5126953125,0.24879920482635498,0.6625282168388367,0.5609219670295715,0.498046875,0.33583900332450867,0.33583900332450867,0.8605054020881653,0.7808219194412231,0.4011741578578949,0.16709989309310913,0.6867167949676514,0.5302817225456238,0.37769079208374023,0.2728380560874939,0.2728380560874939,0.8136513829231262,0.718199610710144,0.35225048661231995,0.10825111716985703,0.6689373254776001,0.4930560886859894,0.31506848335266113,0.21538908779621124,0.21538908779621124,0.7649495601654053,0.6771344542503357,0.2728164792060852,0.06619808077812195,0.6405797004699707,0.5746179819107056,0.25318941473960876,0.18426074087619781,0.18426074087619781,0.7311948537826538,0.6591355800628662,0.25147348642349243,0.03646797686815262,0.6453055143356323,0.5140434503555298,0.22200392186641693,0.13446557521820068,0.13446557521820068,0.6948502063751221,0.5940886735916138,0.1822660118341446,0.01504425797611475,0.5986732840538025,0.7256913781166077,0.17635467648506165,0.6016526818275452,0.3135799765586853
05:16:43,35,1.025368571281433,0.6450204253196716,0.39572328329086304,1.0,0.8771605491638184,0.7709418535232544,0.41165703535079956,2.8694815635681152,1.2758769989013672,2e-05,8.483605076093227,0.35407108068466187,0.35407108068466187,0.8375817537307739,5.478515625,0.7709418535232544,0.41165703535079956,0.6882761120796204,0.39572328329086304,3.34375,0.3989863395690918,0.3540710210800171,0.7043066024780273,0.001610643696039915,0.0,0.9427559130555685,8.485759557923302,424.2401608750058,0.6313790678977966,0.6313790678977966,0.968668520450592,0.9765625,0.6962890625,0.33614131808280945,0.718999981880188,0.42251256108283997,0.7021484375,0.46755367517471313,0.46755367517471313,0.9178985953330994,0.8874755501747131,0.5322896242141724,0.24115760624408722,0.7001102566719055,0.41103029251098633,0.5303326845169067,0.36909019947052,0.36909019947052,0.8708537817001343,0.7996070981025696,0.4214145243167877,0.16892483830451965,0.6941031813621521,0.3885895013809204,0.41453832387924194,0.3082998991012573,0.3082998991012573,0.8249723315238953,0.7322834730148315,0.35728347301483154,0.11524038016796112,0.7096773982048035,0.3565162718296051,0.35039371252059937,0.2680714726448059,0.2680714726448059,0.7879207730293274,0.7039604187011719,0.3217821717262268,0.07492487877607346,0.6793248653411865,0.34058305621147156,0.302970290184021,0.22676880657672882,0.22676880657672882,0.758776843547821,0.6454816460609436,0.28897714614868164,0.04395081102848053,0.6692307591438293,0.3426435589790344,0.2512412965297699,0.2013118416070938,0.2013118416070938,0.7303622364997864,0.6461232900619507,0.2574552595615387,0.019660204648971558,0.6215384602546692,0.335481196641922,0.23459245264530182,0.6299980282783508,0.3540710210800171
05:16:51,36,1.1138924360275269,0.7312832474708557,0.4032983183860779,1.0,0.871529757976532,0.7347441911697388,0.40353673696517944,2.7692148685455322,1.0666587352752686,2e-05,8.36926672141999,0.3364120125770569,0.3364120125770569,0.8018819093704224,5.076458930969238,0.7347441911697388,0.40353673696517944,0.6813967227935791,0.4032983183860779,3.172032117843628,0.3780257999897003,0.3364120125770569,0.7191899418830872,0.0015326382126659155,0.0,0.9556432312181931,8.371324924053624,430.0394540481869,0.5970414280891418,0.5970414280891418,0.9487283825874329,0.9426559209823608,0.6700201034545898,0.33826273679733276,0.7075773477554321,0.4280778169631958,0.6670020222663879,0.4470083713531494,0.4470083713531494,0.8855059146881104,0.8365287780761719,0.503531813621521,0.24127018451690674,0.7020506858825684,0.40568649768829346,0.49747729301452637,0.34932199120521545,0.34932199120521545,0.8334487080574036,0.7763158082962036,0.4149797558784485,0.1682809591293335,0.6675358414649963,0.44861844182014465,0.38663968443870544,0.29570817947387695,0.29570817947387695,0.7869634032249451,0.6944162249565125,0.3614213168621063,0.1144627258181572,0.6754385828971863,0.3545663356781006,0.3187817335128784,0.25080904364585876,0.25080904364585876,0.7493301033973694,0.6690427660942078,0.3207739293575287,0.07429733127355576,0.6636224985122681,0.3450462222099304,0.29226070642471313,0.21753276884555817,0.21753276884555817,0.7179152965545654,0.6214285492897034,0.2918367385864258,0.04373368248343468,0.6732348203659058,0.2924047112464905,0.2459183633327484,0.1926279217004776,0.1926279217004776,0.6880542635917664,0.5985699892044067,0.25740551948547363,0.019692430272698402,0.6638225317001343,0.27841219305992126,0.23289071023464203,0.6246230006217957,0.3364120125770569
05:17:00,37,0.8281498551368713,0.5277975797653198,0.3120949864387512,1.0,0.9013206362724304,0.7542087435722351,0.44121772050857544,3.1549289226531982,1.0833768844604492,2e-05,8.19348039268516,0.3752276301383972,0.3752276301383972,0.8116373419761658,5.34375,0.7542087435722351,0.44121772050857544,0.7075892686843872,0.3120949864387512,3.533203125,0.4215768873691559,0.37522757053375244,0.6892462372779846,0.0016831126995384693,0.0,0.976112573342147,8.195775998057798,439.2506580039662,0.6261132955551147,0.6261132955551147,0.964080810546875,0.96484375,0.7041015625,0.3196174204349518,0.7206477522850037,0.3693680167198181,0.6953125,0.4782834053039551,0.4782834053039551,0.9051798582077026,0.8719452619552612,0.5376344323158264,0.23493054509162903,0.726457417011261,0.3472710847854614,0.5464320778846741,0.37843361496925354,0.37843361496925354,0.8466537594795227,0.7715686559677124,0.4382352828979492,0.16970767080783844,0.6848793029785156,0.3087247312068939,0.4156862795352936,0.32611027359962463,0.32611027359962463,0.7963499426841736,0.7337917685508728,0.3929273188114166,0.12023623287677765,0.6907630562782288,0.2496023029088974,0.3801571726799011,0.29142889380455017,0.29142889380455017,0.7537055611610413,0.6683070659637451,0.3602362275123596,0.08160346746444702,0.7069219350814819,0.20461365580558777,0.3159448802471161,0.2698136270046234,0.2698136270046234,0.7206087112426758,0.6328740119934082,0.3356299102306366,0.05029384419322014,0.7247278094291687,0.16713201999664307,0.31102362275123596,0.25320810079574585,0.25320810079574585,0.6923433542251587,0.6330366134643555,0.31651830673217773,0.023610858246684074,0.692187488079071,0.16818030178546906,0.2828882336616516,0.6451363563537598,0.37522757053375244
05:17:08,38,1.5239381790161133,0.988920271396637,0.5714308023452759,1.0,0.824426531791687,0.7078368067741394,0.3333800733089447,2.3530871868133545,0.8995230793952942,2e-05,8.313736291136593,0.2671074867248535,0.2671074867248535,0.777762234210968,4.9453125,0.7078368067741394,0.3333800733089447,0.6333927512168884,0.5714308023452759,2.8173828125,0.31179025769233704,0.2671075165271759,0.7671239972114563,0.001726577989757061,0.0,0.9619837690184941,8.316148627083749,432.8926960583224,0.5831727981567383,0.5831727981567383,0.9600473642349243,0.9609375,0.66796875,0.3725457489490509,0.7063007950782776,0.5153685212135315,0.6796875,0.3854966163635254,0.3854966163635254,0.8927031755447388,0.8504399061203003,0.46138808131217957,0.25080153346061707,0.636781632900238,0.6293030977249146,0.4486803412437439,0.28186288475990295,0.28186288475990295,0.8167494535446167,0.7470588088035583,0.3441176414489746,0.1634071320295334,0.635170578956604,0.5715597867965698,0.32156863808631897,0.2108468860387802,0.2108468860387802,0.7598165273666382,0.677450954914093,0.27450981736183167,0.10305497795343399,0.6078147888183594,0.6147253513336182,0.25,0.1584961861371994,0.1584961861371994,0.7107842564582825,0.6096361875534058,0.2143559455871582,0.06193508952856064,0.6080645322799683,0.6428112983703613,0.18977384269237518,0.13493454456329346,0.13493454456329346,0.6680077910423279,0.5773398876190186,0.19605910778045654,0.033924274146556854,0.5921501517295837,0.592471718788147,0.15172414481639862,0.11147196590900421,0.11147196590900421,0.6335906386375427,0.5285996198654175,0.17159762978553772,0.014331218786537647,0.5988805890083313,0.4450683295726776,0.1370808631181717,0.5657822489738464,0.2671075165271759
05:17:16,39,0.9543508291244507,0.5856631994247437,0.38114133477211,1.0,0.8823946714401245,0.7945359945297241,0.4362765848636627,2.9865283966064453,0.7628149390220642,2e-05,8.357353889616206,0.37415382266044617,0.37415382266044617,0.8460239768028259,5.7705078125,0.7945359945297241,0.4362765848636627,0.6949663162231445,0.38114133477211,3.48046875,0.4200816750526428,0.3741537630558014,0.692449152469635,0.0016762199811637402,0.0,0.9569739209128446,8.35968444403261,430.6382644107801,0.6384222507476807,0.6384222507476807,0.9698734283447266,0.9658203125,0.701171875,0.33231642842292786,0.7239636182785034,0.3904062807559967,0.6982421875,0.5077182650566101,0.5077182650566101,0.9266442060470581,0.8883447647094727,0.5700293779373169,0.24189923703670502,0.7398015260696411,0.3534041941165924,0.5670911073684692,0.41104671359062195,0.41104671359062195,0.8816394209861755,0.8231827020645142,0.49017682671546936,0.170968160033226,0.7303102612495422,0.37904784083366394,0.46954813599586487,0.33119481801986694,0.33119481801986694,0.8378450870513916,0.7859960794448853,0.39349111914634705,0.11646662652492523,0.682559609413147,0.41445010900497437,0.3836292028427124,0.2751160264015198,0.2751160264015198,0.79840487241745,0.7302371263504028,0.3330039381980896,0.07518759369850159,0.6603518128395081,0.3989686667919159,0.31620553135871887,0.2372254878282547,0.2372254878282547,0.7678613662719727,0.6971201300621033,0.28699105978012085,0.04374631494283676,0.6524216532707214,0.3609067499637604,0.266137033700943,0.21210028231143951,0.21210028231143951,0.7363741397857666,0.6666666865348816,0.2726368308067322,0.01941560208797455,0.6447761058807373,0.3625551760196686,0.2328358143568039,0.6427674293518066,0.3741537630558014
05:17:25,40,0.8793507814407349,0.5492257475852966,0.34175315499305725,1.0,0.8913887143135071,0.7668771743774414,0.43845614790916443,3.101106882095337,0.6674142479896545,2e-05,8.35959937190637,0.37844979763031006,0.37844979763031006,0.8125666379928589,5.4853515625,0.7668771743774414,0.43845614790916443,0.6921669244766235,0.34175315499305725,3.4970703125,0.41684210300445557,0.37844979763031006,0.6945348978042603,0.0015978699084371328,0.0,0.9567460784601,8.361675244988874,430.53573530704494,0.6224803924560547,0.6224803924560547,0.9636241793632507,0.9736328125,0.685546875,0.3215944766998291,0.7011033296585083,0.40528404712677,0.6826171875,0.4892604351043701,0.4892604351043701,0.9056940078735352,0.8708415031433105,0.5469667315483093,0.23649071156978607,0.7067415714263916,0.3544771373271942,0.5322896242141724,0.39861077070236206,0.39861077070236206,0.8459482789039612,0.8029412031173706,0.4676470458507538,0.17051871120929718,0.6996337175369263,0.3280390501022339,0.44117647409439087,0.3331473171710968,0.3331473171710968,0.8011223673820496,0.7531957030296326,0.39134711027145386,0.11978922039270401,0.6919060349464417,0.28637775778770447,0.37561455368995667,0.2962830066680908,0.2962830066680908,0.7566323280334473,0.6876847147941589,0.3487684726715088,0.08032961934804916,0.686246395111084,0.2500344216823578,0.3280788064002991,0.26299595832824707,0.26299595832824707,0.7210206985473633,0.6548323631286621,0.32642999291419983,0.04872770234942436,0.6566265225410461,0.24602988362312317,0.29289939999580383,0.24305200576782227,0.24305200576782227,0.691472053527832,0.6219151020050049,0.299111545085907,0.022549686953425407,0.6920635104179382,0.1916608065366745,0.26159921288490295,0.6371785998344421,0.37844979763031006
05:17:33,41,0.9013525247573853,0.5398774743080139,0.3717609941959381,1.0,0.8853087425231934,0.8207322359085083,0.46205639839172363,3.041295051574707,1.5239684581756592,2e-05,8.587298228638247,0.39811235666275024,0.39811235666275024,0.8608875274658203,5.9619140625,0.8207322359085083,0.46205639839172363,0.7075713276863098,0.3717609941959381,3.5732421875,0.44522374868392944,0.39811232686042786,0.6741741299629211,0.0016147610731422901,0.0,0.9313732885471423,8.58946686401032,419.117979846214,0.6593417525291443,0.6593417525291443,0.9751510620117188,0.9765625,0.732421875,0.32658785581588745,0.7540000081062317,0.37466806173324585,0.736328125,0.5140043497085571,0.5140043497085571,0.9366557598114014,0.9197651743888855,0.5812132954597473,0.23907697200775146,0.714893639087677,0.38829606771469116,0.572407066822052,0.415397584438324,0.415397584438324,0.8933671712875366,0.8491674661636353,0.47796279191970825,0.17081871628761292,0.7047289609909058,0.3806231617927551,0.46327129006385803,0.3567579686641693,0.3567579686641693,0.8531259894371033,0.810598611831665,0.41707557439804077,0.11846986413002014,0.7118644118309021,0.35106360912323,0.3954857587814331,0.3195010721683502,0.3195010721683502,0.8183258175849915,0.7605911493301392,0.3842364549636841,0.0780881866812706,0.6943005323410034,0.354324609041214,0.3605911433696747,0.28141042590141296,0.28141042590141296,0.786992073059082,0.7268244624137878,0.34418144822120667,0.04626407474279404,0.6960651278495789,0.31363698840141296,0.3126232624053955,0.2370447814464569,0.2370447814464569,0.7607256174087524,0.699211061000824,0.29388558864593506,0.020694265142083168,0.6572637557983398,0.36811503767967224,0.27218934893608093,0.6532058715820312,0.39811232686042786
05:17:42,42,0.9098670482635498,0.5527597665786743,0.36790531873703003,1.0,0.885569155216217,0.8061339259147644,0.46778276562690735,3.0925419330596924,0.6993224024772644,2e-05,8.361452661221847,0.39785513281822205,0.39785513281822205,0.8589349389076233,5.8251953125,0.8061339259147644,0.46778276562690735,0.7141361236572266,0.36790531873703003,3.6181640625,0.44836804270744324,0.39785513281822205,0.678474485874176,0.0015142234042286873,0.0,0.9565250838540168,8.363607118139043,430.43628773430754,0.675987720489502,0.675987720489502,0.9783382415771484,0.9765625,0.7421875,0.3291536271572113,0.7509999871253967,0.3592049181461334,0.734375,0.5277206897735596,0.5277206897735596,0.9350712299346924,0.9217221140861511,0.591976523399353,0.2409231960773468,0.7091295123100281,0.38281339406967163,0.591976523399353,0.4282933175563812,0.4282933175563812,0.8923109769821167,0.8370952010154724,0.5073601603507996,0.17133204638957977,0.7315357327461243,0.3735205829143524,0.49362120032310486,0.36104556918144226,0.36104556918144226,0.8512252569198608,0.7940886616706848,0.437438428401947,0.11772976815700531,0.7158808708190918,0.35479608178138733,0.4128078818321228,0.3053855001926422,0.3053855001926422,0.8132538795471191,0.742094874382019,0.37252965569496155,0.07654750347137451,0.7150465846061707,0.3606126606464386,0.3478260934352875,0.2577188313007355,0.2577188313007355,0.7797799110412598,0.697029709815979,0.3366336524486542,0.04461955279111862,0.6818181872367859,0.3834565579891205,0.30099010467529297,0.22283712029457092,0.22283712029457092,0.7594420909881592,0.6699801087379456,0.28031808137893677,0.019694333896040916,0.6750741600990295,0.3543895184993744,0.2504970133304596,0.6573616862297058,0.39785513281822205
05:17:50,43,0.9260216355323792,0.5896009206771851,0.3504665493965149,1.0,0.8905036449432373,0.7472171187400818,0.42792728543281555,2.9975547790527344,0.9014429450035095,2e-05,8.269261717097834,0.3612633943557739,0.3612633943557739,0.7968541383743286,5.26171875,0.7472171187400818,0.42792728543281555,0.7037525773048401,0.3504665493965149,3.3837890625,0.400873601436615,0.3612633943557739,0.7006568908691406,0.0016226822044700384,0.0,0.9671834186081295,8.271440397016704,435.2325383736583,0.6160510182380676,0.6160510182380676,0.9542463421821594,0.96484375,0.6884765625,0.32651445269584656,0.7095141410827637,0.40835273265838623,0.6845703125,0.463835746049881,0.463835746049881,0.890401303768158,0.8609206676483154,0.5318315625190735,0.23743654787540436,0.7053470015525818,0.3736118674278259,0.5239960551261902,0.37385377287864685,0.37385377287864685,0.8288055658340454,0.7691552042961121,0.45186641812324524,0.16948403418064117,0.7343550324440002,0.3145884573459625,0.42337918281555176,0.3192935287952423,0.3192935287952423,0.7823611497879028,0.7218934893608093,0.38461539149284363,0.11822228878736496,0.7144808769226074,0.30840611457824707,0.34418144822120667,0.28063246607780457,0.28063246607780457,0.738654375076294,0.6534653306007385,0.3495049476623535,0.07883435487747192,0.6969696879386902,0.2630801796913147,0.2940593957901001,0.2466488927602768,0.2466488927602768,0.7042150497436523,0.6447761058807373,0.3034825921058655,0.04757799208164215,0.6790123581886292,0.24393993616104126,0.27462685108184814,0.22269275784492493,0.22269275784492493,0.6748360395431519,0.6099502444267273,0.2796019911766052,0.02193036861717701,0.6737357378005981,0.2400963008403778,0.254726380109787,0.6404692530632019,0.3612633943557739
05:17:58,44,0.8194063901901245,0.5179473757743835,0.3119600713253021,1.0,0.9009680151939392,0.7804808020591736,0.4580709934234619,3.198411703109741,1.4529390335083008,2e-05,8.350431895814836,0.39296871423721313,0.39296871423721313,0.8262396454811096,5.665342807769775,0.7804808020591736,0.4580709934234619,0.7013201117515564,0.3119600713253021,3.6683218479156494,0.43803662061691284,0.39296871423721313,0.6766188144683838,0.0014923738781362772,0.0,0.9578020703460504,8.352456366177648,431.0109316557227,0.6546539068222046,0.6546539068222046,0.9623730182647705,0.9642502665519714,0.7199602723121643,0.32142210006713867,0.7435633540153503,0.33210229873657227,0.7169811129570007,0.5054791569709778,0.5054791569709778,0.9093891382217407,0.8723828792572021,0.5672981142997742,0.23688703775405884,0.7302857041358948,0.32625770568847656,0.5682951211929321,0.4137013852596283,0.4137013852596283,0.8587657809257507,0.8011987805366516,0.4815184772014618,0.17096228897571564,0.7094762921333313,0.3117184638977051,0.46653345227241516,0.3483363687992096,0.3483363687992096,0.8107547760009766,0.765531063079834,0.42184367775917053,0.12000630795955658,0.695026159286499,0.2797835171222687,0.38877755403518677,0.3102220892906189,0.3102220892906189,0.7752902507781982,0.7372116446495056,0.38515546917915344,0.08021983504295349,0.6857143044471741,0.26564154028892517,0.3400200605392456,0.26933035254478455,0.26933035254478455,0.7435442805290222,0.669687807559967,0.3232628405094147,0.04834473133087158,0.6526315808296204,0.26993027329444885,0.29607251286506653,0.24402621388435364,0.24402621388435364,0.7203987836837769,0.6491405367851257,0.302325576543808,0.022157708182930946,0.663551390171051,0.2891036570072174,0.2841253876686096,0.6531181335449219,0.39296871423721313
05:18:06,45,1.0160504579544067,0.6358210444450378,0.39447227120399475,1.0,0.8753371834754944,0.7683202028274536,0.40882188081741333,2.817957639694214,1.7927277088165283,2e-05,8.334986915113404,0.34258848428726196,0.34258848428726196,0.8178972005844116,5.5302734375,0.7683202028274536,0.40882188081741333,0.6803008317947388,0.39447227120399475,3.3212890625,0.39881622791290283,0.34258848428726196,0.7124868035316467,0.0016443822532892227,0.0,0.9595610470451204,8.337145431898534,431.80247117030416,0.6114545464515686,0.6114545464515686,0.9663540124893188,0.9716796875,0.685546875,0.3377548158168793,0.7045226097106934,0.4249378442764282,0.6845703125,0.47089627385139465,0.47089627385139465,0.9167188405990601,0.8803921341896057,0.5568627715110779,0.24198101460933685,0.7416480779647827,0.3771545886993408,0.5401960611343384,0.3649710714817047,0.3649710714817047,0.8570390939712524,0.8072763085365295,0.4355948865413666,0.16893935203552246,0.6967113018035889,0.39355966448783875,0.4316617548465729,0.2949914038181305,0.2949914038181305,0.8029091358184814,0.742094874382019,0.3606719374656677,0.11443674564361572,0.6657789349555969,0.39126795530319214,0.34584981203079224,0.24339284002780914,0.24339284002780914,0.7611860036849976,0.6987115740776062,0.2963330149650574,0.07400776445865631,0.6354609727859497,0.3677261173725128,0.2884043753147125,0.21715222299098969,0.21715222299098969,0.7240228056907654,0.6580772995948792,0.2804757058620453,0.04348468407988548,0.6641566157341003,0.33520257472991943,0.269573837518692,0.18922115862369537,0.18922115862369537,0.6930052042007446,0.6149253845214844,0.23980098962783813,0.01939558982849121,0.6165048480033875,0.3178505599498749,0.22487562894821167,0.6170610189437866,0.34258848428726196
05:18:15,46,1.1259260177612305,0.7107598185539246,0.4338046908378601,1.0,0.8607338666915894,0.7531974911689758,0.3912860155105591,2.730618715286255,0.8058215975761414,2e-05,8.511377432849258,0.32351619005203247,0.32351619005203247,0.8020257353782654,5.263671875,0.7531974911689758,0.3912860155105591,0.6588915586471558,0.4338046908378601,3.1142578125,0.3661279082298279,0.32351619005203247,0.7260937094688416,0.001664601732045412,0.0,0.9396781027734163,8.513553712051362,422.8551462480374,0.6077867150306702,0.6077867150306702,0.9629018306732178,0.9716796875,0.6767578125,0.3420525789260864,0.6824120879173279,0.44382864236831665,0.6630859375,0.4351285398006439,0.4351285398006439,0.9054305553436279,0.8775709867477417,0.5181195139884949,0.24170514941215515,0.6741071343421936,0.4956185221672058,0.49559256434440613,0.33900099992752075,0.33900099992752075,0.8472540378570557,0.800589382648468,0.41944989562034607,0.16718684136867523,0.6613497138023376,0.4472867548465729,0.4037328064441681,0.2707522511482239,0.2707522511482239,0.7874698638916016,0.7204724550247192,0.3326771557331085,0.11289473623037338,0.6598360538482666,0.4011589288711548,0.3090551197528839,0.22520789504051208,0.22520789504051208,0.7396544814109802,0.6738916039466858,0.286699503660202,0.07318553328514099,0.6461988091468811,0.3331865072250366,0.2571428716182709,0.19708707928657532,0.19708707928657532,0.7001779675483704,0.6152324676513672,0.2551928758621216,0.04332278296351433,0.6302250623703003,0.27270495891571045,0.22255192697048187,0.1852964609861374,0.1852964609861374,0.6680728793144226,0.6089109182357788,0.24554455280303955,0.019652333110570908,0.637398362159729,0.25510329008102417,0.20693069696426392,0.6024438738822937,0.32351619005203247
05:18:23,47,1.008147954940796,0.6501860022544861,0.3744153082370758,1.0,0.8863429427146912,0.7248736619949341,0.3943009674549103,2.913996934890747,0.64461350440979,2e-05,8.386244340799749,0.33160004019737244,0.33160004019737244,0.7692745923995972,5.1259765625,0.7248736619949341,0.3943009674549103,0.6684740781784058,0.3744153082370758,3.291015625,0.37857943773269653,0.33160004019737244,0.7241038084030151,0.0016506821848452091,0.0,0.9536974210856956,8.388404774013907,429.16383948856304,0.5911225080490112,0.5911225080490112,0.952643096446991,0.95703125,0.6650390625,0.3281667232513428,0.6979591846466064,0.43346163630485535,0.66796875,0.41966116428375244,0.41966116428375244,0.8739485740661621,0.8435972332954407,0.49266862869262695,0.23624786734580994,0.6604866981506348,0.4509009122848511,0.4789833724498749,0.3362443447113037,0.3362443447113037,0.8047385811805725,0.7598039507865906,0.41274508833885193,0.1681232899427414,0.6787096858024597,0.35344216227531433,0.386274516582489,0.28247103095054626,0.28247103095054626,0.749488890171051,0.6961652040481567,0.3411996066570282,0.11750002950429916,0.6666666865348816,0.2828095257282257,0.3244837820529938,0.24554196000099182,0.24554196000099182,0.700957715511322,0.6311637163162231,0.30177515745162964,0.078925721347332,0.6656249761581421,0.23104853928089142,0.2840236723423004,0.2341555953025818,0.2341555953025818,0.6636010408401489,0.6124260425567627,0.2998027503490448,0.048390839248895645,0.6698873043060303,0.19977368414402008,0.2761341333389282,0.20853769779205322,0.20853769779205322,0.636393666267395,0.5701581239700317,0.24308300018310547,0.022645536810159683,0.6204506158828735,0.1705884039402008,0.22826087474822998,0.6080837845802307,0.33160004019737244
05:18:32,48,1.0575520992279053,0.6691192984580994,0.4051649272441864,1.0,0.8713436722755432,0.7678821682929993,0.4150070250034332,2.823180675506592,0.7304037809371948,2e-05,8.357223628787324,0.3486829698085785,0.3486829698085785,0.8285227417945862,5.4873046875,0.7678821682929993,0.4150070250034332,0.7011871933937073,0.4051649272441864,3.2744140625,0.3952314257621765,0.3486829698085785,0.7065704464912415,0.0014840932562947273,0.0,0.9570277402856334,8.35921432916075,430.6624831285351,0.6441935896873474,0.6441935896873474,0.9736771583557129,0.9736328125,0.712890625,0.34167754650115967,0.7301905751228333,0.41095781326293945,0.712890625,0.47516706585884094,0.47516706585884094,0.9234501719474792,0.8935546875,0.541015625,0.24364885687828064,0.702732264995575,0.43446189165115356,0.533203125,0.3731352388858795,0.3731352388858795,0.8675903677940369,0.8023483157157898,0.44129157066345215,0.16892647743225098,0.7170731425285339,0.3706655204296112,0.4168297350406647,0.30104535818099976,0.30104535818099976,0.8169854879379272,0.7684003710746765,0.3591756522655487,0.11342982202768326,0.687100887298584,0.40543991327285767,0.3415112793445587,0.25198909640312195,0.25198909640312195,0.7763375639915466,0.6866405010223389,0.31827113032341003,0.07241536676883698,0.6881259083747864,0.40286529064178467,0.29764243960380554,0.20639698207378387,0.20639698207378387,0.7343220710754395,0.6479290127754211,0.2751479148864746,0.041607510298490524,0.6666666865348816,0.3613753318786621,0.24063116312026978,0.18430458009243011,0.18430458009243011,0.7042708396911621,0.5986124873161316,0.2527254819869995,0.01829449087381363,0.7003311514854431,0.30771249532699585,0.21902874112129211,0.6391497850418091,0.3486829698085785
05:18:40,49,1.6234139204025269,1.102919101715088,0.565729022026062,1.0,0.8262303471565247,0.6797468066215515,0.32517582178115845,2.2808308601379395,0.8952798843383789,2e-05,8.256384529406205,0.25181207060813904,0.25181207060813904,0.7269418835639954,4.5751953125,0.6797468066215515,0.32517582178115845,0.6136974692344666,0.565729022026062,2.65625,0.2935302257537842,0.25181207060813904,0.7784163355827332,0.001657769549638033,0.0,0.9686885074378143,8.258588739903644,435.9098283470164,0.524593710899353,0.524593710899353,0.9220218062400818,0.908203125,0.587890625,0.3682147264480591,0.64838707447052,0.5844491720199585,0.587890625,0.3474530577659607,0.3474530577659607,0.8319650292396545,0.7943192720413208,0.4231145977973938,0.24756859242916107,0.6214550137519836,0.6006649136543274,0.4113613963127136,0.2626819610595703,0.2626819610595703,0.7723878026008606,0.7211822867393494,0.3408867120742798,0.16287319362163544,0.6284152865409851,0.5692050457000732,0.30049261450767517,0.1978047490119934,0.1978047490119934,0.7064492106437683,0.6360946893692017,0.26429980993270874,0.10473266988992691,0.5906976461410522,0.5296948552131653,0.23668639361858368,0.1755719929933548,0.1755719929933548,0.660995602607727,0.6209279298782349,0.262586385011673,0.06468893587589264,0.5961844325065613,0.4629542827606201,0.20236919820308685,0.13518542051315308,0.13518542051315308,0.613990068435669,0.5636722445487976,0.20730502903461456,0.03625614568591118,0.5866900086402893,0.4569152593612671,0.16485686600208282,0.11530386656522751,0.11530386656522751,0.5773233771324158,0.5099009871482849,0.18613861501216888,0.01566566340625286,0.5980582237243652,0.38705599308013916,0.14653465151786804,0.5442628264427185,0.25181207060813904
05:18:48,50,1.22059166431427,0.7820591330528259,0.4617888033390045,1.0,0.8601810336112976,0.7383427023887634,0.3797752857208252,2.648946523666382,1.6646227836608887,2e-05,8.257885304978117,0.3137519657611847,0.3137519657611847,0.7851877808570862,5.1044921875,0.7383427023887634,0.3797752857208252,0.6615940928459167,0.4617888033390045,3.060546875,0.362780898809433,0.3137519657611847,0.735116720199585,0.001589077990502119,0.0,0.9685185836964465,8.260037685045972,435.8333626634009,0.595150351524353,0.595150351524353,0.9597384333610535,0.96875,0.6640625,0.34547877311706543,0.6844757795333862,0.487026572227478,0.6630859375,0.41048067808151245,0.41048067808151245,0.8810259103775024,0.8313725590705872,0.47843137383461,0.24234619736671448,0.6780660152435303,0.5091870427131653,0.4735293984413147,0.32248347997665405,0.32248347997665405,0.8170969486236572,0.7524557709693909,0.38506877422332764,0.16700179874897003,0.6762402057647705,0.42881327867507935,0.3880157172679901,0.2702109217643738,0.2702109217643738,0.7638719081878662,0.7278978228569031,0.349705308675766,0.11246738582849503,0.662618100643158,0.43228185176849365,0.316306471824646,0.23088856041431427,0.23088856041431427,0.7247650623321533,0.6683070659637451,0.2864173352718353,0.07229043543338776,0.6421207785606384,0.3841800391674042,0.27066928148269653,0.19314530491828918,0.19314530491828918,0.688580334186554,0.6222879886627197,0.2573964595794678,0.04191608726978302,0.6402535438537598,0.3487453758716583,0.2297830432653427,0.17029185593128204,0.17029185593128204,0.6585252285003662,0.594059407711029,0.23366336524486542,0.01849929615855217,0.625,0.3605496883392334,0.19405940175056458,0.5950634479522705,0.3137519657611847
05:18:57,51,1.0799813270568848,0.714252769947052,0.385785847902298,1.0,0.8797762989997864,0.7166315913200378,0.39803507924079895,2.827866554260254,0.6872044205665588,2e-05,8.381461054086685,0.33125701546669006,0.33125701546669006,0.771263062953949,5.0439453125,0.7166315913200378,0.39803507924079895,0.6797884702682495,0.385785847902298,3.18359375,0.36771929264068604,0.33125701546669006,0.7238273024559021,0.0017097329255193472,0.0,0.9542347607149875,8.383681175066158,429.4056423217443,0.6082233786582947,0.6082233786582947,0.949601411819458,0.947265625,0.6669921875,0.33576807379722595,0.6969072222709656,0.4360548257827759,0.6591796875,0.430282860994339,0.430282860994339,0.8653711080551147,0.8158667683601379,0.4995102882385254,0.23977535963058472,0.6878751516342163,0.42366841435432434,0.48285993933677673,0.34517452120780945,0.34517452120780945,0.8023765683174133,0.742885172367096,0.42001962661743164,0.16826964914798737,0.7133421301841736,0.3437640964984894,0.37487733364105225,0.2854655086994171,0.2854655086994171,0.7494154572486877,0.6964636445045471,0.3624754548072815,0.11535221338272095,0.6826516389846802,0.3189285695552826,0.3251473605632782,0.24760296940803528,0.24760296940803528,0.7109682559967041,0.6545275449752808,0.3169291317462921,0.07557272166013718,0.6571428775787354,0.32787254452705383,0.2775590419769287,0.20908896625041962,0.20908896625041962,0.6744473576545715,0.5901477932929993,0.2630541920661926,0.044895920902490616,0.6410684585571289,0.26878198981285095,0.2384236454963684,0.18966414034366608,0.18966414034366608,0.6441491842269897,0.5662055611610413,0.2539525628089905,0.020366093143820763,0.657940685749054,0.25479692220687866,0.21245059370994568,0.6231497526168823,0.33125701546669006
05:19:05,52,0.9780063033103943,0.6277208924293518,0.3658653199672699,1.0,0.8843079805374146,0.7534304261207581,0.4222906827926636,2.9674477577209473,0.8706755042076111,2e-05,8.618840004783124,0.35763803124427795,0.35763803124427795,0.801400363445282,5.2119140625,0.7534304261207581,0.4222906827926636,0.6874186992645264,0.3658653199672699,3.3212890625,0.4001680314540863,0.35763803124427795,0.7045155763626099,0.001696146558970213,0.0,0.9279630701279795,8.621032730210572,417.58338155759077,0.6123306751251221,0.6123306751251221,0.9597508907318115,0.9619140625,0.673828125,0.3276064991950989,0.6964467167854309,0.4185572564601898,0.669921875,0.46660229563713074,0.46660229563713074,0.8963721990585327,0.8543499708175659,0.5356793999671936,0.2376357913017273,0.7025171518325806,0.3907763957977295,0.5347018837928772,0.36797815561294556,0.36797815561294556,0.8299530744552612,0.7933398485183716,0.44564151763916016,0.16907191276550293,0.6716049313545227,0.3721660375595093,0.42507344484329224,0.30870291590690613,0.30870291590690613,0.7807881832122803,0.7159647345542908,0.37022528052330017,0.11777058988809586,0.6880984902381897,0.30737659335136414,0.3516160547733307,0.27121835947036743,0.27121835947036743,0.7437294721603394,0.6820412278175354,0.32973504066467285,0.07854591310024261,0.6949640512466431,0.2361539751291275,0.3052011728286743,0.2528451085090637,0.2528451085090637,0.7117599248886108,0.6529006958007812,0.31465092301368713,0.04750559478998184,0.6611445546150208,0.2541133761405945,0.2694198489189148,0.22171449661254883,0.22171449661254883,0.6858805418014526,0.6116027235984802,0.28416913747787476,0.021863751113414764,0.6913183331489563,0.23148681223392487,0.24287119507789612,0.6328825354576111,0.35763803124427795
05:19:14,53,0.8644226789474487,0.5455083250999451,0.33114758133888245,1.0,0.8964270949363708,0.753117561340332,0.43505674600601196,3.152553081512451,0.9016736745834351,2e-05,8.38552959705703,0.3720827102661133,0.3720827102661133,0.8098816275596619,5.3876953125,0.753117561340332,0.43505674600601196,0.7008371949195862,0.33114758133888245,3.5302734375,0.42090514302253723,0.3720826208591461,0.6913091540336609,0.001722533255815506,0.0,0.9537702396430479,8.387764335144311,429.19660783937155,0.6418759822845459,0.6418759822845459,0.9645588397979736,0.9609375,0.7041015625,0.32285043597221375,0.7347561120986938,0.3580259084701538,0.70703125,0.49148088693618774,0.49148088693618774,0.9078656435012817,0.869140625,0.552734375,0.23684540390968323,0.7022472023963928,0.35139045119285583,0.5419921875,0.3826824128627777,0.3826824128627777,0.8427296876907349,0.8072407245635986,0.44911935925483704,0.17005324363708496,0.6909090876579285,0.33822211623191833,0.4481408894062042,0.3307453393936157,0.3307453393936157,0.7932495474815369,0.7264705896377563,0.40882351994514465,0.11934070289134979,0.6990553140640259,0.3150262236595154,0.3843137323856354,0.2780663073062897,0.2780663073062897,0.7502142786979675,0.6643768548965454,0.33856722712516785,0.0799848660826683,0.7016248106956482,0.2593846023082733,0.318940132856369,0.2498379498720169,0.2498379498720169,0.7184698581695557,0.6486220359802246,0.312007874250412,0.048492006957530975,0.67678302526474,0.2392071783542633,0.28346458077430725,0.22663016617298126,0.22663016617298126,0.6896681189537048,0.5918972492218018,0.2766798436641693,0.022433364763855934,0.6844741106033325,0.19354812800884247,0.25889328122138977,0.6469348669052124,0.3720826208591461
05:19:22,54,0.8474881052970886,0.5379693508148193,0.32035282254219055,1.0,0.9002216458320618,0.7751054763793945,0.4476793110370636,3.2102527618408203,1.2536855936050415,2e-05,8.36115653719753,0.3918667435646057,0.3918667435646057,0.838167667388916,5.6328125,0.7751054763793945,0.4476793110370636,0.7143893837928772,0.32035282254219055,3.6845703125,0.43403658270835876,0.3918667733669281,0.6826943755149841,0.001528324093669653,0.0,0.9565724263801856,8.363193187862635,430.45759187108354,0.6784898638725281,0.6784898638725281,0.9703167676925659,0.9638671875,0.7353515625,0.3240956664085388,0.7629179358482361,0.3088885545730591,0.736328125,0.5095669031143188,0.5095669031143188,0.9175693988800049,0.8863859176635742,0.5700293779373169,0.2383577525615692,0.7160220742225647,0.3672632873058319,0.5729677081108093,0.4112539291381836,0.4112539291381836,0.8657088875770569,0.7937131524085999,0.4656188488006592,0.17122626304626465,0.7326732873916626,0.3015935719013214,0.46365422010421753,0.3448174297809601,0.3448174297809601,0.8232167363166809,0.7576354742050171,0.40295565128326416,0.11936837434768677,0.7022106647491455,0.30739691853523254,0.3852216601371765,0.3002346456050873,0.3002346456050873,0.7888674736022949,0.7041420340538025,0.34714004397392273,0.07902593910694122,0.7044817805290222,0.2904492914676666,0.33037474751472473,0.2641611695289612,0.2641611695289612,0.76319420337677,0.6706231236457825,0.3273986279964447,0.04690248519182205,0.6946902871131897,0.30665385723114014,0.28585559129714966,0.22937460243701935,0.22937460243701935,0.7354239225387573,0.6454816460609436,0.2800397276878357,0.021023515611886978,0.6615384817123413,0.33071449398994446,0.25819265842437744,0.6640610694885254,0.3918667733669281
05:19:30,55,1.0362942218780518,0.6807517409324646,0.3731825351715088,1.0,0.8803566098213196,0.7325091361999512,0.4060129225254059,2.8639278411865234,0.6975626349449158,2e-05,8.229893680429086,0.34111952781677246,0.34111952781677246,0.7825102806091309,5.1474609375,0.7325091361999512,0.4060129225254059,0.6825853586196899,0.3731825351715088,3.263671875,0.39098060131073,0.34111952781677246,0.7183284163475037,0.001849534921348095,0.0,0.97178414270063,8.232280862051994,437.3028642152835,0.6093246340751648,0.6093246340751648,0.9527103304862976,0.953125,0.6689453125,0.3331621587276459,0.7100409865379333,0.40999549627304077,0.6767578125,0.44557681679725647,0.44557681679725647,0.8828489780426025,0.8336594700813293,0.5117416977882385,0.23917312920093536,0.6784037351608276,0.3984783887863159,0.48727983236312866,0.3503275215625763,0.3503275215625763,0.814657986164093,0.7688540816307068,0.4172379970550537,0.16849566996097565,0.6878980994224548,0.37241342663764954,0.4094025492668152,0.2935000956058502,0.2935000956058502,0.7631941437721252,0.711614191532135,0.36220473051071167,0.11609210073947906,0.6818810701370239,0.32974177598953247,0.35039371252059937,0.25817209482192993,0.25817209482192993,0.7198949456214905,0.6568047404289246,0.3205128312110901,0.07662726938724518,0.6831831932067871,0.2836233377456665,0.3116370737552643,0.22397147119045258,0.22397147119045258,0.6867472529411316,0.6126482486724854,0.2875494062900543,0.04568488895893097,0.6790322661399841,0.2502327859401703,0.260869562625885,0.20261117815971375,0.20261117815971375,0.6540418267250061,0.5867195129394531,0.269573837518692,0.02076476812362671,0.6402027010917664,0.30483490228652954,0.2358771115541458,0.6237985491752625,0.34111952781677246
05:19:39,56,0.9671133756637573,0.6282408833503723,0.35416680574417114,1.0,0.8838018774986267,0.7378749847412109,0.41603589057922363,2.9660699367523193,0.7027687430381775,2e-05,8.422856802353635,0.3512888550758362,0.3512888550758362,0.7871235013008118,5.2333984375,0.7378749847412109,0.41603589057922363,0.6837006211280823,0.35416680574417114,3.3369140625,0.38870200514793396,0.3512888550758362,0.7067016959190369,0.0019090059213340282,0.0,0.9495212674323144,8.42529838392511,427.28457034454146,0.628312349319458,0.628312349319458,0.9492020606994629,0.9580078125,0.6884765625,0.3292504847049713,0.7104994654655457,0.3669397234916687,0.6806640625,0.44762781262397766,0.44762781262397766,0.8766245245933533,0.8620352149009705,0.5205479264259338,0.23798491060733795,0.68217933177948,0.41870200634002686,0.5019569396972656,0.3631085157394409,0.3631085157394409,0.8178107142448425,0.7681017518043518,0.43150684237480164,0.16919450461864471,0.6878980994224548,0.3521321415901184,0.4031311273574829,0.3059764802455902,0.3059764802455902,0.7650457620620728,0.6950980424880981,0.36764705181121826,0.11754553020000458,0.6953455805778503,0.2869071066379547,0.33039215207099915,0.26839736104011536,0.26839736104011536,0.7316729426383972,0.6519173979759216,0.334316611289978,0.07798219472169876,0.6666666865348816,0.28919729590415955,0.3008849620819092,0.23072563111782074,0.23072563111782074,0.6989138722419739,0.6299212574958801,0.2933070957660675,0.046720005571842194,0.659375011920929,0.25500035285949707,0.26377952098846436,0.21190208196640015,0.21190208196640015,0.6683989763259888,0.597235918045044,0.2734452188014984,0.021322421729564667,0.6677685976028442,0.24989522993564606,0.2369200438261032,0.6324367523193359,0.3512888550758362
05:19:47,57,0.9572969079017639,0.5839963555335999,0.38623425364494324,1.0,0.8805709481239319,0.7756878137588501,0.43542954325675964,3.0134968757629395,1.073509693145752,2e-05,8.446498858742416,0.3670971691608429,0.3670971691608429,0.8302656412124634,5.6240234375,0.7756878137588501,0.43542954325675964,0.6880202889442444,0.38623425364494324,3.421875,0.4086187481880188,0.3670971691608429,0.6949325799942017,0.0015422950964421034,0.0,0.9469080123230068,8.448550330009311,426.10860554535304,0.6464366912841797,0.6464366912841797,0.9776538014411926,0.9794921875,0.7119140625,0.33046194911003113,0.7268195152282715,0.39780285954475403,0.7119140625,0.4896206259727478,0.4896206259727478,0.9294031262397766,0.8914955854415894,0.5669599175453186,0.2399948537349701,0.6940789222717285,0.42459577322006226,0.5386119484901428,0.39650893211364746,0.39650893211364746,0.8706974387168884,0.8207639455795288,0.4750244915485382,0.170062854886055,0.6861575245857239,0.36463606357574463,0.4417237937450409,0.3141350746154785,0.3141350746154785,0.8194488883018494,0.7554027438163757,0.37721022963523865,0.1168782040476799,0.6749024987220764,0.37915951013565063,0.35658153891563416,0.2777620851993561,0.2777620851993561,0.7757009267807007,0.6998031735420227,0.3523622155189514,0.07663655281066895,0.6807313561439514,0.35306355357170105,0.30216535925865173,0.23435421288013458,0.23435421288013458,0.7343704104423523,0.6729248762130737,0.29841896891593933,0.04543622210621834,0.6622613668441772,0.2973557710647583,0.2618577182292938,0.20630614459514618,0.20630614459514618,0.7014255523681641,0.605940580368042,0.26138612627983093,0.020529333502054214,0.6715686321258545,0.2687758803367615,0.24257425963878632,0.6291828751564026,0.3670971691608429
05:19:55,58,0.9092164039611816,0.5718310475349426,0.34974029660224915,1.0,0.8923389911651611,0.7678647041320801,0.43932345509529114,3.0637295246124268,0.853104293346405,2e-05,8.332201911835,0.3721725046634674,0.3721725046634674,0.8240253925323486,5.5390625,0.7678647041320801,0.43932345509529114,0.6949338912963867,0.34974029660224915,3.5556640625,0.4178999364376068,0.3721725046634674,0.6937320232391357,0.0016242852434515953,0.0,0.9598831427173846,8.334347842959687,431.94741422282306,0.6558563113212585,0.6558563113212585,0.9751754403114319,0.96875,0.72265625,0.32915055751800537,0.7469757795333862,0.35788148641586304,0.724609375,0.5005684494972229,0.5005684494972229,0.921877920627594,0.8981390595436096,0.56611168384552,0.23964257538318634,0.7164667248725891,0.36572378873825073,0.5641527771949768,0.3941853940486908,0.3941853940486908,0.8614931702613831,0.8208661675453186,0.4635826647281647,0.1701519638299942,0.7086330652236938,0.3720143437385559,0.44783464074134827,0.3240402042865753,0.3240402042865753,0.8085126280784607,0.7384008169174194,0.3919052183628082,0.11755836009979248,0.6804812550544739,0.32013073563575745,0.3553800582885742,0.2795559763908386,0.2795559763908386,0.7697196006774902,0.6930692791938782,0.35346534848213196,0.07724537700414658,0.6971428394317627,0.3084983825683594,0.3237623870372772,0.235865518450737,0.235865518450737,0.7292618751525879,0.64115309715271,0.29522863030433655,0.04568738490343094,0.6387596726417542,0.30600157380104065,0.26838967204093933,0.20846718549728394,0.20846718549728394,0.6977998614311218,0.6089552044868469,0.2756218910217285,0.020563818514347076,0.6339869499206543,0.25318408012390137,0.23383083939552307,0.6371853947639465,0.3721725046634674
05:20:04,59,0.7781815528869629,0.48006245493888855,0.30762675404548645,1.0,0.9043402075767517,0.7767003774642944,0.4723159074783325,3.334775924682617,0.5732240676879883,2e-05,8.305438870796934,0.4119681715965271,0.4119681715965271,0.8268452882766724,5.6015625,0.7767003774642944,0.4723159074783325,0.7067124843597412,0.30762675404548645,3.6904296875,0.4496908485889435,0.4119682013988495,0.673985481262207,0.00176775804720819,0.0,0.9629586593752321,8.307729435851797,433.3313967188544,0.6566146016120911,0.6566146016120911,0.9687926173210144,0.9716796875,0.72265625,0.31376662850379944,0.7437185645103455,0.34235063195228577,0.72265625,0.5133692026138306,0.5133692026138306,0.9125421643257141,0.8740234375,0.58203125,0.2342197597026825,0.7072625756263733,0.33681273460388184,0.5576171875,0.42827102541923523,0.42827102541923523,0.8555544018745422,0.7925636172294617,0.49706459045410156,0.17151041328907013,0.7234567999839783,0.2854168117046356,0.47651663422584534,0.36667400598526,0.36667400598526,0.808704674243927,0.7502458095550537,0.4129793643951416,0.1223311573266983,0.7024901509284973,0.2671639919281006,0.4011799395084381,0.32683148980140686,0.32683148980140686,0.7736143469810486,0.7117472887039185,0.38499507308006287,0.08320458233356476,0.6768377423286438,0.26302316784858704,0.3534057140350342,0.3057020604610443,0.3057020604610443,0.7457026243209839,0.6759167313575745,0.35678890347480774,0.051151733845472336,0.6906158328056335,0.22137275338172913,0.3310208022594452,0.2813982367515564,0.2813982367515564,0.7193936109542847,0.6564051508903503,0.34458789229393005,0.023815728724002838,0.6838123798370361,0.25150465965270996,0.29990068078041077,0.6540607810020447,0.4119682013988495
05:20:12,60,1.1581485271453857,0.7273728251457214,0.44974011182785034,1.0,0.8566620349884033,0.7558955550193787,0.3882650136947632,2.6909079551696777,1.1095287799835205,2e-05,8.299299026839435,0.31854939460754395,0.31854939460754395,0.799138605594635,5.4306640625,0.7558955550193787,0.3882650136947632,0.6638811230659485,0.44974011182785034,3.1455078125,0.37071868777275085,0.31854942440986633,0.727906346321106,0.001589399529621005,0.0,0.9636894954891135,8.301429077982903,433.66027297010106,0.6221601366996765,0.6221601366996765,0.965627133846283,0.970703125,0.689453125,0.3491307199001312,0.7152917385101318,0.44146472215652466,0.6943359375,0.4506799876689911,0.4506799876689911,0.9069492220878601,0.8864970803260803,0.5205479264259338,0.24523009359836578,0.676600456237793,0.4732595980167389,0.514677107334137,0.3367893695831299,0.3367893695831299,0.8376537561416626,0.8037291169166565,0.41118744015693665,0.16727806627750397,0.6654456853866577,0.46019449830055237,0.40235525369644165,0.2675095796585083,0.2675095796585083,0.7837886810302734,0.7354965806007385,0.34709930419921875,0.11079688370227814,0.6617646813392639,0.4449985921382904,0.3097345232963562,0.21522153913974762,0.21522153913974762,0.7374607920646667,0.6791338324546814,0.2854330837726593,0.06999873369932175,0.6202898621559143,0.43952783942222595,0.25984251499176025,0.18309888243675232,0.18309888243675232,0.697492778301239,0.642011821269989,0.2495069056749344,0.04008465260267258,0.6543778777122498,0.37378090620040894,0.22781065106391907,0.1502828747034073,0.1502828747034073,0.6622121930122375,0.5701581239700317,0.21047431230545044,0.017480816692113876,0.6187174916267395,0.42520633339881897,0.1818181872367859,0.5998169183731079,0.31854942440986633
05:20:20,61,1.2295019626617432,0.799623429775238,0.4548533856868744,1.0,0.8614081740379333,0.7200842499732971,0.37457865476608276,2.630065679550171,1.156345248222351,2e-05,8.237319035921246,0.3009907603263855,0.3009907603263855,0.7662324905395508,4.919921875,0.7200842499732971,0.37457865476608276,0.6567193269729614,0.4548533856868744,2.9912109375,0.35140448808670044,0.3009907305240631,0.7430999279022217,0.0014296192675828934,0.0,0.970953570023316,8.239322916138917,436.9291065104922,0.5888456106185913,0.5888456106185913,0.9565510749816895,0.9677734375,0.666015625,0.3465455174446106,0.6831483244895935,0.5050989985466003,0.662109375,0.40978875756263733,0.40978875756263733,0.8823095560073853,0.8452497720718384,0.48481881618499756,0.24162185192108154,0.670915424823761,0.49645376205444336,0.47698333859443665,0.2953358590602875,0.2953358590602875,0.8005401492118835,0.740667998790741,0.36935165524482727,0.1652880162000656,0.6485410928726196,0.46967682242393494,0.3428290784358978,0.24728161096572876,0.24728161096572876,0.7439917325973511,0.6938976645469666,0.3277558982372284,0.11140724271535873,0.673758864402771,0.38280999660491943,0.29527559876441956,0.20764347910881042,0.20764347910881042,0.6967556476593018,0.6397637724876404,0.27952754497528076,0.07248429208993912,0.6307692527770996,0.30850115418434143,0.2568897604942322,0.1849871575832367,0.1849871575832367,0.6556486487388611,0.5838264226913452,0.258382648229599,0.04304007440805435,0.6368243098258972,0.26162299513816833,0.2209073007106781,0.16938580572605133,0.16938580572605133,0.6247789859771729,0.5657764673233032,0.23244312405586243,0.019613005220890045,0.6293706297874451,0.2196359932422638,0.20079129934310913,0.5862328410148621,0.3009907305240631
05:20:29,62,0.8867320418357849,0.5718151926994324,0.3280829191207886,1.0,0.8968678116798401,0.7525628209114075,0.43182137608528137,3.1064887046813965,0.6291881203651428,2e-05,8.351865991018713,0.37019869685173035,0.37019869685173035,0.792020320892334,5.302734375,0.7525628209114075,0.43182137608528137,0.6932263374328613,0.3280829191207886,3.4833984375,0.4144080877304077,0.37019872665405273,0.6974069476127625,0.0016643651761114597,0.0,0.9576128507962115,8.354106770129874,430.9257828582952,0.6242299675941467,0.6242299675941467,0.9523723125457764,0.9521484375,0.6884765625,0.32125794887542725,0.7261538505554199,0.366455614566803,0.69140625,0.4681302011013031,0.4681302011013031,0.8893477320671082,0.8530852198600769,0.528893232345581,0.2354862093925476,0.6900115013122559,0.3727354109287262,0.5161606073379517,0.3862612545490265,0.3862612545490265,0.8200107216835022,0.7784313559532166,0.44607841968536377,0.1700769066810608,0.6964735388755798,0.3109985589981079,0.43431371450424194,0.3264145255088806,0.3264145255088806,0.7695698738098145,0.7394297122955322,0.39429694414138794,0.12004239857196808,0.6755319237709045,0.2851044237613678,0.37069812417030334,0.29098057746887207,0.29098057746887207,0.7344679832458496,0.6788177490234375,0.3536945879459381,0.08096696436405182,0.6719883680343628,0.25878018140792847,0.3300492465496063,0.25986072421073914,0.25986072421073914,0.7000611424446106,0.6416584253311157,0.3218163847923279,0.04934762418270111,0.7061538696289062,0.18334725499153137,0.28923988342285156,0.23192700743675232,0.23192700743675232,0.6755815148353577,0.6211671829223633,0.28585559129714966,0.022821947932243347,0.6735668778419495,0.21436430513858795,0.26508408784866333,0.6385257244110107,0.37019872665405273
05:20:37,63,0.8171858787536621,0.5155546069145203,0.3126966655254364,1.0,0.8996723294258118,0.7722994685173035,0.4532940089702606,3.2402145862579346,0.5372860431671143,2e-05,8.550045053940266,0.39237552881240845,0.39237552881240845,0.8166001439094543,5.490234375,0.7722994685173035,0.4532940089702606,0.704983651638031,0.3126966655254364,3.5576171875,0.43095940351486206,0.39237546920776367,0.6806337237358093,0.0016123619861900806,0.0,0.9354209782792603,8.552299109986052,420.93944022566717,0.6598164439201355,0.6598164439201355,0.9691692590713501,0.9609375,0.71484375,0.3199172914028168,0.7418699264526367,0.33464208245277405,0.712890625,0.5128993391990662,0.5128993391990662,0.9087772965431213,0.8901960849761963,0.5754901766777039,0.23608067631721497,0.7268722653388977,0.31954628229141235,0.5578431487083435,0.3990020155906677,0.3990020155906677,0.8511326313018799,0.810598611831665,0.45731109380722046,0.1705157309770584,0.694915235042572,0.3579160273075104,0.44847890734672546,0.3482592701911926,0.3482592701911926,0.8015813231468201,0.7448478937149048,0.42100098729133606,0.12038423866033554,0.7127799987792969,0.267808735370636,0.38861629366874695,0.30417561531066895,0.30417561531066895,0.7577642798423767,0.6998031735420227,0.36515748500823975,0.08099000155925751,0.6891701817512512,0.2408762276172638,0.3356299102306366,0.26468953490257263,0.26468953490257263,0.7261223793029785,0.6660078763961792,0.32114624977111816,0.04920404404401779,0.6646884083747864,0.25459980964660645,0.2865612506866455,0.25385957956314087,0.25385957956314087,0.6988645792007446,0.630327045917511,0.3141724467277527,0.02290794439613819,0.6808176040649414,0.195455402135849,0.2824578881263733,0.6558221578598022,0.39237546920776367
05:20:46,64,1.229539155960083,0.7933039665222168,0.46152985095977783,1.0,0.8573384881019592,0.7140254974365234,0.3738265335559845,2.6281492710113525,0.6938973665237427,2e-05,8.356588824186474,0.3015395402908325,0.3015395402908325,0.7629919648170471,4.9267578125,0.7140254974365234,0.3738265335559845,0.6420722007751465,0.46152985095977783,3.005859375,0.3501471281051636,0.3015395402908325,0.7411115169525146,0.0017049387097358704,0.0,0.9570521895781067,8.359000780852512,430.673485310148,0.5856684446334839,0.5856684446334839,0.9515554904937744,0.9619140625,0.662109375,0.34639203548431396,0.6781725883483887,0.4841792583465576,0.65234375,0.40066200494766235,0.40066200494766235,0.8698540329933167,0.853515625,0.4765625,0.24200955033302307,0.6464530825614929,0.5338801145553589,0.474609375,0.3107478618621826,0.3107478618621826,0.7979977130889893,0.7375122308731079,0.38883447647094727,0.1659671664237976,0.6414342522621155,0.4618377983570099,0.36336925625801086,0.24123124778270721,0.24123124778270721,0.738191545009613,0.6673209071159363,0.3042198121547699,0.11146573722362518,0.6397058963775635,0.4338929057121277,0.28949952125549316,0.21916396915912628,0.21916396915912628,0.6950709819793701,0.6080549955368042,0.3035363554954529,0.07229676842689514,0.6655896902084351,0.2764255106449127,0.2632612884044647,0.18333736062049866,0.18333736062049866,0.6600684523582458,0.6145526170730591,0.24483776092529297,0.04261321201920509,0.5712000131607056,0.31155166029930115,0.20845624804496765,0.16709473729133606,0.16709473729133606,0.6257451176643372,0.5522682666778564,0.2337278127670288,0.019255559891462326,0.6285714507102966,0.25217363238334656,0.1962524652481079,0.5805683135986328,0.3015395402908325
05:20:54,65,0.4950729012489319,0.30482810735702515,0.19388744235038757,1.0,0.9383847117424011,0.8412336707115173,0.5622910857200623,4.046204090118408,0.9407729506492615,2e-05,8.409310271963477,0.51412433385849,0.51412433385849,0.8763104677200317,6.201680660247803,0.8412336707115173,0.5622910857200623,0.7839985489845276,0.19388744235038757,4.508403301239014,0.5502886772155762,0.51412433385849,0.6041565537452698,0.00174425239674747,0.0,0.9510668690461106,8.411606229143217,427.9800910707498,0.7480317950248718,0.7480317950248718,0.9767419695854187,0.9726890921592712,0.7920168042182922,0.29767122864723206,0.8164147138595581,0.1985078901052475,0.7941176295280457,0.6218269467353821,0.6218269467353821,0.9425427913665771,0.9239704608917236,0.6726504564285278,0.23064030706882477,0.7874285578727722,0.21029303967952728,0.6684266328811646,0.5415913462638855,0.5415913462638855,0.9015610814094543,0.867584764957428,0.6038135886192322,0.17466773092746735,0.8034188151359558,0.1839098036289215,0.5879237055778503,0.482983261346817,0.482983261346817,0.8663612604141235,0.806382954120636,0.521276593208313,0.1279105544090271,0.7849604487419128,0.1699276864528656,0.5191489458084106,0.4343894124031067,0.4343894124031067,0.8394962549209595,0.8066239356994629,0.4839743673801422,0.08852985501289368,0.7629138827323914,0.1889723688364029,0.46688035130500793,0.3943396210670471,0.3943396210670471,0.8125643730163574,0.7706323862075806,0.43837085366249084,0.05489538237452507,0.75660640001297,0.1976088434457779,0.41800642013549805,0.3690279722213745,0.3690279722213745,0.7914888262748718,0.7365591526031494,0.4172042906284332,0.02568495087325573,0.7635036706924438,0.18635278940200806,0.39032256603240967,0.7388178706169128,0.51412433385849
05:21:02,66,1.118896245956421,0.733485758304596,0.40658682584762573,1.0,0.8767331838607788,0.7289680242538452,0.39610207080841064,2.7563295364379883,0.891027569770813,2e-05,8.355790926143527,0.3244771957397461,0.3244771957397461,0.7745137214660645,4.986328125,0.7289680242538452,0.39610207080841064,0.6758992075920105,0.40658682584762573,3.1591796875,0.3714245557785034,0.3244772255420685,0.7258907556533813,0.0016672969795763493,0.0,0.9571600656962344,8.358058684971184,430.72202956330545,0.5975797176361084,0.5975797176361084,0.9497990012168884,0.95703125,0.677734375,0.3376379609107971,0.699999988079071,0.4718588590621948,0.6689453125,0.42285722494125366,0.42285722494125366,0.8776525259017944,0.837890625,0.5126953125,0.23960421979427338,0.6946386694908142,0.4675857424736023,0.490234375,0.330366313457489,0.330366313457489,0.8097569942474365,0.7463271021842957,0.3986288011074066,0.16722068190574646,0.6955380439758301,0.3628571927547455,0.38785505294799805,0.2757839560508728,0.2757839560508728,0.7559527158737183,0.6918547749519348,0.34838077425956726,0.11457559466362,0.6652482151985168,0.29988330602645874,0.30618253350257874,0.24315838515758514,0.24315838515758514,0.7103807926177979,0.665683388710022,0.3087512254714966,0.07540658116340637,0.6617429852485657,0.28228944540023804,0.2812192738056183,0.2060636729001999,0.2060636729001999,0.6726066470146179,0.6019704341888428,0.27192118763923645,0.04500580206513405,0.649754524230957,0.26690128445625305,0.2344827651977539,0.1921633630990982,0.1921633630990982,0.6425802111625671,0.5988142490386963,0.2509881556034088,0.02054929919540882,0.6402640342712402,0.24742569029331207,0.22727273404598236,0.6122248768806458,0.3244772255420685
05:21:11,67,1.0158175230026245,0.6381092667579651,0.3928559720516205,1.0,0.8784130811691284,0.75789475440979,0.4169824421405792,2.9436521530151367,0.9490779638290405,2e-05,8.43138679000549,0.35508888959884644,0.35508888959884644,0.8175181150436401,5.4814453125,0.75789475440979,0.4169824421405792,0.6844444274902344,0.3928559720516205,3.3740234375,0.4016842246055603,0.35508888959884644,0.7061663269996643,0.0015341660473495722,0.0,0.9486016195110661,8.43346652109176,426.8707287799798,0.6437983512878418,0.6437983512878418,0.9726005792617798,0.978515625,0.6962890625,0.3349936008453369,0.7135728597640991,0.40940260887145996,0.6982421875,0.49035555124282837,0.49035555124282837,0.9147998690605164,0.8795298933982849,0.5582761764526367,0.2416147142648697,0.7260578870773315,0.39929425716400146,0.5572967529296875,0.37967684864997864,0.37967684864997864,0.8526068925857544,0.8078431487083435,0.4519607722759247,0.16954469680786133,0.6881067752838135,0.38522741198539734,0.4382352828979492,0.2989380657672882,0.2989380657672882,0.8012862801551819,0.7229862213134766,0.357563853263855,0.11540450900793076,0.6725543737411499,0.3743498623371124,0.3546169102191925,0.251461386680603,0.251461386680603,0.7595776915550232,0.6771653294563293,0.31397637724876404,0.07487250119447708,0.6409883499145508,0.37989887595176697,0.29429134726524353,0.21745426952838898,0.21745426952838898,0.7243346571922302,0.6242603659629822,0.27218934893608093,0.04393243044614792,0.6508688926696777,0.35548049211502075,0.23570019006729126,0.20013123750686646,0.20013123750686646,0.6949484348297119,0.6116600632667542,0.2648221254348755,0.01963765174150467,0.6688206791877747,0.3176913261413574,0.2292490154504776,0.627018392086029,0.35508888959884644
05:21:19,68,1.3309929370880127,0.8752505779266357,0.4843239188194275,1.0,0.8425321578979492,0.7062456011772156,0.3577543795108795,2.496286630630493,0.7454155087471008,2e-05,8.476510965032503,0.2867179214954376,0.2867179214954376,0.7545289993286133,4.943359375,0.7062456011772156,0.3577543795108795,0.6458664536476135,0.4843239188194275,2.8720703125,0.32842105627059937,0.2867179214954376,0.7537352442741394,0.0018483668100088835,0.0,0.9435172023537407,8.478912710910663,424.5827410591833,0.5641719698905945,0.5641719698905945,0.9478199481964111,0.947265625,0.6328125,0.35396939516067505,0.6556701064109802,0.5278803706169128,0.619140625,0.3920329809188843,0.3920329809188843,0.8675400614738464,0.8472086191177368,0.4671890437602997,0.24473901093006134,0.639306366443634,0.5306378602981567,0.4436826705932617,0.2991049289703369,0.2991049289703369,0.7901808619499207,0.724950909614563,0.37721022963523865,0.16571706533432007,0.6775068044662476,0.4338921010494232,0.34872299432754517,0.24612434208393097,0.24612434208393097,0.7333622574806213,0.6787819266319275,0.3280943036079407,0.10952715575695038,0.6555716395378113,0.40961092710494995,0.2799607217311859,0.1891966313123703,0.1891966313123703,0.6825443506240845,0.623031497001648,0.24901574850082397,0.06907591223716736,0.6240126490592957,0.4125473201274872,0.2263779491186142,0.17060217261314392,0.17060217261314392,0.645845353603363,0.562561571598053,0.2384236454963684,0.03962090238928795,0.6444833874702454,0.38135820627212524,0.20295566320419312,0.14260514080524445,0.14260514080524445,0.6117752194404602,0.5567620992660522,0.20829220116138458,0.017350586131215096,0.6117021441459656,0.3171364665031433,0.17472852766513824,0.5852871537208557,0.2867179214954376
05:21:28,69,1.1590183973312378,0.7408271431922913,0.44084519147872925,1.0,0.861850380897522,0.7423071265220642,0.39918506145477295,2.7007172107696533,0.874162495136261,2e-05,8.30907188076526,0.32324764132499695,0.32324764132499695,0.7827157378196716,5.1083984375,0.7423071265220642,0.39918506145477295,0.6549308896064758,0.44084519147872925,3.03125,0.3679921329021454,0.32324764132499695,0.7241641879081726,0.0017148652113974094,0.0,0.9625385009756438,8.311355849029496,433.14232543903967,0.5830170512199402,0.5830170512199402,0.9502444863319397,0.9501953125,0.650390625,0.3402053117752075,0.6813977360725403,0.4867211878299713,0.6474609375,0.4425402581691742,0.4425402581691742,0.8863444328308105,0.8511263728141785,0.5298726558685303,0.2410600185394287,0.681242823600769,0.4591970145702362,0.5004897117614746,0.32720431685447693,0.32720431685447693,0.8229698538780212,0.7475442290306091,0.40176817774772644,0.16708213090896606,0.6701708436012268,0.45131659507751465,0.3752455711364746,0.27522021532058716,0.27522021532058716,0.7645733952522278,0.7083743810653687,0.35172414779663086,0.11359035223722458,0.635604977607727,0.40823325514793396,0.31231528520584106,0.23823747038841248,0.23823747038841248,0.7204549908638,0.6745561957359314,0.3136094808578491,0.0741259828209877,0.6491228342056274,0.3265332281589508,0.2761341333389282,0.20378714799880981,0.20378714799880981,0.6804159879684448,0.6479290127754211,0.2790926992893219,0.04394656419754028,0.6225266456604004,0.29177793860435486,0.23668639361858368,0.18897613883018494,0.18897613883018494,0.6511091589927673,0.613254189491272,0.2640949487686157,0.019989721477031708,0.6209677457809448,0.23967298865318298,0.2235410511493683,0.5977880358695984,0.32324764132499695
05:21:36,70,0.8304101228713989,0.5307186245918274,0.3105703592300415,1.0,0.9051532745361328,0.7585626244544983,0.4333239793777466,3.231753349304199,0.7426505088806152,2e-05,8.540258748224005,0.3779267370700836,0.3779267370700836,0.8036473989486694,5.40625,0.7585626244544983,0.4333239793777466,0.7011473178863525,0.3105703592300415,3.5986328125,0.4223750829696655,0.3779267370700836,0.6945475935935974,0.0017202922608703375,0.0,0.9364970281804496,8.542472383007407,421.4236626812023,0.6333593726158142,0.6333593726158142,0.9641141295433044,0.9619140625,0.68359375,0.31729161739349365,0.7187817096710205,0.36259716749191284,0.69140625,0.47825077176094055,0.47825077176094055,0.9054731130599976,0.8697355389595032,0.5416258573532104,0.23426242172718048,0.7139639854431152,0.3466019928455353,0.549461305141449,0.39465510845184326,0.39465510845184326,0.8450232744216919,0.8125613331794739,0.45338568091392517,0.17027907073497772,0.6871980428695679,0.3001604676246643,0.4455348253250122,0.328184574842453,0.328184574842453,0.7834022641181946,0.7354965806007385,0.38741394877433777,0.12091224640607834,0.6898396015167236,0.2826201915740967,0.3608652949333191,0.2916490435600281,0.2916490435600281,0.7409459948539734,0.664370059967041,0.35039371252059937,0.08239719271659851,0.7348148226737976,0.1804763823747635,0.33070865273475647,0.2642165720462799,0.2642165720462799,0.7031562328338623,0.6285714507102966,0.31231528520584106,0.050885044038295746,0.6786834001541138,0.18739943206310272,0.29950737953186035,0.25205886363983154,0.25205886363983154,0.6809680461883545,0.6343873739242554,0.3013834059238434,0.023972399532794952,0.6744548082351685,0.1602402925491333,0.2756916880607605,0.6460750699043274,0.3779267370700836
05:21:44,71,0.7669647336006165,0.48866456747055054,0.2882715165615082,1.0,0.9121755361557007,0.7704088687896729,0.46972039341926575,3.3456342220306396,0.5255245566368103,2e-05,8.334893956314772,0.40662381052970886,0.40662381052970886,0.8173986673355103,5.5,0.7704088687896729,0.46972039341926575,0.7286157011985779,0.2882715165615082,3.740234375,0.45426443219184875,0.40662381052970886,0.6704040765762329,0.001602974021807313,0.0,0.9595690771373636,8.33707566303201,431.80608471181364,0.6705942749977112,0.6705942749977112,0.962787389755249,0.958984375,0.7333984375,0.31553709506988525,0.7617108225822449,0.3157561719417572,0.73046875,0.5086377859115601,0.5086377859115601,0.9003185033798218,0.8709677457809448,0.5708699822425842,0.23451213538646698,0.7351290583610535,0.3334692716598511,0.5816226601600647,0.41821804642677307,0.41821804642677307,0.8473509550094604,0.7943192720413208,0.48481881618499756,0.17111609876155853,0.7311960458755493,0.29657891392707825,0.4691478908061981,0.36358869075775146,0.36358869075775146,0.8024133443832397,0.7394297122955322,0.4277286231517792,0.12183810770511627,0.7433510422706604,0.22700299322605133,0.4159291982650757,0.3182491064071655,0.3182491064071655,0.7654579877853394,0.6850937604904175,0.38005924224853516,0.08270035684108734,0.7132564783096313,0.20445683598518372,0.363277405500412,0.2936630845069885,0.2936630845069885,0.7341540455818176,0.6755687594413757,0.35014837980270386,0.05070717632770538,0.7203513979911804,0.1902361363172531,0.3254203796386719,0.2687170207500458,0.2687170207500458,0.7060196399688721,0.6646825671195984,0.3363095223903656,0.023589009419083595,0.6761193871498108,0.21266880631446838,0.2886904776096344,0.6719178557395935,0.40662381052970886
05:21:53,72,0.787614643573761,0.47791674733161926,0.31763753294944763,1.0,0.9002932906150818,0.8193548321723938,0.4858345091342926,3.3278980255126953,0.731752872467041,2e-05,8.297406442696229,0.4254266321659088,0.4254266321659088,0.8563970327377319,6.0341796875,0.8193548321723938,0.4858345091342926,0.7319411039352417,0.31763753294944763,3.7958984375,0.46928471326828003,0.4254266321659088,0.6617893576622009,0.0016683510039001703,0.0,0.9639012264076537,8.29960558284074,433.7555518834442,0.6964758038520813,0.6964758038520813,0.9792486429214478,0.9833984375,0.744140625,0.31944727897644043,0.7557100057601929,0.31485646963119507,0.7431640625,0.5502229928970337,0.5502229928970337,0.9348175525665283,0.9188660979270935,0.6138807535171509,0.23786857724189758,0.7446808218955994,0.33334362506866455,0.6089931726455688,0.4577574133872986,0.4577574133872986,0.8857067823410034,0.8444226980209351,0.523483395576477,0.1725134700536728,0.7531865835189819,0.29482585191726685,0.5176125168800354,0.37948453426361084,0.37948453426361084,0.8450771570205688,0.8039215803146362,0.44411763548851013,0.1206565797328949,0.7243902683258057,0.34082379937171936,0.42352941632270813,0.3341767489910126,0.3341767489910126,0.8095327615737915,0.7618110179901123,0.39960628747940063,0.0800103172659874,0.7196382284164429,0.3170773684978485,0.3681102395057678,0.2963898181915283,0.2963898181915283,0.7806050181388855,0.7334649562835693,0.36623889207839966,0.047818686813116074,0.7025572061538696,0.29936328530311584,0.32477790117263794,0.25944051146507263,0.25944051146507263,0.7575423121452332,0.6867588758468628,0.30533596873283386,0.021685030311346054,0.7079136967658997,0.2799314260482788,0.29446640610694885,0.6845910549163818,0.4254266321659088
05:22:01,73,0.8223494291305542,0.504109799861908,0.3279682695865631,1.0,0.8960227966308594,0.8061023354530334,0.47230035066604614,3.2040293216705322,0.6235871911048889,2e-05,8.32614874583669,0.4039362370967865,0.4039362370967865,0.8383651971817017,5.830078125,0.8061023354530334,0.47230035066604614,0.7221350073814392,0.3279682695865631,3.634765625,0.4516310393810272,0.4039362370967865,0.6700685024261475,0.0016511748544871807,0.0,0.9605759445735328,8.328336812090129,432.25917505808974,0.6651384234428406,0.6651384234428406,0.9716184139251709,0.9658203125,0.7294921875,0.3211647570133209,0.7502527832984924,0.34450504183769226,0.724609375,0.5155984163284302,0.5155984163284302,0.9268699884414673,0.8825831413269043,0.5831702351570129,0.23719945549964905,0.725055456161499,0.34235629439353943,0.5636007785797119,0.43034830689430237,0.43034830689430237,0.8741484880447388,0.845927357673645,0.49362120032310486,0.17134708166122437,0.7308584451675415,0.32025426626205444,0.4867517054080963,0.35723593831062317,0.35723593831062317,0.8269696831703186,0.810412585735321,0.42337918281555176,0.12000123411417007,0.6981818079948425,0.33859243988990784,0.4007858633995056,0.31614235043525696,0.31614235043525696,0.7859805822372437,0.7364264726638794,0.3948667347431183,0.08002497255802155,0.7292225360870361,0.2816294729709625,0.3672260642051697,0.2827080190181732,0.2827080190181732,0.7528381943702698,0.7155599594116211,0.3548067510128021,0.0481877326965332,0.692520797252655,0.2592869997024536,0.3161545991897583,0.25526848435401917,0.25526848435401917,0.7267432808876038,0.682224452495575,0.3217477798461914,0.022074783220887184,0.7190684080123901,0.24154439568519592,0.2969215512275696,0.6662434339523315,0.4039362370967865
05:22:10,74,1.103663682937622,0.7017303705215454,0.4204985201358795,1.0,0.8663500547409058,0.7612966895103455,0.41453832387924194,2.784864664077759,0.8817898631095886,2e-05,8.456680365139619,0.3409886658191681,0.3409886658191681,0.8044736385345459,5.3818359375,0.7612966895103455,0.41453832387924194,0.6816589832305908,0.4204985201358795,3.208984375,0.3842267692089081,0.3409886658191681,0.7154541611671448,0.001825489103794098,0.0,0.9457361145306538,8.459019251866266,425.58125153879416,0.6271461844444275,0.6271461844444275,0.967331051826477,0.9541015625,0.6796875,0.3417106568813324,0.709314227104187,0.4227430522441864,0.6787109375,0.46111002564430237,0.46111002564430237,0.9050920009613037,0.8698630332946777,0.5362035036087036,0.24332690238952637,0.6974128484725952,0.454484760761261,0.5156555771827698,0.3683912456035614,0.3683912456035614,0.8446848392486572,0.8021547794342041,0.4427032172679901,0.16885881125926971,0.6898657083511353,0.3992147743701935,0.41332027316093445,0.2953945994377136,0.2953945994377136,0.7907944321632385,0.7352941036224365,0.37745097279548645,0.11337947100400925,0.6653333306312561,0.4105609953403473,0.3480392098426819,0.2453947365283966,0.2453947365283966,0.7418390512466431,0.6889764070510864,0.3248031437397003,0.0723634883761406,0.6871428489685059,0.3615364134311676,0.28740158677101135,0.2067166268825531,0.2067166268825531,0.7040742039680481,0.6640316247940063,0.28359684348106384,0.041867077350616455,0.644345223903656,0.4429817199707031,0.23320157825946808,0.17852117121219635,0.17852117121219635,0.6744444966316223,0.6112759709358215,0.25321462750434875,0.018493643030524254,0.6585760712623596,0.3507857918739319,0.20870424807071686,0.6254169940948486,0.3409886658191681
05:22:18,75,1.0749233961105347,0.6770551800727844,0.4142768383026123,1.0,0.8705877065658569,0.7805050015449524,0.4323599934577942,2.8546464443206787,0.8278757333755493,2e-05,8.501621786970645,0.3631114065647125,0.3631114065647125,0.8403305411338806,5.55078125,0.7805050015449524,0.4323599934577942,0.6896800994873047,0.4142768383026123,3.3525390625,0.4044294059276581,0.3631114065647125,0.6983610987663269,0.0017519118264317513,0.0,0.9407480613401014,8.50387083296664,423.3366276030456,0.6661578416824341,0.6661578416824341,0.9729704856872559,0.96875,0.728515625,0.344131737947464,0.7469757795333862,0.3743644058704376,0.7236328125,0.513759434223175,0.513759434223175,0.9252452254295349,0.8852941393852234,0.5843137502670288,0.24630451202392578,0.7375415563583374,0.39546850323677063,0.5656862854957581,0.40209025144577026,0.40209025144577026,0.8745418190956116,0.8210422992706299,0.4768928289413452,0.17016687989234924,0.6958084106445312,0.4237839877605438,0.44542771577835083,0.31638646125793457,0.31638646125793457,0.830994725227356,0.7747035622596741,0.38735178112983704,0.11276742070913315,0.6645408272743225,0.482521653175354,0.3537549376487732,0.25689417123794556,0.25689417123794556,0.7901784777641296,0.7311508059501648,0.32341268658638,0.0705106258392334,0.6689280867576599,0.48037654161453247,0.3055555522441864,0.20997978746891022,0.20997978746891022,0.7577480673789978,0.6497512459754944,0.27363184094429016,0.03945402801036835,0.6385911107063293,0.494825154542923,0.2417910397052765,0.16832362115383148,0.16832362115383148,0.7264397740364075,0.6271186470985413,0.24426719546318054,0.016664769500494003,0.63116055727005,0.555804967880249,0.18644067645072937,0.6334396600723267,0.3631114065647125
05:22:26,76,1.2238178253173828,0.7739319801330566,0.47223782539367676,1.0,0.852820098400116,0.7508417367935181,0.38552188873291016,2.6346685886383057,1.017316222190857,2e-05,8.431093459250405,0.31195953488349915,0.31195953488349915,0.7788330912590027,5.275390625,0.7508417367935181,0.38552188873291016,0.6575112342834473,0.47223782539367676,3.0751953125,0.36265432834625244,0.31195953488349915,0.7339152693748474,0.0016551271546632051,0.0,0.9486108101886206,8.43338481290266,426.8748645848793,0.6075214147567749,0.6075214147567749,0.9576171636581421,0.96875,0.67578125,0.3507334887981415,0.7016128897666931,0.4601670503616333,0.6796875,0.4379841685295105,0.4379841685295105,0.8865124583244324,0.86328125,0.5068359375,0.24570563435554504,0.662895917892456,0.49347367882728577,0.4931640625,0.33085280656814575,0.33085280656814575,0.8257585763931274,0.7629774808883667,0.41234084963798523,0.1670619249343872,0.6572529077529907,0.5048137903213501,0.3829578757286072,0.2621987760066986,0.2621987760066986,0.7622005343437195,0.7325466871261597,0.34414947032928467,0.11021193861961365,0.6523489952087402,0.45684418082237244,0.3087512254714966,0.21193554997444153,0.21193554997444153,0.711846649646759,0.6798029541969299,0.29162561893463135,0.069346122443676,0.6507246494293213,0.4661097824573517,0.25615763664245605,0.17720423638820648,0.17720423638820648,0.6698694825172424,0.6538461446762085,0.2534516751766205,0.03959646448493004,0.6319758892059326,0.42353641986846924,0.22386588156223297,0.15181951224803925,0.15181951224803925,0.6348511576652527,0.5913129448890686,0.21026653051376343,0.017344452440738678,0.6193656325340271,0.33736947178840637,0.18953603506088257,0.5962315201759338,0.31195953488349915
05:22:35,77,0.965731680393219,0.6048445701599121,0.3739677965641022,1.0,0.8841463923454285,0.7848633527755737,0.4400840997695923,3.003192663192749,0.7498328685760498,2e-05,8.330110736191273,0.3699784278869629,0.3699784278869629,0.8165465593338013,5.6396484375,0.7848633527755737,0.4400840997695923,0.699821412563324,0.3739677965641022,3.494140625,0.42326560616493225,0.3699784576892853,0.6999394297599792,0.0013748479541391134,0.0,0.960141377693898,8.33210627711378,432.06361996225405,0.6599104404449463,0.6599104404449463,0.9724036455154419,0.974609375,0.7236328125,0.33297958970069885,0.7434870004653931,0.36967214941978455,0.7236328125,0.503290057182312,0.503290057182312,0.9199835658073425,0.912109375,0.578125,0.24112434685230255,0.7141327857971191,0.42017480731010437,0.5703125,0.3838876485824585,0.3838876485824585,0.8557441830635071,0.8173828125,0.4501953125,0.16969187557697296,0.6714456677436829,0.39123934507369995,0.43359375,0.3227454125881195,0.3227454125881195,0.7989171743392944,0.772549033164978,0.40392157435417175,0.1159665435552597,0.6992385983467102,0.3482775390148163,0.37156862020492554,0.2752437889575958,0.2752437889575958,0.7533082365989685,0.6919291615486145,0.35039371252059937,0.075558140873909,0.7055476307868958,0.3190540671348572,0.32283464074134827,0.23335514962673187,0.23335514962673187,0.7197940945625305,0.6768472790718079,0.2945812940597534,0.04460529610514641,0.6957787275314331,0.27947133779525757,0.2857142984867096,0.20738600194454193,0.20738600194454193,0.6928117275238037,0.6452569365501404,0.2756916880607605,0.02007410116493702,0.6477794647216797,0.288539856672287,0.2509881556034088,0.6416578888893127,0.3699784576892853
05:22:43,78,1.0351345539093018,0.6683213114738464,0.3838194012641907,1.0,0.8787489533424377,0.7413089275360107,0.403940886259079,2.8602542877197266,0.6484771966934204,2e-05,8.433883820194751,0.33662447333335876,0.33662447333335876,0.7913254499435425,5.16796875,0.7413089275360107,0.403940886259079,0.6798936724662781,0.3838194012641907,3.2529296875,0.38465869426727295,0.33662447333335876,0.7189589738845825,0.0015869310591369867,0.0,0.9483120328667208,8.436041854089126,426.7404147900244,0.6106173396110535,0.6106173396110535,0.9628643989562988,0.9697265625,0.6669921875,0.33502569794654846,0.6807653307914734,0.44224104285240173,0.66015625,0.4514353573322296,0.4514353573322296,0.8895188570022583,0.863725483417511,0.5284313559532166,0.24008727073669434,0.7060158848762512,0.39402249455451965,0.5098039507865906,0.35459327697753906,0.35459327697753906,0.8221730589866638,0.7526987195014954,0.4357213079929352,0.16857631504535675,0.7105606198310852,0.3714013695716858,0.41216880083084106,0.29137715697288513,0.29137715697288513,0.7718180418014526,0.7372047305107117,0.36220473051071167,0.1154138371348381,0.6515353918075562,0.34078481793403625,0.3395669162273407,0.23120418190956116,0.23120418190956116,0.7270559668540955,0.6581027507781982,0.28260868787765503,0.07549683004617691,0.6531531810760498,0.29165276885032654,0.2747035622596741,0.21653909981250763,0.21653909981250763,0.693557858467102,0.6194251775741577,0.2804757058620453,0.04496627300977707,0.6832000017166138,0.23454716801643372,0.2636273503303528,0.19516852498054504,0.19516852498054504,0.6682020425796509,0.5830845832824707,0.26567164063453674,0.020433669909834862,0.6621160507202148,0.2572837173938751,0.22686567902565002,0.6228817105293274,0.33662447333335876
05:22:52,79,0.8575812578201294,0.5358099937438965,0.33243250846862793,1.0,0.8961212038993835,0.7902551293373108,0.462736040353775,3.218432903289795,1.6234203577041626,2e-05,8.29410370788537,0.40209469199180603,0.40209469199180603,0.8471698760986328,5.691691875457764,0.7902551293373108,0.462736040353775,0.7126960754394531,0.33243250846862793,3.682682752609253,0.44500505924224854,0.40209469199180603,0.675550103187561,0.0016963896341621876,0.0,0.964271963832995,8.29641460091807,433.92238372484775,0.6809880137443542,0.6809880137443542,0.9751633405685425,0.965965986251831,0.7317317128181458,0.32444527745246887,0.7502590417861938,0.34137243032455444,0.7247247099876404,0.5474861264228821,0.5474861264228821,0.9323441386222839,0.9026104211807251,0.608433723449707,0.23935069143772125,0.7363737225532532,0.31972941756248474,0.5973895788192749,0.4309149980545044,0.4309149980545044,0.88523268699646,0.8449143767356873,0.49647533893585205,0.17139111459255219,0.7103694677352905,0.36697670817375183,0.4763343334197998,0.3537983000278473,0.3537983000278473,0.8359521627426147,0.7767676711082458,0.42020201683044434,0.11896152049303055,0.695708692073822,0.3352738618850708,0.39393940567970276,0.30510738492012024,0.30510738492012024,0.7978001236915588,0.7125505805015564,0.36538460850715637,0.07848849892616272,0.7045454382896423,0.2862432599067688,0.35121458768844604,0.2601599097251892,0.2601599097251892,0.7650798559188843,0.6616008281707764,0.31610941886901855,0.0464918278157711,0.6830015182495117,0.29099124670028687,0.2998986840248108,0.23104144632816315,0.23104144632816315,0.735798180103302,0.6636179089546204,0.29573169350624084,0.02087109349668026,0.6860643029212952,0.2950432300567627,0.26626017689704895,0.668031632900238,0.40209469199180603
05:23:00,80,1.233070969581604,0.7947476506233215,0.4636598825454712,1.0,0.8567811846733093,0.7155898809432983,0.3726123571395874,2.6221110820770264,0.750916063785553,2e-05,8.304407599847764,0.30329400300979614,0.30329400300979614,0.7645674347877502,5.0205078125,0.7155898809432983,0.3726123571395874,0.6549558639526367,0.4636598825454712,3.0107421875,0.35252809524536133,0.30329400300979614,0.7391873598098755,0.0017970474436879158,0.0,0.9630769881415613,8.306708703981712,433.3846446637026,0.5981279015541077,0.5981279015541077,0.9528185129165649,0.955078125,0.673828125,0.34930315613746643,0.696319043636322,0.4727928042411804,0.6650390625,0.4162963330745697,0.4162963330745697,0.8641870617866516,0.8313725590705872,0.48725488781929016,0.2434873878955841,0.661556601524353,0.5005591511726379,0.4843137264251709,0.3029516637325287,0.3029516637325287,0.7979901432991028,0.7517173886299133,0.3689891993999481,0.16585028171539307,0.6409921646118164,0.5032058358192444,0.36211973428726196,0.24883826076984406,0.24883826076984406,0.7418821454048157,0.6929134130477905,0.3248031437397003,0.11067009717226028,0.6647727489471436,0.39699244499206543,0.3011811077594757,0.20840610563755035,0.20840610563755035,0.6964967846870422,0.6275861859321594,0.2817733883857727,0.07085728645324707,0.6499215364456177,0.39112579822540283,0.2463054209947586,0.1838870644569397,0.1838870644569397,0.6621158123016357,0.5917159914970398,0.24852071702480316,0.04138685017824173,0.6333333253860474,0.3368595242500305,0.21499013900756836,0.16089630126953125,0.16089630126953125,0.6337241530418396,0.5553359389305115,0.2193675935268402,0.018444931134581566,0.608540952205658,0.3815785050392151,0.18972331285476685,0.5925368666648865,0.30329400300979614
05:23:09,81,1.0673267841339111,0.6737799048423767,0.41006284952163696,1.0,0.8751426935195923,0.7605732679367065,0.4139384627342224,2.88606858253479,1.125713586807251,2e-05,8.951239570276812,0.3437761664390564,0.3437761664390564,0.8048022985458374,5.44921875,0.7605732679367065,0.4139384627342224,0.6787363886833191,0.41006284952163696,3.3583984375,0.3963748812675476,0.3437761664390564,0.7128928303718567,0.0015117861330509186,0.0,0.8935173513627039,8.953379570972174,402.0828081132168,0.6469771265983582,0.6469771265983582,0.9667479991912842,0.97265625,0.716796875,0.3402518928050995,0.7299196720123291,0.3969692587852478,0.7099609375,0.4725404381752014,0.4725404381752014,0.9048611521720886,0.8758553266525269,0.541544497013092,0.2434660643339157,0.7042410969734192,0.4298522174358368,0.53665691614151,0.37849512696266174,0.37849512696266174,0.8400444984436035,0.7972576022148132,0.46327129006385803,0.169520765542984,0.6928746700286865,0.4130948781967163,0.44564151763916016,0.2937312126159668,0.2937312126159668,0.7890966534614563,0.7384464144706726,0.3697148561477661,0.1138627752661705,0.6657789349555969,0.4220980703830719,0.3490658700466156,0.23468533158302307,0.23468533158302307,0.7447707056999207,0.6794871687889099,0.3007889688014984,0.0725967288017273,0.6661828756332397,0.39310503005981445,0.28106507658958435,0.20207807421684265,0.20207807421684265,0.7088297605514526,0.6495049595832825,0.27326732873916626,0.041886184364557266,0.6280487775802612,0.37394383549690247,0.2405940592288971,0.17212660610675812,0.17212660610675812,0.6754390597343445,0.6061508059501648,0.2261904776096344,0.018415557220578194,0.6235679388046265,0.44111353158950806,0.2053571492433548,0.6158338785171509,0.3437761664390564
05:23:17,82,0.9438589811325073,0.582220196723938,0.37429550290107727,1.0,0.8792967796325684,0.7809216976165771,0.42849138379096985,2.983900547027588,1.6795154809951782,2e-05,8.447437835857272,0.36075690388679504,0.36075690388679504,0.81351637840271,5.630859375,0.7809216976165771,0.42849138379096985,0.6887892484664917,0.37429550290107727,3.43359375,0.41154223680496216,0.36075690388679504,0.6982207894325256,0.0015968622174113989,0.0,0.9467520435144607,8.449942152015865,426.03841958150736,0.6456394791603088,0.6456394791603088,0.9767859578132629,0.978515625,0.6982421875,0.3325611650943756,0.7085828185081482,0.3897711932659149,0.693359375,0.4920317530632019,0.4920317530632019,0.9226493239402771,0.910871684551239,0.5700293779373169,0.24076108634471893,0.7225806713104248,0.39446213841438293,0.5572967529296875,0.3870503008365631,0.3870503008365631,0.8588281869888306,0.8148873448371887,0.47110676765441895,0.16988639533519745,0.7043269276618958,0.3497265875339508,0.450538694858551,0.3084580898284912,0.3084580898284912,0.7982113361358643,0.7470588088035583,0.3696078360080719,0.11626329272985458,0.6784777045249939,0.3660065531730652,0.35686275362968445,0.26515302062034607,0.26515302062034607,0.7523338198661804,0.7193326950073242,0.3356231451034546,0.07584255188703537,0.6603001356124878,0.35023391246795654,0.30716389417648315,0.2308351695537567,0.2308351695537567,0.708407998085022,0.673870325088501,0.300589382648468,0.04466357082128525,0.6793003082275391,0.3261418044567108,0.2740668058395386,0.19385597109794617,0.19385597109794617,0.6757999658584595,0.6200787425041199,0.25196850299835205,0.02002187818288803,0.6428571343421936,0.3074134290218353,0.23917323350906372,0.626663863658905,0.36075690388679504
05:23:25,83,1.3810720443725586,0.9074240326881409,0.50501549243927,1.0,0.8452426195144653,0.710456132888794,0.355368435382843,2.466550827026367,1.7010700702667236,2e-05,8.23719169292599,0.28129076957702637,0.28129076957702637,0.7560240030288696,4.89453125,0.710456132888794,0.355368435382843,0.6398656368255615,0.50501549243927,2.908203125,0.33824560046195984,0.28129076957702637,0.7555953860282898,0.0017105892766267061,0.0,0.9709442989812432,8.239401589147747,436.9249345415594,0.5819684267044067,0.5819684267044067,0.9478262662887573,0.951171875,0.6630859375,0.36044010519981384,0.6919918060302734,0.4972567856311798,0.658203125,0.3946469724178314,0.3946469724178314,0.8641699552536011,0.8354554176330566,0.4818805158138275,0.24687574803829193,0.6729190945625305,0.5392575860023499,0.4681684672832489,0.2939402163028717,0.2939402163028717,0.7921090722084045,0.7421568632125854,0.37254902720451355,0.16476598381996155,0.6420079469680786,0.5255283117294312,0.3745098114013672,0.22821930050849915,0.22821930050849915,0.7325374484062195,0.6669940948486328,0.30550098419189453,0.10708732903003693,0.6494845151901245,0.4823134243488312,0.28487229347229004,0.184081569314003,0.184081569314003,0.6848037838935852,0.6279527544975281,0.2539370059967041,0.06673786044120789,0.6003134846687317,0.45393356680870056,0.23228345811367035,0.14845654368400574,0.14845654368400574,0.6481663584709167,0.574531078338623,0.21125370264053345,0.03769810497760773,0.5962199568748474,0.4623073637485504,0.18361303210258484,0.13402466475963593,0.13402466475963593,0.6196959018707275,0.5715696215629578,0.1954590380191803,0.016394909471273422,0.5768566727638245,0.3970832824707031,0.16189536452293396,0.5712170004844666,0.28129076957702637
05:23:34,84,0.8421716690063477,0.5244981050491333,0.3279212415218353,1.0,0.8992701768875122,0.7876788973808289,0.46491721272468567,3.2062699794769287,1.0143083333969116,2e-05,8.297579802339897,0.4002455770969391,0.4002455770969391,0.8207783699035645,5.697265625,0.7876788973808289,0.46491721272468567,0.7234990000724792,0.3279212415218353,3.689453125,0.443446546792984,0.4002455770969391,0.6742740869522095,0.0018249412532895803,0.0,0.9638595070534836,8.299964820034802,433.73677817406764,0.6770910024642944,0.6770910024642944,0.9678720235824585,0.9794921875,0.73828125,0.32415109872817993,0.7557327747344971,0.3445354104042053,0.740234375,0.5386038422584534,0.5386038422584534,0.9097449779510498,0.9059745073318481,0.6150832772254944,0.23908475041389465,0.7675675749778748,0.31845247745513916,0.5984328985214233,0.423664927482605,0.423664927482605,0.8538579344749451,0.822549045085907,0.4794117510318756,0.17141006886959076,0.7067937850952148,0.35149717330932617,0.4852941036224365,0.35793331265449524,0.35793331265449524,0.8038108944892883,0.7730844616889954,0.4282907545566559,0.11917398869991302,0.7090216279029846,0.3193168342113495,0.3998035490512848,0.30647629499435425,0.30647629499435425,0.7662323117256165,0.7050147652626038,0.3726646900177002,0.07862285524606705,0.7126917839050293,0.27344217896461487,0.33824974298477173,0.26211991906166077,0.26211991906166077,0.7365768551826477,0.6738916039466858,0.317241370677948,0.046570394188165665,0.6973684430122375,0.304446280002594,0.28374382853507996,0.23208856582641602,0.23208856582641602,0.7050616145133972,0.6508407592773438,0.2997032701969147,0.02098691835999489,0.6899695992469788,0.27798083424568176,0.25420376658439636,0.6734774708747864,0.4002455770969391
05:23:42,85,1.289745569229126,0.8401409387588501,0.47671982645988464,1.0,0.8538283109664917,0.7162275910377502,0.3696748912334442,2.562535047531128,0.8040445446968079,2e-05,8.386826022760943,0.2950558066368103,0.2950558066368103,0.7678679823875427,4.9658203125,0.7162275910377502,0.3696748912334442,0.6531011462211609,0.47671982645988464,3.0048828125,0.34389013051986694,0.2950558066368103,0.746161162853241,0.001703848596662283,0.0,0.9536218219134515,8.389069771859795,429.12981986105314,0.5870155096054077,0.5870155096054077,0.9551391005516052,0.955078125,0.67578125,0.35323843359947205,0.6922290325164795,0.5069611072540283,0.6611328125,0.4100915491580963,0.4100915491580963,0.8744228482246399,0.8375734090805054,0.47749510407447815,0.245210200548172,0.6682242751121521,0.5053882598876953,0.4745596945285797,0.30829453468322754,0.30829453468322754,0.7983196377754211,0.7384916543960571,0.39275220036506653,0.1661439687013626,0.6830238699913025,0.4341706931591034,0.3663075268268585,0.24413847923278809,0.24413847923278809,0.7409079074859619,0.6686274409294128,0.33039215207099915,0.10963292419910431,0.6642228960990906,0.40892496705055237,0.30000001192092896,0.19733627140522003,0.19733627140522003,0.6976087689399719,0.6467124819755554,0.2718351185321808,0.06898525357246399,0.6069802641868591,0.47339174151420593,0.23258095979690552,0.16543987393379211,0.16543987393379211,0.6660813689231873,0.5860373377799988,0.21632251143455505,0.039476893842220306,0.5989933013916016,0.40387094020843506,0.1946902722120285,0.1502200812101364,0.1502200812101364,0.6403799057006836,0.5784797668457031,0.22013820707798004,0.01731237582862377,0.6211603879928589,0.4056205749511719,0.17472852766513824,0.5868953466415405,0.2950558066368103
05:23:51,86,1.0744878053665161,0.6950993537902832,0.3979151248931885,1.0,0.8777927160263062,0.7422578930854797,0.40301239490509033,2.844433069229126,1.392260193824768,2e-05,8.378894683904946,0.3344948887825012,0.3344948887825012,0.7895906567573547,5.21875,0.7422578930854797,0.40301239490509033,0.6741892695426941,0.3979151248931885,3.283203125,0.38203829526901245,0.3344948887825012,0.7196820974349976,0.0015734962653368711,0.0,0.9545379812966428,8.381017996929586,429.54209158348925,0.6235002875328064,0.6235002875328064,0.9597756862640381,0.9609375,0.6884765625,0.3384127914905548,0.7134146094322205,0.4171483516693115,0.685546875,0.44629189372062683,0.44629189372062683,0.8920197486877441,0.8372548818588257,0.5137255191802979,0.24168357253074646,0.6932084560394287,0.4164314270019531,0.5068627595901489,0.35444146394729614,0.35444146394729614,0.8248854279518127,0.7590953707695007,0.411996066570282,0.16887246072292328,0.6696891188621521,0.3833930194377899,0.39921337366104126,0.2893475294113159,0.2893475294113159,0.771611213684082,0.7268244624137878,0.3708086907863617,0.11466961354017258,0.6797829270362854,0.34198659658432007,0.33925050497055054,0.2399655431509018,0.2399655431509018,0.725745677947998,0.6808300614356995,0.31422924995422363,0.07411082088947296,0.6560232043266296,0.3866623044013977,0.28458496928215027,0.2040766179561615,0.2040766179561615,0.6881468296051025,0.6271018981933594,0.27200791239738464,0.043183743953704834,0.652996838092804,0.3804866075515747,0.24035608768463135,0.17846694588661194,0.17846694588661194,0.6611213684082031,0.5994035601615906,0.24453280866146088,0.019067011773586273,0.6252073049545288,0.345166951417923,0.21272365748882294,0.6138028502464294,0.3344948887825012
05:23:59,87,0.7771977782249451,0.47838830947875977,0.3072330355644226,1.0,0.9029780030250549,0.7956491112709045,0.468350887298584,3.2913455963134766,0.7999027371406555,2e-05,8.354027882218361,0.40849798917770386,0.40849798917770386,0.8417213559150696,5.80859375,0.7956491112709045,0.468350887298584,0.7257011532783508,0.3072330355644226,3.7646484375,0.4555789530277252,0.40849798917770386,0.6691225171089172,0.0016812628600746393,0.0,0.9573663255909387,8.35625798208639,430.81484651592245,0.6701021194458008,0.6701021194458008,0.9786577820777893,0.984375,0.7138671875,0.31809985637664795,0.7321428656578064,0.34590667486190796,0.720703125,0.53297358751297,0.53297358751297,0.9327266812324524,0.9110459685325623,0.6099706888198853,0.2362741380929947,0.741416335105896,0.31462088227272034,0.5855327248573303,0.4173421263694763,0.4173421263694763,0.8803962469100952,0.8194308280944824,0.47497546672821045,0.1712532490491867,0.7365269660949707,0.298523485660553,0.4769381880760193,0.3690796494483948,0.3690796494483948,0.8327763676643372,0.7890088558197021,0.4268891215324402,0.12118831276893616,0.7052238583564758,0.2654012143611908,0.4131501615047455,0.3185112774372101,0.3185112774372101,0.7884621024131775,0.7138643264770508,0.37561455368995667,0.08142461627721786,0.7231404781341553,0.2610461413860321,0.3618485629558563,0.2922152578830719,0.2922152578830719,0.752805233001709,0.6969397664070129,0.363277405500412,0.04924631491303444,0.7252124547958374,0.24012300372123718,0.336623877286911,0.2552749514579773,0.2552749514579773,0.7235238552093506,0.6514851450920105,0.30990099906921387,0.022513438016176224,0.7082067131996155,0.263703316450119,0.29009902477264404,0.6702337265014648,0.40849798917770386
05:24:08,88,0.7055301070213318,0.4248131811618805,0.28765901923179626,1.0,0.9117491245269775,0.8142897486686707,0.5021055340766907,3.481076717376709,0.560853898525238,2e-05,8.72415300225839,0.4381016492843628,0.4381016492843628,0.8571303486824036,5.998046875,0.8142897486686707,0.5021055340766907,0.7328047156333923,0.28765901923179626,3.935546875,0.4828747808933258,0.4381016790866852,0.6504963636398315,0.0016862258780747652,0.0,0.9167412846170784,8.726562372874469,412.53357807768526,0.6985009908676147,0.6985009908676147,0.9849718809127808,0.9755859375,0.751953125,0.31308063864707947,0.7697697877883911,0.2924096882343292,0.7509765625,0.5556532144546509,0.5556532144546509,0.942061722278595,0.9226248860359192,0.6238981485366821,0.23527686297893524,0.7409766316413879,0.32577085494995117,0.6190009713172913,0.46815139055252075,0.46815139055252075,0.8923676609992981,0.844946026802063,0.535819411277771,0.1726563274860382,0.7526132464408875,0.27606210112571716,0.5210990905761719,0.3985772132873535,0.3985772132873535,0.846138596534729,0.8013765811920166,0.4680432677268982,0.12269314378499985,0.7214723825454712,0.27337950468063354,0.45034414529800415,0.346605509519577,0.346605509519577,0.8066068291664124,0.7647637724876404,0.41535434126853943,0.08277037739753723,0.7104247212409973,0.26243239641189575,0.38385826349258423,0.31000179052352905,0.31000179052352905,0.775180995464325,0.7014778256416321,0.36354678869247437,0.05034792050719261,0.716292142868042,0.2203608900308609,0.3408867120742798,0.2858172357082367,0.2858172357082367,0.7505669593811035,0.6867588758468628,0.35276681184768677,0.023174718022346497,0.6992805600166321,0.22307583689689636,0.31027668714523315,0.6789796352386475,0.4381016790866852
05:24:16,89,1.014174222946167,0.6390819549560547,0.39150163531303406,1.0,0.8825952410697937,0.7524251341819763,0.41712358593940735,2.9412779808044434,1.8953429460525513,2e-05,8.46907201828435,0.3572075068950653,0.3572075068950653,0.8097545504570007,5.37890625,0.7524251341819763,0.41712358593940735,0.6890881657600403,0.39150163531303406,3.33984375,0.3999718725681305,0.3572075366973877,0.7048783898353577,0.0017055277712643147,0.0,0.9443688994342629,8.471265841973945,424.96600474541833,0.6353241205215454,0.6353241205215454,0.9693175554275513,0.9619140625,0.68359375,0.33320942521095276,0.7147207856178284,0.4285949766635895,0.6875,0.4779578149318695,0.4779578149318695,0.9075162410736084,0.8620352149009705,0.5518590807914734,0.24070611596107483,0.7162315845489502,0.4068498909473419,0.5381604433059692,0.38220667839050293,0.38220667839050293,0.8420557975769043,0.769833505153656,0.44662097096443176,0.1698015183210373,0.7061068415641785,0.36545515060424805,0.4289911985397339,0.3137073814868927,0.3137073814868927,0.792067289352417,0.7369970679283142,0.37487733364105225,0.11620822548866272,0.6804261207580566,0.34899234771728516,0.35721296072006226,0.2588333785533905,0.2588333785533905,0.7478236556053162,0.675542414188385,0.3195266127586365,0.07561197131872177,0.6729927062988281,0.35135695338249207,0.3076923191547394,0.22767019271850586,0.22767019271850586,0.7149784564971924,0.6451932787895203,0.2854311168193817,0.044516630470752716,0.6635944843292236,0.312709778547287,0.2527254819869995,0.1988992989063263,0.1988992989063263,0.6903974413871765,0.6105577945709229,0.25199201703071594,0.019946007058024406,0.6427406072616577,0.34732308983802795,0.22111554443836212,0.6355737447738647,0.3572075366973877
05:24:25,90,0.9510777592658997,0.5966605544090271,0.36815905570983887,1.0,0.8861823081970215,0.7712885141372681,0.4252100884914398,3.0049891471862793,1.1160513162612915,2e-05,8.433296266244724,0.36631259322166443,0.36631259322166443,0.8212105631828308,5.5166015625,0.7712885141372681,0.4252100884914398,0.7005628943443298,0.36815905570983887,3.4267578125,0.41106441617012024,0.36631259322166443,0.6949992775917053,0.0016370739322155714,0.0,0.9483755479820056,8.435476870974526,426.7689965919025,0.6366132497787476,0.6366132497787476,0.9693311452865601,0.966796875,0.6943359375,0.3298768103122711,0.7171717286109924,0.401194304227829,0.693359375,0.49035048484802246,0.49035048484802246,0.9176265001296997,0.8758553266525269,0.5395894646644592,0.23997804522514343,0.7220982313156128,0.35117271542549133,0.5434995293617249,0.39360493421554565,0.39360493421554565,0.8549472689628601,0.8072407245635986,0.4481408894062042,0.17028707265853882,0.7090908885002136,0.3595159947872162,0.4383561611175537,0.3241039514541626,0.3241039514541626,0.8086140155792236,0.7647058963775635,0.385294109582901,0.11722826212644577,0.6794871687889099,0.3741813600063324,0.3735294044017792,0.27349957823753357,0.27349957823753357,0.7664033770561218,0.6938174962997437,0.344455361366272,0.07675087451934814,0.710042417049408,0.32126450538635254,0.31697744131088257,0.23236066102981567,0.23236066102981567,0.7308453917503357,0.6755162477493286,0.29990166425704956,0.04535376653075218,0.6579330563545227,0.349246084690094,0.2654867172241211,0.21093033254146576,0.21093033254146576,0.6988563537597656,0.6128078699111938,0.2620689570903778,0.020525213330984116,0.6945337653160095,0.26666224002838135,0.24334976077079773,0.6460297107696533,0.36631259322166443
05:24:33,91,0.7893120646476746,0.4965539276599884,0.3019759953022003,1.0,0.9027454257011414,0.8031553030014038,0.46678245067596436,3.3290646076202393,0.8141867518424988,2e-05,8.40484368102625,0.41425207257270813,0.41425207257270813,0.8409956693649292,5.778112411499023,0.8031553030014038,0.46678245067596436,0.7170661091804504,0.3019759953022003,3.7228915691375732,0.4547691345214844,0.41425207257270813,0.6667295098304749,0.0016991524025797844,0.0,0.9515811513905781,8.407060173805803,428.21151812576016,0.7042368650436401,0.7042368650436401,0.9741166830062866,0.9738956093788147,0.7530120611190796,0.32106801867485046,0.7793814539909363,0.29147419333457947,0.759036123752594,0.5278871655464172,0.5278871655464172,0.9227033257484436,0.8792756795883179,0.577464759349823,0.23764678835868835,0.7185354828834534,0.323297917842865,0.5724346041679382,0.43328458070755005,0.43328458070755005,0.8738517165184021,0.8365287780761719,0.4883955717086792,0.1716679483652115,0.7153196334838867,0.3243647813796997,0.4853683114051819,0.37369778752326965,0.37369778752326965,0.8279833197593689,0.7922999262809753,0.43262410163879395,0.12027543038129807,0.7263427376747131,0.2790026068687439,0.41134750843048096,0.3201695680618286,0.3201695680618286,0.7924736738204956,0.7558494210243225,0.3743641972541809,0.07987569272518158,0.687752366065979,0.3036387264728546,0.3570702075958252,0.2832850217819214,0.2832850217819214,0.7625678777694702,0.6897959113121033,0.3255102038383484,0.04777662456035614,0.6804733872413635,0.2648118734359741,0.30612245202064514,0.2508764863014221,0.2508764863014221,0.7295782566070557,0.6901840567588806,0.3098159432411194,0.02168959565460682,0.6859259009361267,0.25103235244750977,0.2852760851383209,0.6713513135910034,0.41425207257270813
05:24:41,92,0.923560619354248,0.5863543748855591,0.35009828209877014,1.0,0.8934230804443359,0.7532212734222412,0.4329131543636322,3.028482437133789,1.5358244180679321,2e-05,8.373397007817402,0.36146777868270874,0.36146777868270874,0.7934024333953857,5.45703125,0.7532212734222412,0.4329131543636322,0.7011900544166565,0.35009828209877014,3.49609375,0.4106442630290985,0.36146777868270874,0.7025196552276611,0.0014634211547672749,0.0,0.9551783414734925,8.375399286858737,429.8302536630716,0.6225788593292236,0.6225788593292236,0.9580268263816833,0.95703125,0.703125,0.32590532302856445,0.7326530814170837,0.39159613847732544,0.7001953125,0.46776285767555237,0.46776285767555237,0.8930171132087708,0.8787878751754761,0.5386119484901428,0.23760995268821716,0.6896551847457886,0.39062929153442383,0.5298142433166504,0.3839629590511322,0.3839629590511322,0.8319370150566101,0.7935420870780945,0.4647749364376068,0.17008109390735626,0.7139334082603455,0.3146316707134247,0.4354207515716553,0.3216293156147003,0.3216293156147003,0.7745715379714966,0.7362744808197021,0.39411765336990356,0.11849518865346909,0.7043941617012024,0.29678627848625183,0.363725483417511,0.2692973017692566,0.2692973017692566,0.7319555282592773,0.6620824933052063,0.3330059051513672,0.07875180244445801,0.6913946866989136,0.28486230969429016,0.30550098419189453,0.24389471113681793,0.24389471113681793,0.6976824402809143,0.6401180028915405,0.3087512254714966,0.047436270862817764,0.6774193644523621,0.25007355213165283,0.28416913747787476,0.2186811864376068,0.2186811864376068,0.664705753326416,0.6023622155189514,0.2854330837726593,0.0217202827334404,0.6830065250396729,0.2718186378479004,0.2529527544975281,0.6361166834831238,0.36146777868270874
05:24:50,93,0.9899786114692688,0.6214591264724731,0.3827725052833557,1.0,0.8811329007148743,0.755885660648346,0.40807175636291504,2.8962230682373047,2.0381081104278564,2e-05,8.399784589419141,0.3402414917945862,0.3402414917945862,0.7852833867073059,5.439453125,0.755885660648346,0.40807175636291504,0.6779755353927612,0.3827725052833557,3.3671875,0.39531952142715454,0.3402414917945862,0.7136673927307129,0.0017575258389115334,0.0,0.9521411820291934,8.402115307049826,428.463531913137,0.6189290881156921,0.6189290881156921,0.968450665473938,0.9736328125,0.6787109375,0.3323439061641693,0.7101303935050964,0.42443978786468506,0.69140625,0.4436640441417694,0.4436640441417694,0.8915192484855652,0.8767123222351074,0.5225048661231995,0.23862096667289734,0.6785714030265808,0.4336349368095398,0.5117416977882385,0.35386329889297485,0.35386329889297485,0.8218977451324463,0.806072473526001,0.42507344484329224,0.16844096779823303,0.6840826272964478,0.37098369002342224,0.4280117452144623,0.28950682282447815,0.28950682282447815,0.7644160985946655,0.7267385125160217,0.37414300441741943,0.11629188805818558,0.677897572517395,0.3363589942455292,0.3379040062427521,0.24933698773384094,0.24933698773384094,0.7156708240509033,0.6797642707824707,0.3212180733680725,0.07693778723478317,0.6777456402778625,0.24541567265987396,0.3035363554954529,0.22452802956104279,0.22452802956104279,0.6790096759796143,0.6289370059967041,0.2814960777759552,0.04622236266732216,0.6510171890258789,0.2511191964149475,0.25885826349258423,0.19914110004901886,0.19914110004901886,0.6537503600120544,0.5966469645500183,0.2504931092262268,0.021142134442925453,0.64462810754776,0.23890630900859833,0.23274162411689758,0.6124552488327026,0.3402414917945862
05:24:58,94,0.7902979254722595,0.5057298541069031,0.2946111857891083,1.0,0.9076167345046997,0.7740803360939026,0.46068519353866577,3.258671522140503,1.591732382774353,2e-05,8.403205946553499,0.395569384098053,0.395569384098053,0.7962608933448792,5.5126953125,0.7740803360939026,0.46068519353866577,0.7237438559532166,0.2946111857891083,3.6845703125,0.44762706756591797,0.395569384098053,0.6770445704460144,0.0017287759110331535,0.0,0.9517330400621387,8.4057184769772,428.2798680279624,0.6617391109466553,0.6617391109466553,0.9554322957992554,0.9560546875,0.7265625,0.3171968460083008,0.7507660984992981,0.31888851523399353,0.7177734375,0.48652341961860657,0.48652341961860657,0.883102297782898,0.865686297416687,0.5568627715110779,0.23453250527381897,0.728199303150177,0.3422257900238037,0.5539215803146362,0.40597420930862427,0.40597420930862427,0.8252761363983154,0.7960784435272217,0.47549018263816833,0.17077305912971497,0.7290640473365784,0.2840086817741394,0.4696078300476074,0.3484446108341217,0.3484446108341217,0.780359148979187,0.7524557709693909,0.40569743514060974,0.12128107249736786,0.707571804523468,0.26708516478538513,0.40275049209594727,0.316643625497818,0.316643625497818,0.7407189607620239,0.7182266116142273,0.38325121998786926,0.082307368516922,0.714677631855011,0.21622289717197418,0.35960590839385986,0.28614580631256104,0.28614580631256104,0.7068555355072021,0.6814595460891724,0.35108479857444763,0.05044174939393997,0.713458776473999,0.19169823825359344,0.32642999291419983,0.2601533830165863,0.2601533830165863,0.6795990467071533,0.6458951830863953,0.32245302200317383,0.02346736378967762,0.7105666399002075,0.19447526335716248,0.2997032701969147,0.6630581021308899,0.395569384098053
05:25:06,95,1.1708958148956299,0.7477861046791077,0.4446597695350647,1.0,0.8616418242454529,0.7443915009498596,0.3864273726940155,2.713469982147217,0.8861023187637329,2e-05,8.352970289299265,0.32287994027137756,0.32287994027137756,0.7934668064117432,5.216796875,0.7443915009498596,0.3864273726940155,0.664531946182251,0.4446597695350647,3.109375,0.3666573166847229,0.32287997007369995,0.7270442843437195,0.0017527705058455467,0.0,0.9574672709014795,8.3553769858554,430.8602719056658,0.620031476020813,0.620031476020813,0.9588581919670105,0.9619140625,0.685546875,0.3456425964832306,0.7137055993080139,0.43215006589889526,0.6875,0.438519686460495,0.438519686460495,0.8928618431091309,0.8540646433830261,0.5014691352844238,0.24366435408592224,0.6754587292671204,0.47939544916152954,0.49167484045028687,0.33685046434402466,0.33685046434402466,0.8363559246063232,0.7649363279342651,0.38687559962272644,0.16765940189361572,0.6734955310821533,0.4453459084033966,0.3907933533191681,0.2756091058254242,0.2756091058254242,0.7779133319854736,0.7222767472267151,0.35132482647895813,0.11208975315093994,0.6711956262588501,0.4263320863246918,0.3218842148780823,0.22431857883930206,0.22431857883930206,0.7308738827705383,0.6768172979354858,0.29371315240859985,0.07141929864883423,0.6502177119255066,0.4600569009780884,0.25540274381637573,0.1958768665790558,0.1958768665790558,0.692821204662323,0.6437007784843445,0.2647637724876404,0.04126955568790436,0.6269113421440125,0.4151619076728821,0.22539369761943817,0.16584575176239014,0.16584575176239014,0.6623634099960327,0.5844027400016785,0.21816386282444,0.018255122005939484,0.6047297120094299,0.3311971426010132,0.1905231922864914,0.6018615961074829,0.32287997007369995
05:25:15,96,0.9226851463317871,0.5921626091003418,0.343500554561615,1.0,0.8875851631164551,0.7608969807624817,0.4176594316959381,3.0084588527679443,1.0257387161254883,2e-05,8.423366520786658,0.35736340284347534,0.35736340284347534,0.8005446791648865,5.47265625,0.7608969807624817,0.4176594316959381,0.6923927068710327,0.343500554561615,3.455078125,0.4035038650035858,0.35736343264579773,0.7037375569343567,0.0017374791204929352,0.0,0.9494882409339085,8.42559144506231,427.2697084202588,0.6251881718635559,0.6251881718635559,0.964485764503479,0.9609375,0.6806640625,0.3276500105857849,0.7123983502388,0.37993139028549194,0.6845703125,0.47166407108306885,0.47166407108306885,0.8984193801879883,0.8620352149009705,0.5352250337600708,0.2382158786058426,0.6992054581642151,0.3816331923007965,0.5156555771827698,0.3749833405017853,0.3749833405017853,0.8340563178062439,0.8031342029571533,0.4417237937450409,0.16974064707756042,0.6987804770469666,0.3230174481868744,0.4280117452144623,0.3127148151397705,0.3127148151397705,0.7833965420722961,0.7539215683937073,0.3656862676143646,0.11795618385076523,0.6879063844680786,0.299591988325119,0.3656862676143646,0.2700047791004181,0.2700047791004181,0.7389471530914307,0.6886051297187805,0.3379174768924713,0.07821984589099884,0.691868782043457,0.26903828978538513,0.316306471824646,0.2337740659713745,0.2337740659713745,0.7053220868110657,0.6486220359802246,0.2923228442668915,0.046852681785821915,0.6843702793121338,0.23870688676834106,0.2736220359802246,0.21040228009223938,0.21040228009223938,0.6770973801612854,0.6065088510513306,0.2672583758831024,0.02136482298374176,0.6569105982780457,0.23513826727867126,0.2376725822687149,0.6358196139335632,0.35736343264579773
05:25:23,97,0.9649473428726196,0.603627622127533,0.37538838386535645,1.0,0.8852547407150269,0.776097297668457,0.4311980903148651,2.972102403640747,1.2946265935897827,2e-05,8.356313192052767,0.3651760220527649,0.3651760220527649,0.8200284838676453,5.48712682723999,0.776097297668457,0.4311980903148651,0.6981276273727417,0.37538838386535645,3.4366631507873535,0.4166666567325592,0.3651760220527649,0.6972708106040955,0.001623301999643445,0.0,0.9571179936954313,8.358426079852507,430.7030971629441,0.6528649926185608,0.6528649926185608,0.9739763140678406,0.969103991985321,0.7157569527626038,0.33354824781417847,0.7438894510269165,0.3725806474685669,0.7209062576293945,0.490097314119339,0.490097314119339,0.915779709815979,0.8833849430084229,0.562435507774353,0.24126313626766205,0.7196261882781982,0.3948184549808502,0.5572755336761475,0.3867616355419159,0.3867616355419159,0.8548373579978943,0.8068181872367859,0.4586776793003082,0.1700308620929718,0.7144686579704285,0.38082417845726013,0.44214877486228943,0.3299473822116852,0.3299473822116852,0.8048351407051086,0.7686722278594971,0.4097510278224945,0.1163489893078804,0.7058029770851135,0.33098238706588745,0.3910788297653198,0.26815757155418396,0.26815757155418396,0.761843740940094,0.7177083492279053,0.33020833134651184,0.07536939531564713,0.6632801294326782,0.37274888157844543,0.31458333134651184,0.22749997675418854,0.22749997675418854,0.7251202464103699,0.6450939178466797,0.28496867418289185,0.043973349034786224,0.663430392742157,0.36289843916893005,0.2682672142982483,0.19505256414413452,0.19505256414413452,0.6999702453613281,0.6373165845870972,0.25052410364151,0.019466042518615723,0.6414473652839661,0.437035471200943,0.2159329205751419,0.632643461227417,0.3651760220527649
05:25:32,98,1.0378247499465942,0.6658422946929932,0.38863587379455566,1.0,0.8774721622467041,0.7514045238494873,0.3980337083339691,2.8373193740844727,0.8988969326019287,2e-05,8.346115683205426,0.33512693643569946,0.33512693643569946,0.8007712364196777,5.287109375,0.7514045238494873,0.3980337083339691,0.6811214685440063,0.38863587379455566,3.240234375,0.3737359642982483,0.33512693643569946,0.7189039587974548,0.0015522490721195936,0.0,0.9582867134534583,8.348232201999053,431.2290210540562,0.6097453832626343,0.6097453832626343,0.9657440781593323,0.9560546875,0.6689453125,0.33535993099212646,0.7007150053977966,0.4330204129219055,0.669921875,0.4405058026313782,0.4405058026313782,0.8993499875068665,0.8630136847496033,0.5029354095458984,0.23973692953586578,0.6904761791229248,0.42758795619010925,0.5,0.3417821526527405,0.3417821526527405,0.8316481709480286,0.7811579704284668,0.39842984080314636,0.16815218329429626,0.6947236061096191,0.3775249123573303,0.40333661437034607,0.29461807012557983,0.29461807012557983,0.7782379388809204,0.7175197005271912,0.3789370059967041,0.11546840518712997,0.7050754427909851,0.3110065460205078,0.33366140723228455,0.24758829176425934,0.24758829176425934,0.7407020926475525,0.6817734241485596,0.31133005023002625,0.07577766478061676,0.6546242833137512,0.3177967965602875,0.2650246322154999,0.21695920825004578,0.21695920825004578,0.7082954049110413,0.6574531197547913,0.2773938775062561,0.045076217502355576,0.6606606841087341,0.25782671570777893,0.2319841980934143,0.1907394826412201,0.1907394826412201,0.6785147190093994,0.5994065403938293,0.24431255459785461,0.02042868174612522,0.6419141888618469,0.23646996915340424,0.20771513879299164,0.618823766708374,0.33512693643569946
05:25:40,99,1.3548426628112793,0.9015948176383972,0.4842056632041931,1.0,0.8557854890823364,0.6982631683349609,0.3548719584941864,2.5196595191955566,1.6669286489486694,2e-05,8.623436112655327,0.28382566571235657,0.28382566571235657,0.7547029256820679,4.792008399963379,0.6982631683349609,0.3548719584941864,0.649030327796936,0.4842056632041931,2.9897541999816895,0.34103620052337646,0.28382566571235657,0.7560279965400696,0.0019517499022185802,0.0,0.9274255078108423,8.626029727049172,417.34147851487904,0.5903151035308838,0.5903151035308838,0.9565234184265137,0.9497950673103333,0.6680327653884888,0.3583557605743408,0.7044228911399841,0.4924006462097168,0.6690573692321777,0.39775699377059937,0.39775699377059937,0.8680673241615295,0.8305954933166504,0.47741273045539856,0.2463715374469757,0.6761434078216553,0.5187286138534546,0.4907597601413727,0.2869609296321869,0.2869609296321869,0.7888559699058533,0.7132579684257507,0.34737923741340637,0.165049210190773,0.6527377367019653,0.5108077526092529,0.3442959785461426,0.23583155870437622,0.23583155870437622,0.7276732921600342,0.6584362387657166,0.3220164477825165,0.10804952681064606,0.659375011920929,0.40572717785835266,0.2911522686481476,0.1874721497297287,0.1874721497297287,0.6791749000549316,0.60537189245224,0.25929751992225647,0.06738471239805222,0.6228668689727783,0.4331017732620239,0.23037190735340118,0.15263120830059052,0.15263120830059052,0.6447153687477112,0.5760082602500916,0.21923474967479706,0.03818269073963165,0.6175942420959473,0.392235666513443,0.1892450898885727,0.13199162483215332,0.13199162483215332,0.6147831678390503,0.5508298873901367,0.18672199547290802,0.0166065264493227,0.5555555820465088,0.41623881459236145,0.16804979741573334,0.5786994099617004,0.28382566571235657
05:25:49,100,1.1500965356826782,0.7595328688621521,0.4124765396118164,1.0,0.8738219141960144,0.7170260548591614,0.38784652948379517,2.7218241691589355,1.0222951173782349,2e-05,8.352903964463621,0.31238988041877747,0.31238988041877747,0.7466356158256531,5.0029296875,0.7170260548591614,0.38784652948379517,0.6692052483558655,0.4124765396118164,3.1025390625,0.3671240508556366,0.31238994002342224,0.7364381551742554,0.0015315418131649494,0.0,0.957499265257581,8.355097795138136,430.8746693659115,0.5721383690834045,0.5721383690834045,0.9438689351081848,0.9423828125,0.6455078125,0.33803480863571167,0.6943005323410034,0.48327362537384033,0.654296875,0.4127075672149658,0.4127075672149658,0.852633535861969,0.82421875,0.490234375,0.23976929485797882,0.6895734667778015,0.43529224395751953,0.498046875,0.32289114594459534,0.32289114594459534,0.780030369758606,0.7573385238647461,0.408023476600647,0.16726170480251312,0.6757106184959412,0.3847651779651642,0.38160470128059387,0.26279476284980774,0.26279476284980774,0.7233113646507263,0.7009803652763367,0.34117648005485535,0.11438683420419693,0.6573426723480225,0.34763744473457336,0.3127450942993164,0.22936037182807922,0.22936037182807922,0.6747694611549377,0.6339548826217651,0.30225712060928345,0.07520825415849686,0.6609907150268555,0.27909404039382935,0.26496565341949463,0.20520158112049103,0.20520158112049103,0.6387896537780762,0.5978367924690247,0.27925270795822144,0.04488552361726761,0.6447368264198303,0.30000272393226624,0.23598819971084595,0.17928433418273926,0.17928433418273926,0.6108711957931519,0.5600393414497375,0.2460629940032959,0.020453620702028275,0.6379613280296326,0.23174427449703217,0.21948818862438202,0.6029104590415955,0.31238994002342224
05:25:57,101,1.1292314529418945,0.7283772230148315,0.42172756791114807,1.0,0.8724029064178467,0.7363253831863403,0.39228612184524536,2.7233786582946777,0.8706340789794922,2e-05,8.35582052799873,0.3148730993270874,0.3148730993270874,0.766171395778656,5.095703125,0.7363253831863403,0.39228612184524536,0.6672381162643433,0.42172756791114807,3.13671875,0.3671809136867523,0.3148730993270874,0.731659471988678,0.0015539759770035744,0.0,0.9571792038735072,8.357891571009532,430.73064174307825,0.5928778648376465,0.5928778648376465,0.9566584825515747,0.955078125,0.6748046875,0.340781569480896,0.7014315128326416,0.4630298316478729,0.6689453125,0.4189901351928711,0.4189901351928711,0.8761099576950073,0.859237551689148,0.4868035316467285,0.2404935508966446,0.6746302843093872,0.47003787755966187,0.5053763389587402,0.3148289918899536,0.3148289918899536,0.7984158396720886,0.7509803771972656,0.3921568691730499,0.16650570929050446,0.6736292243003845,0.4212532937526703,0.3754901885986328,0.2573391795158386,0.2573391795158386,0.738204836845398,0.6987242102622986,0.3356231451034546,0.11325137317180634,0.6629213690757751,0.35722559690475464,0.3130519986152649,0.22529374063014984,0.22529374063014984,0.6963260173797607,0.6581280827522278,0.3103448152542114,0.07420225441455841,0.6407185792922974,0.29950031638145447,0.25221675634384155,0.20411106944084167,0.20411106944084167,0.6601972579956055,0.6256157755851746,0.2847290635108948,0.04437430575489998,0.6393700838088989,0.27818235754966736,0.23645320534706116,0.18748624622821808,0.18748624622821808,0.6345537304878235,0.6035503149032593,0.258382648229599,0.020391201600432396,0.656862735748291,0.22386068105697632,0.21499013900756836,0.5948398113250732,0.3148730993270874
05:26:05,102,1.1406437158584595,0.7298430800437927,0.43140438199043274,1.0,0.8691057562828064,0.744990885257721,0.39848676323890686,2.731236696243286,1.263845443725586,2e-05,8.373015268705785,0.32628872990608215,0.32628872990608215,0.7863587141036987,5.1962890625,0.744990885257721,0.39848676323890686,0.6864773631095886,0.43140438199043274,3.1884765625,0.37760964035987854,0.32628872990608215,0.7225879430770874,0.0017162289004772902,0.0,0.9551905475871196,8.375292259966955,429.8357464142038,0.616125762462616,0.616125762462616,0.9600499272346497,0.962890625,0.67578125,0.3446056544780731,0.7068965435028076,0.4503694474697113,0.6806640625,0.45390766859054565,0.45390766859054565,0.8906060457229614,0.8670576810836792,0.5356793999671936,0.24367333948612213,0.7080045342445374,0.44117575883865356,0.531769335269928,0.334720641374588,0.334720641374588,0.8237484097480774,0.7884427309036255,0.4045053720474243,0.16741891205310822,0.6695652008056641,0.4718914031982422,0.3956905007362366,0.2809418737888336,0.2809418737888336,0.7695006728172302,0.7323529124259949,0.3588235378265381,0.1122395396232605,0.6840696334838867,0.3978043496608734,0.3274509906768799,0.22703324258327484,0.22703324258327484,0.7204223275184631,0.6473477482795715,0.30157169699668884,0.07178932428359985,0.6858876943588257,0.34720128774642944,0.2662082612514496,0.19303672015666962,0.19303672015666962,0.6834968328475952,0.6171259880065918,0.25885826349258423,0.041684817522764206,0.660287082195282,0.3312734067440033,0.22834645211696625,0.17527726292610168,0.17527726292610168,0.6544837951660156,0.5970443487167358,0.25123152136802673,0.018588485196232796,0.6749175190925598,0.2935176491737366,0.2098522186279297,0.6147750616073608,0.32628872990608215
05:26:14,103,0.9717142581939697,0.6043775677680969,0.3811545670032501,1.0,0.8819558024406433,0.7783244252204895,0.425217866897583,2.9982564449310303,1.2725584506988525,2e-05,8.31677595153451,0.3644924759864807,0.3644924759864807,0.8308217525482178,5.529296875,0.7783244252204895,0.425217866897583,0.6933357119560242,0.3811545670032501,3.4404296875,0.42128199338912964,0.3644924759864807,0.6967290043830872,0.0017639135476201773,0.0,0.9616443611136056,8.319083773065358,432.73996250112253,0.6565227508544922,0.6565227508544922,0.9772083759307861,0.970703125,0.7119140625,0.3339792490005493,0.72635817527771,0.37492308020591736,0.705078125,0.49624866247177124,0.49624866247177124,0.9234660863876343,0.8962817788124084,0.5606653690338135,0.24161355197429657,0.7052401900291443,0.406473308801651,0.5557730197906494,0.3868121802806854,0.3868121802806854,0.8647761344909668,0.8117647171020508,0.43529412150382996,0.17001233994960785,0.6823671460151672,0.3980202078819275,0.4421568512916565,0.31840234994888306,0.31840234994888306,0.8181778192520142,0.7475442290306091,0.3968565762042999,0.11588242650032043,0.7148488759994507,0.32723790407180786,0.38506877422332764,0.2585272789001465,0.2585272789001465,0.7778869271278381,0.7021695971488953,0.317554235458374,0.07499466836452484,0.6797752976417542,0.3892208933830261,0.3116370737552643,0.2266925871372223,0.2266925871372223,0.7409449219703674,0.6752475500106812,0.2752475142478943,0.04390820115804672,0.662756621837616,0.37312158942222595,0.28910890221595764,0.2025502324104309,0.2025502324104309,0.7096559405326843,0.6401590704917908,0.27335983514785767,0.01960955746471882,0.6614906787872314,0.3271065652370453,0.25447314977645874,0.6365407109260559,0.3644924759864807
05:26:22,104,1.2220368385314941,0.7816234230995178,0.4632289409637451,1.0,0.854894757270813,0.7376634478569031,0.37255728244781494,2.654784679412842,1.2841565608978271,2e-05,8.431622996926308,0.3076653480529785,0.3076653480529785,0.7949873805046082,5.1552734375,0.7376634478569031,0.37255728244781494,0.657137393951416,0.4632289409637451,3.052734375,0.3523126542568207,0.3076653778553009,0.7370140552520752,0.0016840242315083742,0.0,0.9485441564238354,8.433977423002943,426.84487039072593,0.621586263179779,0.621586263179779,0.9706512689590454,0.9609375,0.681640625,0.353669136762619,0.6991869807243347,0.444210946559906,0.6708984375,0.43649235367774963,0.43649235367774963,0.903869092464447,0.8639921545982361,0.5097847580909729,0.24693451821804047,0.6840317249298096,0.4844629466533661,0.4990215301513672,0.3287001848220825,0.3287001848220825,0.8329479694366455,0.7733071446418762,0.4003925323486328,0.1672600954771042,0.6560913920402527,0.48230108618736267,0.3866535723209381,0.2555539011955261,0.2555539011955261,0.7780982851982117,0.7312992215156555,0.3198818862438202,0.1096377819776535,0.6635262370109558,0.4662260413169861,0.31397637724876404,0.2044849991798401,0.2044849991798401,0.7326711416244507,0.6495558023452759,0.2645606994628906,0.06815394759178162,0.6428571343421936,0.4235987663269043,0.24185587465763092,0.15751361846923828,0.15751361846923828,0.688362181186676,0.5905044674873352,0.21266072988510132,0.03803393989801407,0.6113902926445007,0.4915342330932617,0.18892185389995575,0.1436968743801117,0.1436968743801117,0.6543579697608948,0.5892857313156128,0.21329365670681,0.016310514882206917,0.6026936173439026,0.45227524638175964,0.1587301641702652,0.5940279960632324,0.3076653778553009
05:26:30,105,1.1169462203979492,0.7035730481147766,0.4316626191139221,1.0,0.8651484251022339,0.7663617134094238,0.3997184932231903,2.767815589904785,1.9455070495605469,2e-05,8.404812892200425,0.3370169699192047,0.3370169699192047,0.8288375735282898,5.400390625,0.7663617134094238,0.3997184932231903,0.6727272868156433,0.4316626191139221,3.1806640625,0.381280779838562,0.3370169997215271,0.7168395519256592,0.001793429721146822,0.0,0.9515718051643729,8.407142746960744,428.2073123239678,0.6303117275238037,0.6303117275238037,0.976914644241333,0.9755859375,0.6962890625,0.3426234722137451,0.7107107043266296,0.44510945677757263,0.693359375,0.4507825970649719,0.4507825970649719,0.923275351524353,0.8785504698753357,0.5083251595497131,0.24274031817913055,0.6867335438728333,0.47707387804985046,0.5161606073379517,0.35087093710899353,0.35087093710899353,0.8618758320808411,0.8003933429718018,0.41396263241767883,0.16782255470752716,0.6781326532363892,0.4075031578540802,0.3972468078136444,0.28469526767730713,0.28469526767730713,0.8173117637634277,0.7327415943145752,0.35108479857444763,0.11294329911470413,0.6554508805274963,0.42807114124298096,0.33136093616485596,0.24273979663848877,0.24273979663848877,0.7731086611747742,0.6788537502288818,0.3112648129463196,0.07273290306329727,0.671033501625061,0.34038394689559937,0.27865612506866455,0.213489830493927,0.213489830493927,0.7378368377685547,0.6643564105033875,0.27326732873916626,0.042370546609163284,0.6467958092689514,0.3525944948196411,0.24455446004867554,0.18075796961784363,0.18075796961784363,0.7080267667770386,0.6295928359031677,0.23833167552947998,0.018766937777400017,0.6356467008590698,0.3297916650772095,0.20158888399600983,0.6129146814346313,0.3370169997215271
05:26:39,106,1.127055048942566,0.7414296865463257,0.40647411346435547,1.0,0.8718324899673462,0.7099011540412903,0.37627267837524414,2.72794771194458,1.4607210159301758,2e-05,8.394227765966207,0.30929097533226013,0.30929097533226013,0.7583766579627991,5.0533881187438965,0.7099011540412903,0.37627267837524414,0.6632716655731201,0.40647411346435547,3.100615978240967,0.3562048077583313,0.30929097533226013,0.7371690273284912,0.001750467112287879,0.0,0.9527803411291158,8.396478867856786,428.7511535081021,0.5813456773757935,0.5813456773757935,0.9451646208763123,0.9455851912498474,0.6498973369598389,0.3397696912288666,0.6851248741149902,0.46687519550323486,0.6478439569473267,0.40509945154190063,0.40509945154190063,0.8545408248901367,0.8283658623695374,0.4707091450691223,0.24045726656913757,0.6712158918380737,0.43922579288482666,0.46659815311431885,0.32740169763565063,0.32740169763565063,0.7951853275299072,0.7518022656440735,0.393408864736557,0.16751700639724731,0.6931506991386414,0.3756088316440582,0.37178167700767517,0.26139652729034424,0.26139652729034424,0.7412710785865784,0.6646026968955994,0.33126935362815857,0.11399291455745697,0.6863353848457336,0.3275969326496124,0.31682145595550537,0.2244608998298645,0.2244608998298645,0.6913016438484192,0.6376811861991882,0.29192546010017395,0.07435975223779678,0.649350643157959,0.2873285412788391,0.26811593770980835,0.19119007885456085,0.19119007885456085,0.6561363935470581,0.5815160870552063,0.24922119081020355,0.0439961738884449,0.5874999761581421,0.30778345465660095,0.22014537453651428,0.17016315460205078,0.17016315460205078,0.6216306090354919,0.5556711554527283,0.2434963583946228,0.01990724913775921,0.6404494643211365,0.2865280210971832,0.19771072268486023,0.60148686170578,0.30929097533226013
05:26:47,107,0.8039714694023132,0.518958568572998,0.2958240807056427,1.0,0.9064078330993652,0.7595774531364441,0.45183098316192627,3.2344939708709717,0.6906962990760803,2e-05,8.471077386988327,0.3869239389896393,0.3869239389896393,0.7977296113967896,5.3564453125,0.7595774531364441,0.45183098316192627,0.717411458492279,0.2958240807056427,3.5830078125,0.4239436686038971,0.3869239389896393,0.6840832829475403,0.0017645037733018398,0.0,0.9441187090294519,8.473510717973113,424.8534190632534,0.6415548324584961,0.6415548324584961,0.9630324244499207,0.9560546875,0.70703125,0.3174697458744049,0.7364657521247864,0.3428382873535156,0.7041015625,0.48958152532577515,0.48958152532577515,0.8929852843284607,0.8667972683906555,0.5523996353149414,0.23451335728168488,0.7152542471885681,0.3342389464378357,0.5357492566108704,0.3902341425418854,0.3902341425418854,0.8262996077537537,0.7915437817573547,0.46214357018470764,0.1702297031879425,0.7155279517173767,0.2812475562095642,0.43461158871650696,0.3405410945415497,0.3405410945415497,0.7776778936386108,0.7228797078132629,0.40138065814971924,0.12110862135887146,0.7080491185188293,0.2418050467967987,0.36883628368377686,0.3065614700317383,0.3065614700317383,0.73288494348526,0.6900990009307861,0.37029704451560974,0.08241117745637894,0.7130559682846069,0.20026305317878723,0.32673266530036926,0.27802401781082153,0.27802401781082153,0.7051175832748413,0.6577380895614624,0.3363095223903656,0.05066230893135071,0.6968325972557068,0.1894121915102005,0.3035714328289032,0.25675269961357117,0.25675269961357117,0.682020902633667,0.6272366046905518,0.3280318081378937,0.02360503003001213,0.7305863499641418,0.19732145965099335,0.28827038407325745,0.664065957069397,0.3869239389896393
05:26:56,108,0.7082118988037109,0.43473953008651733,0.28061097860336304,1.0,0.9133968949317932,0.8124824166297913,0.48703861236572266,3.474024772644043,0.8598882555961609,2e-05,8.208933964837343,0.4305984377861023,0.4305984377861023,0.8508465886116028,5.8701171875,0.8124824166297913,0.48703861236572266,0.7239465713500977,0.28061097860336304,3.916015625,0.47900816798210144,0.4305984675884247,0.6561352610588074,0.003579722950235009,0.0,0.9740486572119275,8.21314206509851,438.3218957453674,0.6891206502914429,0.6891206502914429,0.9790068864822388,0.974609375,0.7431640625,0.31274789571762085,0.765531063079834,0.304973840713501,0.74609375,0.5456578731536865,0.5456578731536865,0.9329395294189453,0.9039215445518494,0.6039215922355652,0.23472672700881958,0.726681113243103,0.30620214343070984,0.5970588326454163,0.45736759901046753,0.45736759901046753,0.8817654848098755,0.8526522517204285,0.5176817178726196,0.17237338423728943,0.7453917264938354,0.27041733264923096,0.5127701163291931,0.38613733649253845,0.38613733649253845,0.837844729423523,0.7741617560386658,0.44871795177459717,0.12275998294353485,0.7388535141944885,0.23858875036239624,0.44773176312446594,0.342448353767395,0.342448353767395,0.8007814884185791,0.7485148310661316,0.394059419631958,0.08316494524478912,0.7050264477729797,0.2249010056257248,0.39009901881217957,0.3102545440196991,0.3102545440196991,0.773643434047699,0.7291666865348816,0.3700396716594696,0.05074145644903183,0.6925169825553894,0.24108555912971497,0.3482142984867096,0.27729514241218567,0.27729514241218567,0.7463883757591248,0.7001991868019104,0.3256972134113312,0.023485543206334114,0.6714082360267639,0.2630550265312195,0.30478087067604065,0.6720558404922485,0.4305984675884247
05:27:04,109,1.0891717672348022,0.7016512751579285,0.4072965383529663,1.0,0.8701736927032471,0.7274636030197144,0.3793393075466156,2.7680277824401855,0.8780537247657776,2e-05,8.490302565740421,0.3120538890361786,0.3120538890361786,0.7603945136070251,5.009765625,0.7274636030197144,0.3793393075466156,0.6540311574935913,0.4072965383529663,3.0859375,0.3551231920719147,0.3120538890361786,0.7331051826477051,0.0015646913088858128,0.0,0.9420230040511068,8.492361614946276,423.9103518229981,0.5875833034515381,0.5875833034515381,0.9584622383117676,0.9619140625,0.6513671875,0.3377876579761505,0.6710659861564636,0.4674486517906189,0.6455078125,0.4147166907787323,0.4147166907787323,0.8748582601547241,0.8408203125,0.48046875,0.23937588930130005,0.6713124513626099,0.4455316960811615,0.4765625,0.3104062080383301,0.3104062080383301,0.7948014736175537,0.7602739930152893,0.37964776158332825,0.16670212149620056,0.6563706398010254,0.4021676182746887,0.3669275939464569,0.25552117824554443,0.25552117824554443,0.7368180751800537,0.6921568512916565,0.3225490152835846,0.11424499750137329,0.6416430473327637,0.3510022461414337,0.2970588207244873,0.22554294764995575,0.22554294764995575,0.6871171593666077,0.6575073599815369,0.30225712060928345,0.075468510389328,0.6477611660957336,0.26693329215049744,0.25613346695899963,0.20250627398490906,0.20250627398490906,0.6505709290504456,0.6188604831695557,0.2671905755996704,0.04544880613684654,0.6253968477249146,0.2278730571269989,0.2249508798122406,0.18595024943351746,0.18595024943351746,0.6181350350379944,0.5585054159164429,0.2497541755437851,0.02097204327583313,0.6496478915214539,0.17860403656959534,0.21632251143455505,0.5926278233528137,0.3120538890361786
05:27:12,110,0.7897077798843384,0.501794159412384,0.29826048016548157,1.0,0.9043899178504944,0.7667518258094788,0.45357751846313477,3.272719621658325,0.6733043193817139,2e-05,8.407391508109868,0.39317208528518677,0.39317208528518677,0.805610716342926,5.448071002960205,0.7667518258094788,0.45357751846313477,0.7148675918579102,0.29826048016548157,3.6389713287353516,0.4348381459712982,0.39317208528518677,0.6811659932136536,0.03599389689043164,0.0,0.9474105812286926,8.444068663055077,426.3347615529117,0.6477208137512207,0.6477208137512207,0.9681710600852966,0.9663699269294739,0.7042531967163086,0.3166942298412323,0.7267144322395325,0.35138997435569763,0.7012858390808105,0.4945314824581146,0.4945314824581146,0.9082974195480347,0.8752475380897522,0.5485148429870605,0.2348281890153885,0.7081447839736938,0.3341465890407562,0.5435643792152405,0.41352298855781555,0.41352298855781555,0.8442328572273254,0.79682856798172,0.48959365487098694,0.17104938626289368,0.7213930487632751,0.2819700837135315,0.45787909626960754,0.3541632294654846,0.3541632294654846,0.7879855036735535,0.7176938652992249,0.4184890687465668,0.12140127271413803,0.7326869964599609,0.22050431370735168,0.390656054019928,0.3037852644920349,0.3037852644920349,0.7433065176010132,0.7004975080490112,0.36218905448913574,0.08219995349645615,0.703125,0.22785422205924988,0.3422885537147522,0.2798781991004944,0.2798781991004944,0.7066887617111206,0.6749750971794128,0.3379860520362854,0.050371911376714706,0.7016248106956482,0.1908426433801651,0.3160518407821655,0.2556265592575073,0.2556265592575073,0.6781436204910278,0.6330000162124634,0.3109999895095825,0.023455066606402397,0.7045813798904419,0.18456830084323883,0.289000004529953,0.6604273915290833,0.39317208528518677
05:27:21,111,1.024788737297058,0.6563736796379089,0.38454699516296387,1.0,0.8769711852073669,0.7574107646942139,0.40880218148231506,2.8845291137695312,1.8294553756713867,2e-05,8.203930547926575,0.3458493947982788,0.3458493947982788,0.8067899942398071,5.317610263824463,0.7574107646942139,0.40880218148231506,0.6884983777999878,0.38454699516296387,3.248427629470825,0.38626739382743835,0.34584933519363403,0.7105534672737122,0.027863410767167807,0.0,0.9717747926596216,8.232360069872811,437.29865669682977,0.6159935593605042,0.6159935593605042,0.9624333381652832,0.9654088020324707,0.6666666865348816,0.33427828550338745,0.6938110589981079,0.4329053461551666,0.6698113083839417,0.44780126214027405,0.44780126214027405,0.8936935663223267,0.8663157820701599,0.5073684453964233,0.23998047411441803,0.6755771636962891,0.42419618368148804,0.4968421161174774,0.37329596281051636,0.37329596281051636,0.8417271971702576,0.7932489514350891,0.4472573697566986,0.16916602849960327,0.7167553305625916,0.3362012207508087,0.42721518874168396,0.2971001863479614,0.2971001863479614,0.7912623286247253,0.7266949415206909,0.3718220293521881,0.11591803282499313,0.6967930197715759,0.3308503031730652,0.34216102957725525,0.2642948627471924,0.2642948627471924,0.7482379674911499,0.6921443939208984,0.3322717547416687,0.07590603083372116,0.6901840567588806,0.2722541093826294,0.29936304688453674,0.21868154406547546,0.21868154406547546,0.7152913212776184,0.6261980533599854,0.2694355845451355,0.044708456844091415,0.692176878452301,0.3284827470779419,0.24387645721435547,0.19789515435695648,0.19789515435695648,0.6908206939697266,0.6267379522323608,0.260962575674057,0.02004276216030121,0.6467576622962952,0.3171670436859131,0.2181818187236786,0.6273789405822754,0.34584933519363403
05:27:29,112,1.2887425422668457,0.809552788734436,0.5021292567253113,1.0,0.8432661890983582,0.7553400993347168,0.3681843876838684,2.5735440254211426,0.9709892272949219,2e-05,8.334028960205615,0.3018548786640167,0.3018548786640167,0.8014402985572815,5.3349609375,0.7553400993347168,0.3681843876838684,0.6520930528640747,0.5021292567253113,2.9931640625,0.34766721725463867,0.3018548786640167,0.7409576177597046,0.00168520025908947,0.0,0.9596682429909867,8.33621416403912,431.85070934594404,0.610255777835846,0.610255777835846,0.97151118516922,0.970703125,0.669921875,0.35694053769111633,0.6841046214103699,0.49021077156066895,0.6640625,0.4324387013912201,0.4324387013912201,0.9082193374633789,0.8803921341896057,0.499019593000412,0.24737153947353363,0.6848552227020264,0.5250775218009949,0.48235294222831726,0.31718510389328003,0.31718510389328003,0.8379634022712708,0.7892156839370728,0.3921568691730499,0.16638660430908203,0.6695652008056641,0.5088097453117371,0.36764705181121826,0.2503163516521454,0.2503163516521454,0.7831582427024841,0.7339901328086853,0.3133004903793335,0.10833883285522461,0.6510066986083984,0.461404949426651,0.2945812940597534,0.1991250067949295,0.1991250067949295,0.7397676706314087,0.6932938694953918,0.27712032198905945,0.06703409552574158,0.6187766790390015,0.5307196974754333,0.24063116312026978,0.16322439908981323,0.16322439908981323,0.700117290019989,0.6442687511444092,0.23122529685497284,0.03770343214273453,0.592024564743042,0.5318390727043152,0.20948617160320282,0.13582001626491547,0.13582001626491547,0.6662383675575256,0.5717111825942993,0.18991097807884216,0.01622495986521244,0.6314879059791565,0.4336045980453491,0.17012858390808105,0.589467465877533,0.3018548786640167
05:27:37,113,1.5316005945205688,1.0233672857284546,0.5480087399482727,1.0,0.8360829949378967,0.6813202500343323,0.32977527379989624,2.3409523963928223,0.8556849360466003,2e-05,8.325819014338776,0.26072919368743896,0.26072919368743896,0.7522937059402466,4.603515625,0.6813202500343323,0.32977527379989624,0.6435786485671997,0.5480087399482727,2.8056640625,0.3198033571243286,0.26072919368743896,0.7710711359977722,0.0016402630135416985,0.0,0.9605956894031364,8.328165624989197,432.26806023141137,0.5648849010467529,0.5648849010467529,0.9518858790397644,0.9521484375,0.6376953125,0.37053382396698,0.6738461256027222,0.5666710734367371,0.6416015625,0.3807486891746521,0.3807486891746521,0.8666763305664062,0.8090107440948486,0.46327129006385803,0.24989016354084015,0.675544798374176,0.5525416135787964,0.4613124430179596,0.2727225124835968,0.2727225124835968,0.7922199964523315,0.7173699736595154,0.336604505777359,0.163600891828537,0.6757866144180298,0.5362419486045837,0.345436692237854,0.21178610622882843,0.21178610622882843,0.7236325740814209,0.6542239785194397,0.2966601252555847,0.10390393435955048,0.6411411166191101,0.5264461040496826,0.26915520429611206,0.15830709040164948,0.15830709040164948,0.6772048473358154,0.5917159914970398,0.2297830432653427,0.0628170296549797,0.6050000190734863,0.5370352268218994,0.21104536950588226,0.1274261623620987,0.1274261623620987,0.6404430270195007,0.5389930605888367,0.18953603506088257,0.03463822975754738,0.6025640964508057,0.45590874552726746,0.1727541983127594,0.10494229942560196,0.10494229942560196,0.610621988773346,0.501483678817749,0.15034618973731995,0.014615857042372227,0.5798816680908203,0.48594850301742554,0.13254204392433167,0.5670408606529236,0.26072919368743896
05:27:46,114,0.8337088227272034,0.5293554067611694,0.3152909278869629,1.0,0.9044495820999146,0.7703672647476196,0.45251160860061646,3.184718132019043,1.4625637531280518,2e-05,8.145201436243951,0.38498082756996155,0.38498082756996155,0.8032684922218323,5.5029296875,0.7703672647476196,0.45251160860061646,0.722374439239502,0.3152909278869629,3.625,0.43745604157447815,0.3849808871746063,0.6874083876609802,0.0016328180208802223,0.0,0.981916226930135,8.147334549110383,441.86230211856076,0.6517729163169861,0.6517729163169861,0.9626306295394897,0.9638671875,0.712890625,0.321588933467865,0.7456940412521362,0.3436811566352844,0.71875,0.48747941851615906,0.48747941851615906,0.894995927810669,0.8666666746139526,0.5519607663154602,0.2365657240152359,0.7228506803512573,0.3483167588710785,0.5539215803146362,0.40907517075538635,0.40907517075538635,0.8365775942802429,0.8090550899505615,0.47539371252059937,0.1708538979291916,0.7335766553878784,0.2895941436290741,0.4645669162273407,0.33691734075546265,0.33691734075546265,0.7820044159889221,0.7458128333091736,0.4049261212348938,0.11998862028121948,0.7054161429405212,0.29510340094566345,0.3842364549636841,0.30008867383003235,0.30008867383003235,0.7438845634460449,0.6939783096313477,0.3820335566997528,0.08028466254472733,0.712660014629364,0.24922341108322144,0.3494570553302765,0.26078683137893677,0.26078683137893677,0.7105469703674316,0.6607319712638855,0.32344213128089905,0.04841846972703934,0.726047933101654,0.2627931535243988,0.30464887619018555,0.24422377347946167,0.24422377347946167,0.6890713572502136,0.648809552192688,0.3125,0.022299716249108315,0.6987767815589905,0.19145114719867706,0.2817460298538208,0.6584436297416687,0.3849808871746063
05:27:54,115,1.00887131690979,0.6371630430221558,0.38647574186325073,1.0,0.8777579665184021,0.7820205688476562,0.43201354146003723,2.901259660720825,0.6866236925125122,2e-05,8.30733180581592,0.36082717776298523,0.36082717776298523,0.804111897945404,5.4775390625,0.7820205688476562,0.43201354146003723,0.699459433555603,0.38647574186325073,3.3427734375,0.40594616532325745,0.3608272671699524,0.7027300000190735,0.0017294296994805336,0.0,0.9627351169804437,8.309658450074494,433.23080264119966,0.6410343647003174,0.6410343647003174,0.9667360186576843,0.97265625,0.6962890625,0.33612462878227234,0.7118473649024963,0.417680561542511,0.6923828125,0.48945561051368713,0.48945561051368713,0.9036495089530945,0.8872548937797546,0.5558823347091675,0.2416190654039383,0.7193370461463928,0.40057477355003357,0.5460784435272217,0.36690855026245117,0.36690855026245117,0.8394230604171753,0.8053097128868103,0.44739431142807007,0.1687953770160675,0.6959707140922546,0.4001070261001587,0.429695188999176,0.30979064106941223,0.30979064106941223,0.7818454504013062,0.7682445645332336,0.3925049304962158,0.11494890600442886,0.7124518752098083,0.3342444896697998,0.3708086907863617,0.26102545857429504,0.26102545857429504,0.7404643893241882,0.7022749781608582,0.320474773645401,0.07462818175554276,0.685915470123291,0.32942289113998413,0.29179030656814575,0.24427658319473267,0.24427658319473267,0.7082582116127014,0.679920494556427,0.3389661908149719,0.04404249042272568,0.6900584697723389,0.2797291576862335,0.27534791827201843,0.20717819035053253,0.20717819035053253,0.6840998530387878,0.6537313461303711,0.2666666805744171,0.01984144188463688,0.6666666865348816,0.2870701253414154,0.22885571420192719,0.6415006518363953,0.3608272671699524
05:28:02,116,0.8244875073432922,0.5234268307685852,0.3118930160999298,1.0,0.9028220772743225,0.7808910012245178,0.45418885350227356,3.217759609222412,0.567613959312439,2e-05,8.389237358933315,0.39444175362586975,0.39444175362586975,0.8214470744132996,5.5703125,0.7808910012245178,0.45418885350227356,0.7197703719139099,0.3118930160999298,3.6689453125,0.4417203664779663,0.39444175362586975,0.676819384098053,0.0015822879504412413,0.0,0.953362614873724,8.391350652091205,429.0131766931758,0.6608449220657349,0.6608449220657349,0.9721788763999939,0.96484375,0.7099609375,0.3216449022293091,0.7327935099601746,0.3452676832675934,0.70703125,0.5230920314788818,0.5230920314788818,0.9202123284339905,0.8796477317810059,0.572407066822052,0.23772884905338287,0.743047833442688,0.32027697563171387,0.5792563557624817,0.41701245307922363,0.41701245307922363,0.8564521074295044,0.8062622547149658,0.47847357392311096,0.1713610291481018,0.7305825352668762,0.29464349150657654,0.4706457853317261,0.34526580572128296,0.34526580572128296,0.8069597482681274,0.7411764860153198,0.41960784792900085,0.11984050273895264,0.7010582089424133,0.3064402639865875,0.3960784375667572,0.30313125252723694,0.30313125252723694,0.7633252143859863,0.7003929018974304,0.3634577691555023,0.07981343567371368,0.7377278804779053,0.2233107089996338,0.36051079630851746,0.2696179747581482,0.2696179747581482,0.7287243604660034,0.7079645991325378,0.33529990911483765,0.047856517136096954,0.7027778029441833,0.2786542475223541,0.3048180937767029,0.23948080837726593,0.23948080837726593,0.7004438042640686,0.6640394330024719,0.2975369393825531,0.02175476960837841,0.6765578389167786,0.2668383717536926,0.27093595266342163,0.669126570224762,0.39444175362586975
05:28:11,117,1.1438137292861938,0.7065129280090332,0.4552386701107025,1.0,0.856012761592865,0.7606801390647888,0.39207419753074646,2.722777843475342,1.2878801822662354,2e-05,8.639201055048034,0.32374629378318787,0.32374629378318787,0.7917778491973877,5.359375,0.7606801390647888,0.39207419753074646,0.6539811491966248,0.4552386701107025,3.162109375,0.37071388959884644,0.3237462639808655,0.7270455956459045,0.0020672627724707127,0.0,0.9257268179418912,8.641858316026628,416.577068073851,0.6076639294624329,0.6076639294624329,0.9679811596870422,0.9814453125,0.662109375,0.3446210026741028,0.6776119470596313,0.4857327342033386,0.6650390625,0.45608559250831604,0.45608559250831604,0.9057137966156006,0.8814887404441833,0.5249755382537842,0.24413006007671356,0.6755555272102356,0.4480280578136444,0.5004897117614746,0.3429964780807495,0.3429964780807495,0.8332281112670898,0.7978410124778748,0.42100098729133606,0.16813910007476807,0.6666666865348816,0.4671960473060608,0.39744848012924194,0.2792195975780487,0.2792195975780487,0.7742612361907959,0.7345132827758789,0.3608652949333191,0.11255106329917908,0.6465863585472107,0.4041968584060669,0.3323500454425812,0.22798430919647217,0.22798430919647217,0.7268088459968567,0.6633760929107666,0.2961500585079193,0.07153443992137909,0.6354166865348816,0.42049145698547363,0.2645606994628906,0.18536706268787384,0.18536706268787384,0.683129072189331,0.6399604082107544,0.24431255459785461,0.04101334139704704,0.6228747963905334,0.4249471426010132,0.22650840878486633,0.1622486114501953,0.1622486114501953,0.6478339433670044,0.6221562623977661,0.2304648905992508,0.01801098883152008,0.629570722579956,0.3442116975784302,0.20375865697860718,0.5911768078804016,0.3237462639808655
05:28:19,118,0.7108734250068665,0.4434048533439636,0.27502933144569397,1.0,0.9130411744117737,0.788793683052063,0.48560595512390137,3.4728095531463623,0.5249226689338684,2e-05,8.38434053515084,0.4262462556362152,0.4262462556362152,0.8303736448287964,5.7275390625,0.788793683052063,0.48560595512390137,0.7377603650093079,0.27502933144569397,3.8330078125,0.461873322725296,0.4262462556362152,0.6625737547874451,0.0016175494529306889,0.0,0.953909045384389,8.386543810134754,429.25907042297507,0.6808409690856934,0.6808409690856934,0.9723502397537231,0.96484375,0.724609375,0.3118259906768799,0.7540485858917236,0.3034302890300751,0.7275390625,0.5368277430534363,0.5368277430534363,0.9169536232948303,0.8962817788124084,0.6027397513389587,0.2341543287038803,0.7423580884933472,0.30857712030410767,0.591976523399353,0.4467466175556183,0.4467466175556183,0.8600075840950012,0.8321884274482727,0.5152109861373901,0.1721501648426056,0.739386796951294,0.25886672735214233,0.48969578742980957,0.3779965043067932,0.3779965043067932,0.8136624097824097,0.7789784073829651,0.43516698479652405,0.1230255737900734,0.7276166677474976,0.25073450803756714,0.4174852669239044,0.3416840732097626,0.3416840732097626,0.7768263220787048,0.7251231670379639,0.403940886259079,0.08372373878955841,0.7336956262588501,0.2065206915140152,0.3773398995399475,0.3156183362007141,0.3156183362007141,0.7465124130249023,0.6847826242446899,0.384387344121933,0.05129958316683769,0.7402597665786743,0.20514586567878723,0.3349802494049072,0.2801484167575836,0.2801484167575836,0.7237117886543274,0.6360039710998535,0.32937684655189514,0.023820698261260986,0.7185069918632507,0.18928471207618713,0.2898120582103729,0.6861989498138428,0.4262462556362152
05:28:28,119,1.0699684619903564,0.6747872233390808,0.411928653717041,1.0,0.8719169497489929,0.7765449285507202,0.4192415773868561,2.834930419921875,0.8447537422180176,2e-05,8.37300175265409,0.3513987064361572,0.3513987064361572,0.8235190510749817,5.5205078125,0.7765449285507202,0.4192415773868561,0.6941580772399902,0.411928653717041,3.3681640625,0.408426970243454,0.3513987064361572,0.7050572633743286,0.0015117102302610874,0.0,0.955221107667928,8.37502431194298,429.84949845056764,0.6558449864387512,0.6558449864387512,0.9732002019882202,0.9765625,0.7119140625,0.3439915180206299,0.7329999804496765,0.4184146821498871,0.7158203125,0.4860101342201233,0.4860101342201233,0.9143268465995789,0.8776907920837402,0.5645792484283447,0.24528644979000092,0.7268673181533813,0.42030656337738037,0.5606653690338135,0.38651394844055176,0.38651394844055176,0.8593014478683472,0.8184494376182556,0.4582924544811249,0.169395312666893,0.7026379108428955,0.4070564806461334,0.44749754667282104,0.30004313588142395,0.30004313588142395,0.8110637068748474,0.7642436027526855,0.37229862809181213,0.11271464079618454,0.6722365021705627,0.40676695108413696,0.3585461676120758,0.2451908439397812,0.2451908439397812,0.77031409740448,0.7211822867393494,0.3133004903793335,0.07094905525445938,0.6734972596168518,0.3818800151348114,0.3064039349555969,0.205247163772583,0.205247163772583,0.7343623638153076,0.6679841876029968,0.26778656244277954,0.04023490473628044,0.668639063835144,0.4249661862850189,0.24703557789325714,0.17603038251399994,0.17603038251399994,0.6991307139396667,0.605940580368042,0.2415841519832611,0.017428098246455193,0.6519607901573181,0.32416990399360657,0.21782177686691284,0.636066198348999,0.3513987064361572
05:28:36,120,1.1062062978744507,0.7001959681510925,0.42457279562950134,1.0,0.8632533550262451,0.741343080997467,0.39506518840789795,2.7676773071289062,1.0002732276916504,2e-05,8.247486640233546,0.33009210228919983,0.33009210228919983,0.7846986651420593,5.2578125,0.741343080997467,0.39506518840789795,0.670007586479187,0.42457279562950134,3.1015625,0.36842843890190125,0.33009210228919983,0.7225580811500549,0.001684393035247922,0.0,0.9697302086631205,8.24971721880138,436.37859389840423,0.6077957153320312,0.6077957153320312,0.9661088585853577,0.9609375,0.65625,0.3392113745212555,0.6819105744361877,0.4457646310329437,0.6552734375,0.4412306547164917,0.4412306547164917,0.897034764289856,0.8609206676483154,0.5112634897232056,0.24155671894550323,0.6916950941085815,0.444495290517807,0.4936336874961853,0.35509181022644043,0.35509181022644043,0.8253269791603088,0.7901960611343384,0.4333333373069763,0.16843387484550476,0.6836228370666504,0.42683684825897217,0.4019607901573181,0.28318750858306885,0.28318750858306885,0.7657200694084167,0.7117646932601929,0.3529411852359772,0.11410242319107056,0.6666666865348816,0.3973667323589325,0.3284313678741455,0.2347417175769806,0.2347417175769806,0.713911771774292,0.667976438999176,0.28978389501571655,0.07382820546627045,0.6573529243469238,0.36835619807243347,0.26031434535980225,0.20518535375595093,0.20518535375595093,0.675333559513092,0.6122047305107117,0.2736220359802246,0.04340192675590515,0.6575562953948975,0.3343818783760071,0.2342519611120224,0.18065820634365082,0.18065820634365082,0.6472566723823547,0.5828402638435364,0.2455621361732483,0.01946539804339409,0.6311336755752563,0.3323501944541931,0.20216962695121765,0.6126812100410461,0.33009210228919983
05:28:44,121,0.8202632069587708,0.5192651152610779,0.3111560642719269,1.0,0.9034514427185059,0.7714967131614685,0.4557441473007202,3.23854923248291,1.1271131038665771,2e-05,8.304504065774381,0.3910711109638214,0.3910711109638214,0.8042964935302734,5.60546875,0.7714967131614685,0.4557441473007202,0.7165454626083374,0.3111560642719269,3.67578125,0.44424182176589966,0.3910711109638214,0.6835715174674988,0.0016669537872076035,0.0,0.9630722236161682,8.306749799055979,433.3825006272757,0.6601726412773132,0.6601726412773132,0.9665844440460205,0.96875,0.712890625,0.3200848400592804,0.742943525314331,0.3276919722557068,0.7197265625,0.4984220564365387,0.4984220564365387,0.8986794352531433,0.8716944456100464,0.5543584823608398,0.2366267740726471,0.7157303094863892,0.35050490498542786,0.5582761764526367,0.4177277684211731,0.4177277684211731,0.8385909795761108,0.8119490742683411,0.486777663230896,0.17153474688529968,0.7104945778846741,0.28497493267059326,0.4691478908061981,0.35315170884132385,0.35315170884132385,0.7855256199836731,0.7387033104896545,0.4282907545566559,0.12059742212295532,0.727393627166748,0.2758713364601135,0.3998035490512848,0.2993040382862091,0.2993040382862091,0.7437151074409485,0.7027559280395508,0.3710629940032959,0.08053932338953018,0.7114846110343933,0.28493842482566833,0.3425196707248688,0.2666700780391693,0.2666700780391693,0.7115375995635986,0.6722440719604492,0.3277558982372284,0.048497918993234634,0.6896046996116638,0.26312056183815,0.32972440123558044,0.23889636993408203,0.23889636993408203,0.6832101345062256,0.6317867636680603,0.30602172017097473,0.022118987515568733,0.706250011920929,0.2329983413219452,0.2872655391693115,0.6557760834693909,0.3910711109638214
05:28:53,122,1.2013039588928223,0.7789422273635864,0.44558480381965637,1.0,0.8626130819320679,0.7268895506858826,0.3840966522693634,2.657134532928467,1.3041870594024658,2e-05,8.39870470110327,0.31139686703681946,0.31139686703681946,0.7736731767654419,5.0732421875,0.7268895506858826,0.3840966522693634,0.6683416962623596,0.44558480381965637,3.0947265625,0.3631637990474701,0.31139686703681946,0.7352479696273804,0.0016414248384535313,0.0,0.952285499019661,8.400841983035207,428.52847455884745,0.6093286871910095,0.6093286871910095,0.9626667499542236,0.96484375,0.671875,0.3471258282661438,0.6963562965393066,0.46661269664764404,0.669921875,0.4127037525177002,0.4127037525177002,0.879606306552887,0.8416422009468079,0.48875856399536133,0.24294176697731018,0.6678280830383301,0.5049115419387817,0.4848484992980957,0.3223385512828827,0.3223385512828827,0.8099940419197083,0.7431372404098511,0.3921568691730499,0.1665148138999939,0.6569920778274536,0.4414234459400177,0.37745097279548645,0.2547856569290161,0.2547856569290161,0.7488872408866882,0.689892053604126,0.32973504066467285,0.11148654669523239,0.6529160737991333,0.3992747664451599,0.31992149353027344,0.2182389348745346,0.2182389348745346,0.7024438381195068,0.6410256624221802,0.2968441843986511,0.0716082751750946,0.6723076701164246,0.34124088287353516,0.2623274028301239,0.19084203243255615,0.19084203243255615,0.6676018834114075,0.61622154712677,0.2631058394908905,0.0417613685131073,0.6629213690757751,0.28728699684143066,0.22749753296375275,0.16656100749969482,0.16656100749969482,0.6403816342353821,0.586891770362854,0.24131081998348236,0.01856144703924656,0.6565144062042236,0.2995879352092743,0.19463753700256348,0.6027997136116028,0.31139686703681946
05:29:01,123,0.8334522247314453,0.5230037569999695,0.32093381881713867,1.0,0.9035435914993286,0.7915433645248413,0.4713178277015686,3.268462657928467,1.4683469533920288,2e-05,8.309029799886048,0.4058528244495392,0.4058528244495392,0.8374704122543335,5.5908203125,0.7915433645248413,0.4713178277015686,0.7218660712242126,0.32093381881713867,3.7177734375,0.44749823212623596,0.4058528244495392,0.674601674079895,0.0017249032389372587,0.0,0.9625510977022927,8.311247079866007,433.1479939660317,0.6843256950378418,0.6843256950378418,0.9701915383338928,0.96484375,0.732421875,0.3220323324203491,0.7621457576751709,0.32705754041671753,0.736328125,0.521536111831665,0.521536111831665,0.9144945740699768,0.8883447647094727,0.5984328985214233,0.23786605894565582,0.7398015260696411,0.34512314200401306,0.5798236727714539,0.424028217792511,0.424028217792511,0.8656344413757324,0.8190757036209106,0.47885939478874207,0.17144586145877838,0.7238895297050476,0.3093450963497162,0.4690265357494354,0.36611661314964294,0.36611661314964294,0.8229747414588928,0.7751479148864746,0.4378698170185089,0.12000918388366699,0.7366412281990051,0.29730844497680664,0.4161735773086548,0.3137282133102417,0.3137282133102417,0.7906838655471802,0.7161226272583008,0.38180020451545715,0.07963305711746216,0.6919889450073242,0.31492605805397034,0.3392680585384369,0.2787010669708252,0.2787010669708252,0.7600032687187195,0.7077534794807434,0.34493041038513184,0.04752294719219208,0.6839887499809265,0.2758980691432953,0.31510934233665466,0.2457653284072876,0.2457653284072876,0.7344173789024353,0.6646706461906433,0.3183632791042328,0.021490637212991714,0.6906906962394714,0.2987253963947296,0.269461065530777,0.6663622856140137,0.4058528244495392
05:29:09,124,0.9311596155166626,0.5974032878875732,0.34778255224227905,1.0,0.893380343914032,0.7654823660850525,0.4447409212589264,3.0478732585906982,1.128677487373352,2e-05,8.41802930412814,0.3714234232902527,0.3714234232902527,0.8033437728881836,5.314453125,0.7654823660850525,0.4447409212589264,0.7094111442565918,0.34778255224227905,3.404296875,0.41974443197250366,0.3714234232902527,0.697294294834137,0.0016391933895647526,0.0,0.9500977904735783,8.420185880037025,427.54400571311027,0.6340426206588745,0.6340426206588745,0.9625018835067749,0.9599609375,0.69140625,0.3245764672756195,0.7222787141799927,0.3858041763305664,0.6923828125,0.4540756940841675,0.4540756940841675,0.886980414390564,0.85546875,0.5185546875,0.23645265400409698,0.6940639019012451,0.4167107343673706,0.5078125,0.3907007873058319,0.3907007873058319,0.8290344476699829,0.7872549295425415,0.4725490212440491,0.16983415186405182,0.7260273694992065,0.2975439727306366,0.4382352828979492,0.33120638132095337,0.33120638132095337,0.7820795178413391,0.7236971259117126,0.41396263241767883,0.11911829560995102,0.7350543737411499,0.27056896686553955,0.3815142512321472,0.28683292865753174,0.28683292865753174,0.7452481985092163,0.7073891758918762,0.3615763485431671,0.07970775663852692,0.6991643309593201,0.2769882082939148,0.33596059679985046,0.26043787598609924,0.26043787598609924,0.7200853824615479,0.6752220988273621,0.33859822154045105,0.04818107932806015,0.682748556137085,0.26664865016937256,0.30207306146621704,0.23845502734184265,0.23845502734184265,0.6943233013153076,0.6458333134651184,0.3125,0.022129544988274574,0.7004608511924744,0.254605233669281,0.2757936418056488,0.65151447057724,0.3714234232902527
05:29:18,125,0.7321346998214722,0.45808500051498413,0.28189754486083984,1.0,0.9094710946083069,0.7985591292381287,0.4862268567085266,3.407313585281372,1.0982532501220703,2e-05,8.231453825486824,0.422751247882843,0.422751247882843,0.8311609029769897,5.6923828125,0.7985591292381287,0.4862268567085266,0.7197948098182678,0.28189754486083984,3.8193359375,0.4685690104961395,0.422751247882843,0.6646477580070496,0.0016789347864687443,0.0,0.9716176081414221,8.233691869070753,437.2279236636399,0.6586493253707886,0.6586493253707886,0.9617342948913574,0.962890625,0.7080078125,0.31260067224502563,0.7423934936523438,0.3214893639087677,0.71484375,0.5313742160797119,0.5313742160797119,0.9092037677764893,0.8851815462112427,0.5947006940841675,0.23462066054344177,0.7405765056610107,0.28222885727882385,0.5740922689437866,0.4510255455970764,0.4510255455970764,0.8644556403160095,0.8338249921798706,0.5191740393638611,0.1725885272026062,0.7287735939025879,0.2654527723789215,0.5103244781494141,0.38915392756462097,0.38915392756462097,0.8200114965438843,0.7794263362884521,0.4619188904762268,0.12315383553504944,0.7335025668144226,0.23960469663143158,0.4411473870277405,0.3417128324508667,0.3417128324508667,0.7829530239105225,0.7455268502235413,0.4085487127304077,0.08331158012151718,0.7093333601951599,0.2514668107032776,0.39165011048316956,0.30769890546798706,0.30769890546798706,0.7499783039093018,0.6929212212562561,0.36490529775619507,0.05058535933494568,0.6935251951217651,0.23513153195381165,0.33698904514312744,0.2724885046482086,0.2724885046482086,0.7251571416854858,0.684684693813324,0.33933934569358826,0.02313932403922081,0.6710526347160339,0.2885502576828003,0.3033033013343811,0.6706408262252808,0.422751247882843
05:29:26,126,0.9855135679244995,0.6309376358985901,0.36970365047454834,1.0,0.8868063688278198,0.7402305603027344,0.4134101867675781,2.958834648132324,0.6483216285705566,2e-05,8.394689901033416,0.3438158631324768,0.3438158631324768,0.7883808016777039,5.2783203125,0.7402305603027344,0.4134101867675781,0.6813520789146423,0.36970365047454834,3.3779296875,0.38726454973220825,0.3438158631324768,0.7134358882904053,0.0018333923071622849,0.0,0.9527129487902513,8.397072812076658,428.72082695561306,0.6293466091156006,0.6293466091156006,0.9611564874649048,0.9619140625,0.6904296875,0.33236807584762573,0.7228426337242126,0.38983777165412903,0.6953125,0.4670352637767792,0.4670352637767792,0.8950001001358032,0.8726738691329956,0.5504407286643982,0.23964428901672363,0.6992143392562866,0.38985198736190796,0.5249755382537842,0.3591799736022949,0.3591799736022949,0.8234757781028748,0.7779960632324219,0.4381139576435089,0.16885562241077423,0.6994949579238892,0.38084301352500916,0.40569743514060974,0.2850254774093628,0.2850254774093628,0.7708210945129395,0.7030481696128845,0.35103243589401245,0.1160716637969017,0.6755244731903076,0.3570210039615631,0.3284169137477875,0.24595695734024048,0.24595695734024048,0.7259446978569031,0.6400394439697266,0.3155818581581116,0.07643815129995346,0.6548536419868469,0.2787226438522339,0.2790926992893219,0.22121915221214294,0.22121915221214294,0.684935986995697,0.637982189655304,0.295746773481369,0.045742012560367584,0.643410861492157,0.2867595851421356,0.2571711242198944,0.19429440796375275,0.19429440796375275,0.6538351774215698,0.5837462544441223,0.24777007102966309,0.02088024653494358,0.6383700966835022,0.2856411039829254,0.2150644212961197,0.6185184121131897,0.3438158631324768
05:29:34,127,1.010053277015686,0.6351905465126038,0.3909487724304199,1.0,0.871944010257721,0.76316899061203,0.41059136390686035,2.8978676795959473,0.7204122543334961,2e-05,8.33655499573797,0.34654131531715393,0.34654131531715393,0.8040710687637329,5.3203125,0.76316899061203,0.41059136390686035,0.6690594553947449,0.3909487724304199,3.244140625,0.3895210027694702,0.3465413451194763,0.7077865600585938,0.0016181031242012978,0.0,0.9593540237277973,8.338944541988894,431.7093106775088,0.63759446144104,0.63759446144104,0.9639415740966797,0.970703125,0.6953125,0.3364717662334442,0.7112675905227661,0.40400800108909607,0.6904296875,0.46897706389427185,0.46897706389427185,0.8979532122612,0.8834475874900818,0.5269343852996826,0.24110811948776245,0.6873614192008972,0.4191250503063202,0.5239960551261902,0.3541204631328583,0.3541204631328583,0.8351897597312927,0.7779960632324219,0.4174852669239044,0.16857686638832092,0.6792929172515869,0.3952924311161041,0.41355597972869873,0.3019775152206421,0.3019775152206421,0.7870036363601685,0.7266470193862915,0.35889872908592224,0.11510589718818665,0.6738836169242859,0.3452754318714142,0.34709930419921875,0.2491697072982788,0.2491697072982788,0.7452400922775269,0.6840550899505615,0.31889763474464417,0.0748433768749237,0.6273381114006042,0.3455922305583954,0.2824803292751312,0.21476471424102783,0.21476471424102783,0.7129424214363098,0.6709486246109009,0.2915019690990448,0.04400976002216339,0.6332842707633972,0.36562153697013855,0.23814229667186737,0.19505591690540314,0.19505591690540314,0.6835088729858398,0.6251236200332642,0.2611275911331177,0.019884241744875908,0.642405092716217,0.2575342059135437,0.22650840878486633,0.6160125732421875,0.3465413451194763
05:29:43,128,0.8909453749656677,0.5577801465988159,0.34534111618995667,1.0,0.8941481709480286,0.7786655426025391,0.4472946524620056,3.1499183177948,1.038039207458496,2e-05,8.385896396124735,0.3869686424732208,0.3869686424732208,0.8265023827552795,5.564453125,0.7786655426025391,0.4472946524620056,0.7022502422332764,0.34534111618995667,3.5615234375,0.42991310358047485,0.3869686424732208,0.6860370635986328,0.001772094052284956,0.0,0.9537215404069093,8.388192633865401,429.1746931831092,0.6640883088111877,0.6640883088111877,0.9690435528755188,0.966796875,0.7177734375,0.324504554271698,0.7383838295936584,0.3406214416027069,0.7138671875,0.48962703347206116,0.48962703347206116,0.9059454798698425,0.8759765625,0.5517578125,0.23814070224761963,0.6989966630935669,0.3940947651863098,0.5419921875,0.4151586890220642,0.4151586890220642,0.8552603125572205,0.7982370257377625,0.4877570867538452,0.17118944227695465,0.7325153350830078,0.32986101508140564,0.46327129006385803,0.35050052404403687,0.35050052404403687,0.8166975378990173,0.7598039507865906,0.4107843041419983,0.11940812319517136,0.7200000286102295,0.30339303612709045,0.3911764621734619,0.29371440410614014,0.29371440410614014,0.7777703404426575,0.7131630778312683,0.34774067997932434,0.07879972457885742,0.6542699933052063,0.32464656233787537,0.32711198925971985,0.2605181038379669,0.2605181038379669,0.7418824434280396,0.6817734241485596,0.3211822807788849,0.0468348003923893,0.6705202460289001,0.33314669132232666,0.29064038395881653,0.23163528740406036,0.23163528740406036,0.716646671295166,0.6521739363670349,0.2905138432979584,0.021122653037309647,0.6803030371665955,0.32894110679626465,0.27766796946525574,0.6514768600463867,0.3869686424732208
05:29:51,129,0.8679381012916565,0.5308506488800049,0.3481558561325073,1.0,0.8944905400276184,0.782608687877655,0.4495091140270233,3.1468677520751953,0.6431652307510376,2e-05,8.38977475790307,0.3890495002269745,0.3890495002269745,0.8206527829170227,5.630859375,0.782608687877655,0.4495091140270233,0.7060931921005249,0.3481558561325073,3.595703125,0.4396914541721344,0.3890495300292969,0.6822081208229065,0.0015636999160051346,0.0,0.9533074407870739,8.391836313996464,428.98834835418324,0.6447468996047974,0.6447468996047974,0.9660720825195312,0.9658203125,0.6982421875,0.3219340145587921,0.721941351890564,0.3718462586402893,0.697265625,0.5116739869117737,0.5116739869117737,0.9131308197975159,0.8903036117553711,0.5847208499908447,0.23731431365013123,0.7370737195014954,0.3552846610546112,0.5798236727714539,0.4054991602897644,0.4054991602897644,0.8551682829856873,0.813725471496582,0.4647058844566345,0.1709429770708084,0.6963855624198914,0.352280855178833,0.4490196108818054,0.3484267294406891,0.3484267294406891,0.8047989010810852,0.7634935975074768,0.41216880083084106,0.11985242366790771,0.7069408893585205,0.3306112289428711,0.40137389302253723,0.3015320897102356,0.3015320897102356,0.7651122808456421,0.7148475646972656,0.3579154312610626,0.07996202260255814,0.7056396007537842,0.2941572964191437,0.3569321632385254,0.27039411664009094,0.27039411664009094,0.734740138053894,0.6958661675453186,0.3287401497364044,0.04805677756667137,0.6817538738250732,0.29181617498397827,0.3208661377429962,0.23815250396728516,0.23815250396728516,0.7035670876502991,0.6317867636680603,0.29713723063468933,0.021937506273388863,0.676562488079071,0.29131364822387695,0.26949653029441833,0.6464888453483582,0.3890495300292969
05:29:59,130,1.097177505493164,0.6961786150932312,0.4197748005390167,1.0,0.8668599128723145,0.7451639771461487,0.3955705165863037,2.7668228149414062,0.7072451710700989,2e-05,8.338602095842361,0.3272869884967804,0.3272869884967804,0.7807388305664062,5.259765625,0.7451639771461487,0.3955705165863037,0.6741911172866821,0.4197748005390167,3.1484375,0.37384358048439026,0.3272869884967804,0.7225820422172546,0.0015228779520839453,0.0,0.9591517468380265,8.340703153982759,431.6182860771119,0.6052983999252319,0.6052983999252319,0.9582509994506836,0.96484375,0.6591796875,0.33907395601272583,0.6730769276618958,0.4632265269756317,0.6494140625,0.4353148937225342,0.4353148937225342,0.8823612332344055,0.8563050031661987,0.5034213066101074,0.2409096360206604,0.6940639019012451,0.446064293384552,0.4965786933898926,0.33237749338150024,0.33237749338150024,0.8113213181495667,0.7896282076835632,0.4041095972061157,0.16753439605236053,0.6815365552902222,0.42502453923225403,0.4031311273574829,0.27408528327941895,0.27408528327941895,0.7622823119163513,0.7081292867660522,0.3476983308792114,0.11407702416181564,0.680497944355011,0.34849146008491516,0.32321253418922424,0.23986020684242249,0.23986020684242249,0.7170210480690002,0.6705998182296753,0.30678465962409973,0.07445260137319565,0.6686217188835144,0.34873348474502563,0.26352015137672424,0.21472381055355072,0.21472381055355072,0.6803848147392273,0.6295566558837891,0.2935960590839386,0.04408137872815132,0.663536787033081,0.2657095193862915,0.25221675634384155,0.18606656789779663,0.18606656789779663,0.6508142352104187,0.5938735008239746,0.2509881556034088,0.01987101510167122,0.6472545862197876,0.2773715853691101,0.22529643774032593,0.6131554841995239,0.3272869884967804
05:30:08,131,1.1793923377990723,0.7917126417160034,0.410764217376709,1.0,0.8747121095657349,0.7151402831077576,0.39367610216140747,2.709169626235962,1.2720694541931152,2e-05,8.387113929959014,0.31738460063934326,0.31738460063934326,0.765008807182312,4.971258640289307,0.7151402831077576,0.39367610216140747,0.6851224899291992,0.410764217376709,3.1863231658935547,0.3757299482822418,0.31738460063934326,0.7328207492828369,0.0019060168415307999,0.0,0.9535472509991494,8.389725828077644,429.09626294961726,0.6179279088973999,0.6179279088973999,0.9445875883102417,0.9464816451072693,0.6897918581962585,0.34632977843284607,0.7298429608345032,0.3996829390525818,0.6907829642295837,0.42874735593795776,0.42874735593795776,0.8565704822540283,0.8234127163887024,0.5059523582458496,0.24345248937606812,0.7120481729507446,0.4369761645793915,0.5089285969734192,0.3249090015888214,0.3249090015888214,0.7869876623153687,0.7485089302062988,0.41252484917640686,0.1671069860458374,0.6905710697174072,0.42070308327674866,0.3946322202682495,0.26014918088912964,0.26014918088912964,0.7411634922027588,0.6892430186271667,0.3316732943058014,0.11186721175909042,0.6488439440727234,0.4208347201347351,0.30776891112327576,0.2279529720544815,0.2279529720544815,0.7016049027442932,0.6399999856948853,0.30300000309944153,0.07173775881528854,0.6703125238418579,0.344372421503067,0.2709999978542328,0.19006900489330292,0.19006900489330292,0.674450159072876,0.586586594581604,0.25525525212287903,0.041390612721443176,0.6638225317001343,0.3982917070388794,0.2332332283258438,0.16764864325523376,0.16764864325523376,0.6466294527053833,0.5678392052650452,0.2532663345336914,0.01811518333852291,0.6460176706314087,0.4134516716003418,0.21909548342227936,0.6162925362586975,0.31738460063934326
05:30:16,132,1.029480218887329,0.6481859087944031,0.39693301916122437,1.0,0.8787989616394043,0.7586510181427002,0.4096774160861969,2.895362377166748,0.7565428018569946,2e-05,8.272391579346731,0.343856543302536,0.343856543302536,0.810279369354248,5.432350158691406,0.7586510181427002,0.4096774160861969,0.6781986951828003,0.39693301916122437,3.356052875518799,0.39604106545448303,0.343856543302536,0.7126820683479309,0.001351437997072935,0.0,0.9668420696288383,8.274360675131902,435.0789313329772,0.6397871971130371,0.6397871971130371,0.9719168543815613,0.9654120206832886,0.7039674520492554,0.33847030997276306,0.7302423715591431,0.40818920731544495,0.704984724521637,0.4819071888923645,0.4819071888923645,0.9182204008102417,0.8918367624282837,0.5479592084884644,0.2423991560935974,0.7048054933547974,0.40497177839279175,0.5428571701049805,0.36132925748825073,0.36132925748825073,0.851705014705658,0.8034800291061401,0.4339815676212311,0.1685173064470291,0.6891719698905945,0.43467971682548523,0.42272260785102844,0.2819868326187134,0.2819868326187134,0.7933184504508972,0.7353846430778503,0.35692307353019714,0.1138879805803299,0.6638772487640381,0.39870157837867737,0.3353846073150635,0.24707382917404175,0.24707382917404175,0.7465831637382507,0.6769547462463379,0.31378600001335144,0.07383141666650772,0.6595744490623474,0.314554363489151,0.2890946567058563,0.20704281330108643,0.20704281330108643,0.7101925015449524,0.635706901550293,0.26522186398506165,0.0434018149971962,0.6298701167106628,0.2973121106624603,0.25077399611473083,0.1817278414964676,0.1817278414964676,0.6757249236106873,0.5964730381965637,0.23962655663490295,0.019491972401738167,0.6278260946273804,0.2759343385696411,0.21991701424121857,0.6155310869216919,0.343856543302536
05:30:24,133,1.2402825355529785,0.8042975068092346,0.46046361327171326,1.0,0.852096438407898,0.7178802490234375,0.37362945079803467,2.5732715129852295,1.8254748582839966,2e-05,8.159497452899814,0.2959461808204651,0.2959461808204651,0.7574875950813293,5.0263671875,0.7178802490234375,0.37362945079803467,0.6577246785163879,0.46046361327171326,2.9873046875,0.35170087218284607,0.2959461808204651,0.746121346950531,0.0016390655655413866,0.0,0.9801827005727177,8.161743719130754,441.08221525772296,0.5733379125595093,0.5733379125595093,0.9552249312400818,0.9580078125,0.6455078125,0.3495566248893738,0.6697247624397278,0.5209616422653198,0.640625,0.40717795491218567,0.40717795491218567,0.8678463101387024,0.8414872884750366,0.5019569396972656,0.24347926676273346,0.6709302067756653,0.46716731786727905,0.47651663422584534,0.3101331889629364,0.3101331889629364,0.7944039702415466,0.756385087966919,0.3929273188114166,0.16583651304244995,0.6415584683418274,0.44826775789260864,0.36542239785194397,0.23968912661075592,0.23968912661075592,0.7298209071159363,0.709645688533783,0.31791338324546814,0.11046907305717468,0.6421636343002319,0.43188154697418213,0.2972441017627716,0.2037791609764099,0.2037791609764099,0.6852613687515259,0.6232741475105286,0.27712032198905945,0.07077644020318985,0.6534810066223145,0.3455580174922943,0.2504931092262268,0.17943091690540314,0.17943091690540314,0.6470500230789185,0.5697329640388489,0.2551928758621216,0.04136794060468674,0.6701388955116272,0.27732181549072266,0.22947576642036438,0.1534695327281952,0.1534695327281952,0.6188835501670837,0.5619425177574158,0.22001981735229492,0.018514147028326988,0.6507936716079712,0.2698378264904022,0.19722497463226318,0.5887182950973511,0.2959461808204651
05:30:32,134,0.9209929704666138,0.5675917267799377,0.3648710548877716,1.0,0.8839077353477478,0.778512179851532,0.43355363607406616,3.0171375274658203,1.947230577468872,2e-05,8.26120522734709,0.3631358742713928,0.3631358742713928,0.8058200478553772,5.6484375,0.778512179851532,0.43355363607406616,0.6840679049491882,0.3648710548877716,3.5,0.4208972156047821,0.3631358742713928,0.6986979842185974,0.0017530936747789383,0.0,0.9681124052070385,8.263503242982551,435.6505823431673,0.6496491432189941,0.6496491432189941,0.9709913730621338,0.9755859375,0.712890625,0.3300721347332001,0.7267267107963562,0.3769605755805969,0.7099609375,0.4772367477416992,0.4772367477416992,0.9132776856422424,0.9050880670547485,0.5567514896392822,0.2392730563879013,0.6951351165771484,0.40582481026649475,0.5518590807914734,0.38956841826438904,0.38956841826438904,0.8468815088272095,0.828262984752655,0.4681059718132019,0.16974060237407684,0.6848341226577759,0.36721378564834595,0.46025514602661133,0.31654027104377747,0.31654027104377747,0.7891558408737183,0.749015748500824,0.38877952098846436,0.11710736155509949,0.6780551671981812,0.34172388911247253,0.3710629940032959,0.26701778173446655,0.26701778173446655,0.7413201332092285,0.6841065883636475,0.33366239070892334,0.07711948454380035,0.6810966730117798,0.27190783619880676,0.32971373200416565,0.22899937629699707,0.22899937629699707,0.7050114870071411,0.6742573976516724,0.28910890221595764,0.04591364413499832,0.6372981071472168,0.28715750575065613,0.27128714323043823,0.20747670531272888,0.20747670531272888,0.670057475566864,0.6285998225212097,0.2800397276878357,0.020773759111762047,0.660347580909729,0.3040415644645691,0.24627606570720673,0.6185449957847595,0.3631358742713928
05:30:41,135,0.9237584471702576,0.5886194705963135,0.34911301732063293,1.0,0.8954415917396545,0.7534329295158386,0.43881091475486755,3.0277962684631348,1.2069543600082397,2e-05,8.611003200290725,0.3682919442653656,0.3682919442653656,0.7862866520881653,5.3567681312561035,0.7534329295158386,0.43881091475486755,0.7023833394050598,0.34911301732063293,3.4879329204559326,0.41783612966537476,0.3682918846607208,0.6935746073722839,0.014938370091840625,0.0,0.9273699814798816,8.626546211075038,417.31649166594667,0.6113969683647156,0.6113969683647156,0.9496080279350281,0.9517313838005066,0.6810073256492615,0.3244350254535675,0.7122381329536438,0.4112042486667633,0.677859365940094,0.47068163752555847,0.47068163752555847,0.8870071172714233,0.8560924530029297,0.5367646813392639,0.23731467127799988,0.7214723825454712,0.35560670495033264,0.5441176295280457,0.3883872628211975,0.3883872628211975,0.8279047608375549,0.7755532264709473,0.465753436088562,0.17031417787075043,0.710597813129425,0.32095491886138916,0.45100104808807373,0.3392118513584137,0.3392118513584137,0.7681905031204224,0.724392831325531,0.41605067253112793,0.11909782886505127,0.7259474992752075,0.2788230776786804,0.3822597563266754,0.28872302174568176,0.28872302174568176,0.7216328978538513,0.6980932354927063,0.36970338225364685,0.07923371344804764,0.6934749484062195,0.31112736463546753,0.3262711763381958,0.2478955239057541,0.2478955239057541,0.685075581073761,0.6507431268692017,0.31528663635253906,0.04768814146518707,0.6427406072616577,0.2706987261772156,0.281316339969635,0.22769688069820404,0.22769688069820404,0.661270260810852,0.6138297915458679,0.28297871351242065,0.021916447207331657,0.6949740052223206,0.22894294559955597,0.2574467957019806,0.6425514221191406,0.3682918846607208
05:30:50,136,1.0830721855163574,0.6879138350486755,0.41240912675857544,1.0,0.8684293031692505,0.7508348822593689,0.3933497965335846,2.7596933841705322,1.4777593612670898,2e-05,8.567072707926854,0.3283226788043976,0.3283226788043976,0.7844020128250122,5.352822780609131,0.7508348822593689,0.3933497965335846,0.6745310425758362,0.41240912675857544,3.2147176265716553,0.37636125087738037,0.32832270860671997,0.7244619727134705,0.0018972838297486305,0.0,0.9335344626948923,8.569581863004714,420.09050821270154,0.6062820553779602,0.6062820553779602,0.9609208106994629,0.9697580933570862,0.6733871102333069,0.3405784070491791,0.7016631960868835,0.44563016295433044,0.680443525314331,0.4373818039894104,0.4373818039894104,0.8919489979743958,0.8705763220787048,0.5005055665969849,0.2417534738779068,0.6608594655990601,0.4495265483856201,0.4984833300113678,0.3476366400718689,0.3476366400718689,0.820015013217926,0.7872340679168701,0.4295845925807953,0.16804733872413635,0.7027027010917664,0.3784106969833374,0.4093211889266968,0.27536648511886597,0.27536648511886597,0.7619493007659912,0.7243133187294006,0.3377416133880615,0.11359347403049469,0.648876428604126,0.39184489846229553,0.3265513777732849,0.23770424723625183,0.23770424723625183,0.7196048498153687,0.6653061509132385,0.2908163368701935,0.07352419942617416,0.6656441688537598,0.33209308981895447,0.2806122303009033,0.2062985897064209,0.2062985897064209,0.680874764919281,0.6230847835540771,0.2645556628704071,0.04316118359565735,0.6557376980781555,0.311301052570343,0.22676199674606323,0.1826375275850296,0.1826375275850296,0.6516541242599487,0.6110542416572571,0.25179120898246765,0.019341858103871346,0.6733668446540833,0.26053985953330994,0.2067553699016571,0.6129014492034912,0.32832270860671997
05:30:58,137,0.7499424815177917,0.47285696864128113,0.28577297925949097,1.0,0.9115549325942993,0.7939436435699463,0.4795774519443512,3.341675281524658,2.0104644298553467,2e-05,8.273308750707656,0.4185630679130554,0.4185630679130554,0.8306482434272766,5.703125,0.7939436435699463,0.4795774519443512,0.7394003868103027,0.28577297925949097,3.8115234375,0.46112677454948425,0.4185630679130554,0.665546715259552,0.0017326991073787212,0.0,0.9666887175997263,8.27567329001613,435.00992291987683,0.6753976941108704,0.6753976941108704,0.9645215272903442,0.9638671875,0.73046875,0.3166370689868927,0.7639310956001282,0.2967800199985504,0.736328125,0.533245325088501,0.533245325088501,0.9068232774734497,0.8745098114013672,0.5872548818588257,0.23623956739902496,0.7713004350662231,0.29085925221443176,0.5852941274642944,0.4430519640445709,0.4430519640445709,0.8566235899925232,0.826941967010498,0.4995083510875702,0.17227740585803986,0.7419738173484802,0.2866460680961609,0.48279252648353577,0.38458558917045593,0.38458558917045593,0.8172327876091003,0.7613412141799927,0.4497041404247284,0.12184854596853256,0.7474093437194824,0.24892927706241608,0.41124260425567627,0.3328958749771118,0.3328958749771118,0.7852210998535156,0.7425742745399475,0.39900991320610046,0.08156608790159225,0.7253333330154419,0.2850511074066162,0.3752475380897522,0.29707807302474976,0.29707807302474976,0.7546813488006592,0.7172619104385376,0.358134925365448,0.04908209666609764,0.7095435857772827,0.27121034264564514,0.3363095223903656,0.25823986530303955,0.25823986530303955,0.7262363433837891,0.6673287153244019,0.32770606875419617,0.022349143400788307,0.6964285969734192,0.29878273606300354,0.2949354648590088,0.6814581155776978,0.4185630679130554
05:31:06,138,0.9087579846382141,0.5710481405258179,0.35075145959854126,1.0,0.8904476761817932,0.7682258486747742,0.4249192178249359,3.07012939453125,0.7509992122650146,2e-05,8.383847666205838,0.36354565620422363,0.36354565620422363,0.8040722012519836,5.4482421875,0.7682258486747742,0.4249192178249359,0.6865971684455872,0.35075145959854126,3.462890625,0.4091866910457611,0.36354565620422363,0.6990196108818054,0.0017168319318443537,0.0,0.9539596564570229,8.386098873103037,429.2818454056603,0.6411013603210449,0.6411013603210449,0.9690496325492859,0.9677734375,0.697265625,0.3262099027633667,0.719475269317627,0.37767213582992554,0.6962890625,0.4749680161476135,0.4749680161476135,0.902685284614563,0.8727984428405762,0.5293542146682739,0.23751293122768402,0.7017937302589417,0.3909737765789032,0.5420743823051453,0.37483251094818115,0.37483251094818115,0.8338196873664856,0.792934238910675,0.4465161859989166,0.1696152538061142,0.6819307208061218,0.34986239671707153,0.4308145344257355,0.3146781623363495,0.3146781623363495,0.7871137857437134,0.755162239074707,0.38053098320961,0.11829666048288345,0.6692708134651184,0.3213512897491455,0.3490658700466156,0.2746146321296692,0.2746146321296692,0.7433997988700867,0.6955664753913879,0.34285715222358704,0.07892092317342758,0.6968838572502136,0.2551931142807007,0.31133005023002625,0.2413438856601715,0.2413438856601715,0.709164559841156,0.6541501879692078,0.29446640610694885,0.04759497195482254,0.6752265691757202,0.24062903225421906,0.27964428067207336,0.21903036534786224,0.21903036534786224,0.6801549792289734,0.6356435418128967,0.27920791506767273,0.02184942550957203,0.6417445540428162,0.23587368428707123,0.250495046377182,0.6288934946060181,0.36354565620422363
05:31:15,139,0.9144255518913269,0.5701911449432373,0.3567589819431305,1.0,0.8856357932090759,0.776435911655426,0.4468473494052887,3.0830540657043457,0.6530362963676453,2e-05,8.163935085758567,0.38197529315948486,0.38197529315948486,0.8272563219070435,5.544921875,0.776435911655426,0.4468473494052887,0.6928920149803162,0.3567589819431305,3.443359375,0.42100828886032104,0.38197529315948486,0.6920855045318604,0.0015576339792460203,0.0,0.9796651562516211,8.166055461857468,440.8493203132295,0.6438307762145996,0.6438307762145996,0.9711865186691284,0.966796875,0.6962890625,0.32544976472854614,0.7181817889213562,0.3881581723690033,0.6943359375,0.5089874863624573,0.5089874863624573,0.9195610880851746,0.8874755501747131,0.5743640065193176,0.23831571638584137,0.7045204043388367,0.37385785579681396,0.548923671245575,0.3889274001121521,0.3889274001121521,0.8601622581481934,0.8174681067466736,0.4641805589199066,0.1702408641576767,0.6830732226371765,0.3884904384613037,0.4367026388645172,0.3415258228778839,0.3415258228778839,0.8139243721961975,0.7681728601455688,0.40176817774772644,0.1187373623251915,0.687979519367218,0.29109519720077515,0.38899803161621094,0.2933662235736847,0.2933662235736847,0.7699045538902283,0.6788177490234375,0.35172414779663086,0.07878706604242325,0.6792452931404114,0.2631149888038635,0.32413792610168457,0.26190388202667236,0.26190388202667236,0.7392676472663879,0.6818181872367859,0.3330039381980896,0.04709542170166969,0.6811594367027283,0.2924985885620117,0.2924901247024536,0.2312309890985489,0.2312309890985489,0.7140785455703735,0.6310583353042603,0.3026706278324127,0.021373791620135307,0.6833855509757996,0.2550186514854431,0.2571711242198944,0.6423577666282654,0.38197529315948486
05:31:23,140,1.0714315176010132,0.6640822887420654,0.42354312539100647,1.0,0.8674817681312561,0.7765717506408691,0.4162672758102417,2.84035062789917,1.4480690956115723,2e-05,8.266711393138394,0.3482215106487274,0.3482215106487274,0.8188796043395996,5.5244140625,0.7765717506408691,0.4162672758102417,0.6817934513092041,0.42354312539100647,3.2587890625,0.40654075145721436,0.3482215106487274,0.7117798924446106,0.0020158959086984396,0.0,0.9674254114604621,8.269371369853616,435.34143515720797,0.6402137875556946,0.6402137875556946,0.9758509993553162,0.9716796875,0.6845703125,0.3408474624156952,0.7145728468894958,0.43764203786849976,0.693359375,0.4803732931613922,0.4803732931613922,0.9165574312210083,0.8872548937797546,0.5460784435272217,0.24346543848514557,0.7071823477745056,0.41655296087265015,0.5401960611343384,0.3724465072154999,0.3724465072154999,0.8529837131500244,0.8151425719261169,0.45132744312286377,0.16902385652065277,0.6839565634727478,0.41286197304725647,0.43461158871650696,0.30424362421035767,0.30424362421035767,0.8082348704338074,0.7618576884269714,0.3903162181377411,0.11375707387924194,0.6874189376831055,0.418847918510437,0.3754940629005432,0.24644576013088226,0.24644576013088226,0.7598679065704346,0.7039604187011719,0.3217821717262268,0.0726679190993309,0.6835442781448364,0.4124850034713745,0.31683167815208435,0.20692719519138336,0.20692719519138336,0.7238747477531433,0.6689860820770264,0.2703777253627777,0.04183303937315941,0.6315007209777832,0.4186320900917053,0.2584493160247803,0.18007156252861023,0.18007156252861023,0.6904165148735046,0.6218905448913574,0.24278606474399567,0.018405167385935783,0.635200023651123,0.42546868324279785,0.21990050375461578,0.6211434006690979,0.3482215106487274
05:31:31,141,0.8784254193305969,0.5522118806838989,0.338178813457489,1.0,0.8940204381942749,0.7649957537651062,0.439453661441803,3.1336569786071777,1.687964916229248,2e-05,8.352038486627862,0.37737712264060974,0.37737712264060974,0.816440761089325,5.41796875,0.7649957537651062,0.439453661441803,0.6985090970993042,0.338178813457489,3.4677734375,0.4169248044490814,0.3773771822452545,0.6907050013542175,0.0014703529886901379,0.0,0.9575980773502848,8.35423565399833,430.91913480762815,0.6395072340965271,0.6395072340965271,0.9662914276123047,0.9658203125,0.6904296875,0.3226008713245392,0.7098078727722168,0.39578306674957275,0.685546875,0.485299289226532,0.485299289226532,0.9039648175239563,0.8806262016296387,0.5401174426078796,0.2364923655986786,0.6911110877990723,0.3744954764842987,0.5420743823051453,0.39232271909713745,0.39232271909713745,0.8461721539497375,0.7976424098014832,0.46365422010421753,0.17011111974716187,0.7179803252220154,0.3280796706676483,0.4322200417518616,0.33349287509918213,0.33349287509918213,0.7998059391975403,0.725567638874054,0.400789737701416,0.11943981796503067,0.718367338180542,0.24582801759243011,0.37018755078315735,0.28299057483673096,0.28299057483673096,0.7603025436401367,0.7045454382896423,0.34189721941947937,0.08009395748376846,0.6732117533683777,0.2679925262928009,0.31422924995422363,0.2617605924606323,0.2617605924606323,0.7314789891242981,0.6507936716079712,0.3253968358039856,0.04870312288403511,0.6920731663703918,0.20222108066082,0.2926587164402008,0.24064402282238007,0.24064402282238007,0.7031483054161072,0.6248756051063538,0.30845770239830017,0.022558799013495445,0.6783439517021179,0.19776029884815216,0.2756218910217285,0.6465553045272827,0.3773771822452545
05:31:40,142,0.790982723236084,0.5126308798789978,0.2884482741355896,1.0,0.9072856903076172,0.7720011472702026,0.46762892603874207,3.294008731842041,0.5462008118629456,2e-05,8.380639836192131,0.3977638781070709,0.3977638781070709,0.8046576380729675,5.447265625,0.7720011472702026,0.46762892603874207,0.7219095826148987,0.2884482741355896,3.6552734375,0.443245530128479,0.3977639377117157,0.6848930716514587,0.00172120938077569,0.0,0.9543289455683704,8.382853770861402,429.4480255057667,0.6651123762130737,0.6651123762130737,0.9687336087226868,0.9609375,0.728515625,0.3169521689414978,0.7540650367736816,0.322436660528183,0.724609375,0.4952908456325531,0.4952908456325531,0.9034071564674377,0.8719452619552612,0.5669599175453186,0.2347533106803894,0.7230941653251648,0.319125235080719,0.558162271976471,0.41319146752357483,0.41319146752357483,0.8372762203216553,0.7982370257377625,0.49069538712501526,0.1707780510187149,0.7263803482055664,0.28065064549446106,0.4613124430179596,0.3511962592601776,0.3511962592601776,0.7851341962814331,0.7507359981536865,0.4180569052696228,0.12131528556346893,0.7137255072593689,0.2440946251153946,0.40235525369644165,0.3131485879421234,0.3131485879421234,0.7428102493286133,0.7062868475914001,0.3880157172679901,0.08228940516710281,0.7065368294715881,0.22460798919200897,0.36051079630851746,0.28629904985427856,0.28629904985427856,0.7088959217071533,0.6722440719604492,0.35039371252059937,0.050457343459129333,0.7057101130485535,0.20808172225952148,0.3080708682537079,0.25742173194885254,0.25742173194885254,0.6842742562294006,0.6413792967796326,0.3280788064002991,0.02345440723001957,0.7096773982048035,0.18265073001384735,0.2847290635108948,0.6677101850509644,0.3977639377117157
05:31:48,143,0.8324893712997437,0.5112736225128174,0.33148831129074097,1.0,0.8935267329216003,0.7765300273895264,0.44118472933769226,3.1906776428222656,1.9431089162826538,2e-05,8.434107183245942,0.3861905336380005,0.3861905336380005,0.8399912714958191,5.580078125,0.7765300273895264,0.44118472933769226,0.7069776058197021,0.33148831129074097,3.5517578125,0.4226558208465576,0.3861905336380005,0.6809960603713989,0.001656730892136693,0.0,0.9482807707797717,8.436319966102019,426.72634685089724,0.6395387649536133,0.6395387649536133,0.9778749346733093,0.9755859375,0.6826171875,0.3193601369857788,0.6916916966438293,0.39235830307006836,0.6748046875,0.4881042540073395,0.4881042540073395,0.9274808168411255,0.8872548937797546,0.5480391979217529,0.23586773872375488,0.7027624249458313,0.35323962569236755,0.5313725471496582,0.4092600643634796,0.4092600643634796,0.8721293210983276,0.8019607663154602,0.47058823704719543,0.17121654748916626,0.7359412908554077,0.2878243625164032,0.4519607722759247,0.35158640146255493,0.35158640146255493,0.825326144695282,0.7603143453598022,0.41060903668403625,0.12086762487888336,0.7080103158950806,0.27779310941696167,0.3840864300727844,0.30298563838005066,0.30298563838005066,0.7886565327644348,0.6948819160461426,0.3592519760131836,0.08117882907390594,0.7096317410469055,0.2711613178253174,0.33759841322898865,0.2690487504005432,0.2690487504005432,0.7557567954063416,0.6715976595878601,0.32347139716148376,0.04907659441232681,0.703377366065979,0.23810909688472748,0.31065088510513306,0.23958323895931244,0.23958323895931244,0.7305898666381836,0.6413043737411499,0.2905138432979584,0.022432472556829453,0.6995377540588379,0.24066580832004547,0.2648221254348755,0.6545102000236511,0.3861905336380005
05:31:57,144,1.0463355779647827,0.6605034470558167,0.40245887637138367,1.0,0.8692582249641418,0.7675105333328247,0.41068917512893677,2.8561103343963623,1.8830125331878662,2e-05,8.538223858224228,0.3468618392944336,0.3468618392944336,0.8166599869728088,5.4013671875,0.7675105333328247,0.41068917512893677,0.6892065405845642,0.40245887637138367,3.25390625,0.39563995599746704,0.3468618392944336,0.7096875905990601,0.0016942997463047504,0.0,0.9367000370969407,8.540620991960168,421.51501669362335,0.6669093370437622,0.6669093370437622,0.9817560315132141,0.9716796875,0.71875,0.34105849266052246,0.7386934757232666,0.3815079629421234,0.7177734375,0.4577711224555969,0.4577711224555969,0.9259300827980042,0.9000979661941528,0.5171400308609009,0.2421954870223999,0.6702938079833984,0.48016417026519775,0.5073457360267639,0.35597094893455505,0.35597094893455505,0.8589720129966736,0.7856440544128418,0.4129793643951416,0.16794559359550476,0.694618284702301,0.40990108251571655,0.4041298031806946,0.2959672510623932,0.2959672510623932,0.7996060848236084,0.7349753975868225,0.37438422441482544,0.11356016248464584,0.6742627620697021,0.368762731552124,0.3408867120742798,0.24744552373886108,0.24744552373886108,0.7490016222000122,0.7028627991676331,0.3188548982143402,0.07325685024261475,0.6699438095092773,0.34209275245666504,0.300098717212677,0.21300563216209412,0.21300563216209412,0.7134196162223816,0.6518298983573914,0.2878338396549225,0.04280661791563034,0.6874051690101624,0.32698142528533936,0.25914934277534485,0.1857760101556778,0.1857760101556778,0.6844192147254944,0.6214073300361633,0.23984143137931824,0.01917673461139202,0.6730462312698364,0.30980023741722107,0.2348860204219818,0.6286009550094604,0.3468618392944336
05:32:05,145,0.98412024974823,0.6094964742660522,0.3885277509689331,1.0,0.8763835430145264,0.7812193632125854,0.432655930519104,2.9609100818634033,0.696856677532196,2e-05,8.438920899992809,0.3656313717365265,0.3656313717365265,0.8305386900901794,5.56640625,0.7812193632125854,0.432655930519104,0.6917833089828491,0.3885277509689331,3.390625,0.4206026494503021,0.3656313717365265,0.6983581185340881,0.0015851559583097696,0.0,0.9477331203229518,8.441194919170812,426.4799041453283,0.6523076891899109,0.6523076891899109,0.975868821144104,0.9736328125,0.7109375,0.33493396639823914,0.7352055907249451,0.3833712637424469,0.7158203125,0.4928637146949768,0.4928637146949768,0.9204728603363037,0.8962817788124084,0.5587084293365479,0.24240820109844208,0.6965065598487854,0.4049307703971863,0.5518590807914734,0.40838366746902466,0.40838366746902466,0.8729504942893982,0.8297455906867981,0.48532289266586304,0.17082642018795013,0.713443398475647,0.36329054832458496,0.47847357392311096,0.33285272121429443,0.33285272121429443,0.8227064609527588,0.7784313559532166,0.4117647111415863,0.11594191938638687,0.7002518773078918,0.36007845401763916,0.3921568691730499,0.2596500515937805,0.2596500515937805,0.7747930884361267,0.7003929018974304,0.3300589323043823,0.07421524822711945,0.6633940935134888,0.4415004849433899,0.316306471824646,0.2196251004934311,0.2196251004934311,0.7377370595932007,0.663385808467865,0.2726377844810486,0.04286239668726921,0.6439169049263,0.4238484799861908,0.25984251499176025,0.19029545783996582,0.19029545783996582,0.7070925235748291,0.6238894462585449,0.2556762099266052,0.018811983987689018,0.6598101258277893,0.3903539180755615,0.22606121003627777,0.6345729231834412,0.3656313717365265
05:32:13,146,1.3531477451324463,0.8672715425491333,0.5143225789070129,1.0,0.8367663621902466,0.7382022738456726,0.3643258512020111,2.5129716396331787,2.5521979331970215,2e-05,8.500681028002873,0.2998771369457245,0.2998771369457245,0.7902220487594604,5.0830078125,0.7382022738456726,0.3643258512020111,0.6493531465530396,0.5143225789070129,2.9150390625,0.3441011309623718,0.2998771667480469,0.7427880167961121,0.0018896034453064203,0.0,0.9408331870075816,8.503101411042735,423.3749341534117,0.589786171913147,0.589786171913147,0.9591464400291443,0.9560546875,0.6396484375,0.3592080771923065,0.6690500378608704,0.5291248559951782,0.6396484375,0.44095683097839355,0.44095683097839355,0.8945276141166687,0.8511263728141785,0.5161606073379517,0.24930018186569214,0.6846950650215149,0.503380537033081,0.4936336874961853,0.3298351764678955,0.3298351764678955,0.8308165073394775,0.7782139182090759,0.4052993059158325,0.16725268959999084,0.6721311211585999,0.4901201128959656,0.3817467987537384,0.2526676654815674,0.2526676654815674,0.7763853073120117,0.7227138876914978,0.3244837820529938,0.10770732909440994,0.6380952596664429,0.5369402766227722,0.2930186688899994,0.19256837666034698,0.19256837666034698,0.7270844578742981,0.6545275449752808,0.2568897604942322,0.06558769196271896,0.646616518497467,0.49846351146698,0.24015748500823975,0.15934842824935913,0.15934842824935913,0.6879727244377136,0.6130306124687195,0.22112536430358887,0.03598197549581528,0.6070853471755981,0.49551454186439514,0.19447186589241028,0.12953747808933258,0.12953747808933258,0.6525566577911377,0.5881187915802002,0.18217821419239044,0.014962035231292248,0.5959596037864685,0.5451081991195679,0.1613861322402954,0.5933206081390381,0.2998771667480469
05:32:22,147,1.0954917669296265,0.7136158347129822,0.4019662141799927,1.0,0.8738623261451721,0.7333146929740906,0.4022666811943054,2.7765603065490723,1.1142171621322632,2e-05,8.216059398138896,0.32890257239341736,0.32890257239341736,0.7772034406661987,5.091796875,0.7333146929740906,0.4022666811943054,0.6805952787399292,0.4019662141799927,3.1494140625,0.38099902868270874,0.32890257239341736,0.7220073342323303,0.0017411604057997465,0.0,0.973439047336892,8.21828549192287,438.0475713016014,0.6001390218734741,0.6001390218734741,0.956730842590332,0.953125,0.6611328125,0.3376692533493042,0.6895492076873779,0.46946778893470764,0.6572265625,0.4306469261646271,0.4306469261646271,0.8758100271224976,0.8388671875,0.5068359375,0.24032126367092133,0.6973224878311157,0.40888512134552,0.5029296875,0.33725637197494507,0.33725637197494507,0.8144465088844299,0.7783203125,0.4140625,0.16779053211212158,0.682559609413147,0.3987443745136261,0.400390625,0.28549090027809143,0.28549090027809143,0.7588502764701843,0.7022526860237122,0.35847207903862,0.11464472860097885,0.6889818906784058,0.3251067101955414,0.3379040062427521,0.23972856998443604,0.23972856998443604,0.7104672193527222,0.6460784077644348,0.3176470696926117,0.0749385803937912,0.6828528046607971,0.3042244613170624,0.2852941155433655,0.21549060940742493,0.21549060940742493,0.6760894656181335,0.6139489412307739,0.29371315240859985,0.04448079317808151,0.6736000180244446,0.2627808153629303,0.25638505816459656,0.19135096669197083,0.19135096669197083,0.6460979580879211,0.5984252095222473,0.2618110179901123,0.02015485055744648,0.6348684430122375,0.2510092258453369,0.22440944612026215,0.6184014081954956,0.32890257239341736
05:32:30,148,0.9748871326446533,0.6124962568283081,0.37688207626342773,1.0,0.8851316571235657,0.7645658254623413,0.4322128891944885,3.00108003616333,0.9505953788757324,2e-05,8.339267479255795,0.3656884431838989,0.3656884431838989,0.821744441986084,5.4521484375,0.7645658254623413,0.4322128891944885,0.6973804831504822,0.37688207626342773,3.4541015625,0.41680672764778137,0.3656884729862213,0.697666347026825,0.0016646513249725103,0.0,0.9590521207487027,8.34156958409585,431.57345433691626,0.6593068242073059,0.6593068242073059,0.9737895727157593,0.974609375,0.7236328125,0.33246925473213196,0.7374749779701233,0.3939586579799652,0.7197265625,0.4823441803455353,0.4823441803455353,0.9121158719062805,0.8778103590011597,0.5571847558021545,0.24056145548820496,0.6893095970153809,0.41489386558532715,0.5493646264076233,0.39113864302635193,0.39113864302635193,0.8540241718292236,0.8080313205718994,0.4613124430179596,0.16992105543613434,0.7090908885002136,0.3553316295146942,0.447600394487381,0.3216967284679413,0.3216967284679413,0.8045401573181152,0.7443682551383972,0.3858961760997772,0.11646265536546707,0.696052610874176,0.34793829917907715,0.36826640367507935,0.2636304199695587,0.2636304199695587,0.7675566077232361,0.673209011554718,0.32580962777137756,0.075867660343647,0.6763848662376404,0.3475809693336487,0.31108930706977844,0.2354709357023239,0.2354709357023239,0.7364848852157593,0.6588003635406494,0.29498526453971863,0.04471372067928314,0.6656716465950012,0.2733513116836548,0.2782694101333618,0.2034769207239151,0.2034769207239151,0.7019321918487549,0.6128078699111938,0.2738916277885437,0.02000417746603489,0.6881029009819031,0.2979380488395691,0.24039408564567566,0.6411620378494263,0.3656884729862213
05:32:38,149,0.9913426041603088,0.6157768964767456,0.39040714502334595,1.0,0.8812689781188965,0.7571929693222046,0.41684210300445557,2.935608386993408,1.4196697473526,2e-05,8.275780922267586,0.35198184847831726,0.35198184847831726,0.8069414496421814,5.4267578125,0.7571929693222046,0.41684210300445557,0.6834105849266052,0.39040714502334595,3.37890625,0.4026666581630707,0.35198190808296204,0.7059258222579956,0.0016237394884228706,0.0,0.9664161757149561,8.278007137123495,434.88727907173023,0.625060498714447,0.625060498714447,0.9718320369720459,0.96875,0.6796875,0.3311920762062073,0.7026209831237793,0.4378299117088318,0.681640625,0.4589802026748657,0.4589802026748657,0.9103361964225769,0.8816046714782715,0.523483395576477,0.23906081914901733,0.6947835683822632,0.4221514165401459,0.5264188051223755,0.3672243058681488,0.3672243058681488,0.848503053188324,0.7948969602584839,0.4327772259712219,0.16920699179172516,0.6864197254180908,0.3713356554508209,0.4268891215324402,0.3064291477203369,0.3064291477203369,0.7938464879989624,0.7330716252326965,0.36997056007385254,0.11686856299638748,0.6867470145225525,0.33144259452819824,0.35230618715286255,0.2637767195701599,0.2637767195701599,0.7456346750259399,0.6751968264579773,0.3366141617298126,0.0769776701927185,0.6661807298660278,0.3226316273212433,0.3090551197528839,0.23220589756965637,0.23220589756965637,0.7068393230438232,0.6449704170227051,0.29783037304878235,0.045869700610637665,0.6666666865348816,0.26723676919937134,0.2751479148864746,0.2065521627664566,0.2065521627664566,0.6687284708023071,0.5984174013137817,0.27398616075515747,0.020824270322918892,0.6644628047943115,0.23121744394302368,0.2433234453201294,0.6232930421829224,0.35198190808296204
05:32:47,150,1.1161731481552124,0.713358461856842,0.4218004047870636,1.0,0.8701475262641907,0.7387183308601379,0.3881737291812897,2.767317533493042,0.7053149938583374,2e-05,8.356275061145425,0.32284244894981384,0.32284244894981384,0.7986199259757996,5.215127468109131,0.7387183308601379,0.3881737291812897,0.6710072755813599,0.4218004047870636,3.1994106769561768,0.36794453859329224,0.32284244894981384,0.7285540699958801,0.0015988757368177176,0.0,0.9571150503516949,8.358451783889905,430.7017726582627,0.6019068956375122,0.6019068956375122,0.9613505601882935,0.9666011929512024,0.6542239785194397,0.3407426178455353,0.6819105744361877,0.4587824046611786,0.6591355800628662,0.4440758526325226,0.4440758526325226,0.8960152268409729,0.8572834730148315,0.5196850299835205,0.241939514875412,0.7072330713272095,0.42892739176750183,0.5137795209884644,0.33705657720565796,0.33705657720565796,0.8335333466529846,0.774925947189331,0.41954588890075684,0.16767698526382446,0.6738853454589844,0.41641873121261597,0.3948667347431183,0.26818370819091797,0.26818370819091797,0.7761359810829163,0.7032641172409058,0.34322452545166016,0.11337816715240479,0.6511955261230469,0.40161141753196716,0.3026706278324127,0.22772309184074402,0.22772309184074402,0.7386784553527832,0.6524329781532288,0.2919563055038452,0.07349760085344315,0.6636224985122681,0.3403109610080719,0.25918570160865784,0.19815951585769653,0.19815951585769653,0.7041016221046448,0.6245020031929016,0.25498008728027344,0.043259575963020325,0.6570972800254822,0.3255462944507599,0.23207171261310577,0.17740942537784576,0.17740942537784576,0.6766287088394165,0.5870000123977661,0.2280000001192093,0.019505497068166733,0.6422487497329712,0.326203852891922,0.20800000429153442,0.6076840162277222,0.32284244894981384
05:32:55,151,0.714571475982666,0.4593208432197571,0.26362940669059753,1.0,0.9164164066314697,0.7730735540390015,0.4805156886577606,3.4035120010375977,2.1883533000946045,2e-05,8.243857055902481,0.4131774306297302,0.4131774306297302,0.7990146279335022,5.557476997375488,0.7730735540390015,0.4805156886577606,0.7316657304763794,0.26362940669059753,3.8504576683044434,0.46396133303642273,0.4131774306297302,0.6683382391929626,0.0017709010280668736,0.0,0.9701466800750004,8.24617572198622,436.56600603375017,0.6699642539024353,0.6699642539024353,0.965336263179779,0.9694811701774597,0.7324516773223877,0.3126302659511566,0.7523609399795532,0.313593327999115,0.7293998003005981,0.5100140571594238,0.5100140571594238,0.8949024081230164,0.8775510191917419,0.577551007270813,0.23337338864803314,0.7337209582328796,0.29508453607559204,0.5724489688873291,0.4242592751979828,0.4242592751979828,0.8255560398101807,0.800613522529602,0.49897751212120056,0.17133855819702148,0.7369093298912048,0.24938638508319855,0.48364007472991943,0.36588147282600403,0.36588147282600403,0.7768068909645081,0.7302564382553101,0.436923086643219,0.1227261945605278,0.7415730357170105,0.20782524347305298,0.41846153140068054,0.3309185802936554,0.3309185802936554,0.7388875484466553,0.6937307119369507,0.39671120047569275,0.08389201015233994,0.7303703427314758,0.18612071871757507,0.37204521894454956,0.3039315640926361,0.3039315640926361,0.7061148285865784,0.6814432740211487,0.3711340129375458,0.05174729600548744,0.706505298614502,0.16779983043670654,0.3432989716529846,0.2828367352485657,0.2828367352485657,0.6820003986358643,0.6546018719673157,0.3453981280326843,0.02429228089749813,0.7077409029006958,0.14517123997211456,0.323681503534317,0.6803250312805176,0.4131774306297302
05:33:03,152,1.0945351123809814,0.7094166874885559,0.4032680094242096,1.0,0.8714569211006165,0.7399159669876099,0.3873949646949768,2.779043674468994,1.56081223487854,2e-05,8.456106229452416,0.32260259985923767,0.32260259985923767,0.7642817497253418,5.24609375,0.7399159669876099,0.3873949646949768,0.6659095287322998,0.4032680094242096,3.197265625,0.3705882430076599,0.32260259985923767,0.7307271361351013,0.0016905104275792837,0.0,0.945810921958066,8.458350199041888,425.6149148811297,0.6038923263549805,0.6038923263549805,0.9501888751983643,0.955078125,0.66796875,0.33883151412010193,0.6973415017127991,0.4295758903026581,0.666015625,0.43069931864738464,0.43069931864738464,0.867895245552063,0.8416422009468079,0.5083088874816895,0.24092479050159454,0.6806039214134216,0.4275062084197998,0.49462366104125977,0.3314693868160248,0.3314693868160248,0.7932465672492981,0.7727717757225037,0.39960822463035583,0.16782094538211823,0.6666666865348816,0.39916908740997314,0.3780607283115387,0.27426615357398987,0.27426615357398987,0.7381882071495056,0.7098039388656616,0.3441176414489746,0.11424538493156433,0.6781768202781677,0.36187413334846497,0.3225490152835846,0.23155128955841064,0.23155128955841064,0.6967729926109314,0.6575073599815369,0.2855740785598755,0.07441210001707077,0.6552239060401917,0.33701735734939575,0.26104024052619934,0.2013942450284958,0.2013942450284958,0.6646834015846252,0.6302851438522339,0.25565388798713684,0.043953895568847656,0.6411856412887573,0.3174801170825958,0.25565388798713684,0.18252089619636536,0.18252089619636536,0.6370764970779419,0.6102362275123596,0.24803149700164795,0.01981138251721859,0.6177419424057007,0.34264662861824036,0.21358267962932587,0.6043516993522644,0.32260259985923767
05:33:12,153,0.9372054934501648,0.5953223705291748,0.3545222878456116,1.0,0.8854358196258545,0.7764837741851807,0.43370282649993896,3.0108633041381836,1.4906251430511475,2e-05,8.435773546341807,0.3660163879394531,0.3660163879394531,0.8066497445106506,5.5615234375,0.7764837741851807,0.43370282649993896,0.7050957679748535,0.3545222878456116,3.4423828125,0.4098498523235321,0.3660164475440979,0.7021203637123108,0.0016929046250879765,0.0,0.9480952156378534,8.437971068779007,426.642847037034,0.6664838194847107,0.6664838194847107,0.9691767692565918,0.974609375,0.7236328125,0.33388397097587585,0.7394789457321167,0.35445818305015564,0.720703125,0.4872678816318512,0.4872678816318512,0.9028198719024658,0.8874755501747131,0.5557730197906494,0.24134182929992676,0.7023153305053711,0.39492133259773254,0.5401174426078796,0.3875701427459717,0.3875701427459717,0.8403041958808899,0.8199608325958252,0.46868884563446045,0.17006610333919525,0.7291169166564941,0.3440604507923126,0.4461839497089386,0.31877338886260986,0.31877338886260986,0.7857785820960999,0.7605495452880859,0.38469088077545166,0.11596173793077469,0.7045161128044128,0.3158383369445801,0.36211973428726196,0.2625626027584076,0.2625626027584076,0.7471739053726196,0.7099311947822571,0.3303834795951843,0.0749882385134697,0.6565096974372864,0.37294986844062805,0.29498526453971863,0.23250840604305267,0.23250840604305267,0.7113181352615356,0.6554787755012512,0.30602172017097473,0.04400886222720146,0.6987951993942261,0.2830553352832794,0.26554787158966064,0.20262162387371063,0.20262162387371063,0.6870631575584412,0.6237623691558838,0.26237624883651733,0.019749214872717857,0.6857143044471741,0.2535160779953003,0.23465345799922943,0.6460824012756348,0.3660164475440979
05:33:20,154,0.8533855080604553,0.5571115612983704,0.3077693581581116,1.0,0.9038439393043518,0.7463442087173462,0.4315241873264313,3.137615442276001,1.5771116018295288,2e-05,8.430898938095197,0.36765748262405396,0.36765748262405396,0.7721784114837646,5.35546875,0.7463442087173462,0.4315241873264313,0.7162773013114929,0.3077693581581116,3.564453125,0.42477503418922424,0.36765748262405396,0.6997000575065613,0.001673154765740037,0.0,0.94864002130197,8.433125126874074,426.8880095858865,0.6270478963851929,0.6270478963851929,0.9459357261657715,0.958984375,0.6767578125,0.3212207853794098,0.7087576389312744,0.3684478998184204,0.6796875,0.4656073749065399,0.4656073749065399,0.8639376759529114,0.8472086191177368,0.539667010307312,0.23563039302825928,0.7167630195617676,0.33075109124183655,0.5347698330879211,0.37617969512939453,0.37617969512939453,0.7977203130722046,0.7764706015586853,0.44019606709480286,0.17006561160087585,0.7171717286109924,0.3017052710056305,0.44019606709480286,0.32208937406539917,0.32208937406539917,0.7519729733467102,0.7283464670181274,0.38877952098846436,0.11996496468782425,0.7216216325759888,0.24388189613819122,0.374015748500824,0.28368139266967773,0.28368139266967773,0.7126322984695435,0.6699604988098145,0.343873530626297,0.08085961639881134,0.7123894095420837,0.21371035277843475,0.33992093801498413,0.2557156980037689,0.2557156980037689,0.6795053482055664,0.6310583353042603,0.32443127036094666,0.049325600266456604,0.7272727489471436,0.18067848682403564,0.31651830673217773,0.23882721364498138,0.23882721364498138,0.6499714851379395,0.608134925365448,0.3025793731212616,0.02293296344578266,0.7128874659538269,0.16836313903331757,0.283730149269104,0.6546013951301575,0.36765748262405396
05:33:28,155,0.9642877578735352,0.6207635998725891,0.35826024413108826,1.0,0.8878821730613708,0.7507259249687195,0.413617879152298,2.955535411834717,1.0978790521621704,2e-05,8.244229838252068,0.34708788990974426,0.34708788990974426,0.7798282504081726,5.296669960021973,0.7507259249687195,0.413617879152298,0.6915490031242371,0.35826024413108826,3.3884963989257812,0.40040650963783264,0.34708788990974426,0.7121447920799255,0.0016395288985222578,0.0,0.9701131905827235,8.246460390044376,436.55093576222555,0.6093477010726929,0.6093477010726929,0.956882655620575,0.9505549669265747,0.6801210641860962,0.3295367956161499,0.7080679535865784,0.397644579410553,0.6740666031837463,0.46042105555534363,0.46042105555534363,0.8793899416923523,0.8633603453636169,0.5182186365127563,0.23866532742977142,0.701055109500885,0.3808059096336365,0.53340083360672,0.3641703426837921,0.3641703426837921,0.8158679008483887,0.781154990196228,0.4366768002510071,0.16955548524856567,0.6900129914283752,0.3468156158924103,0.41033434867858887,0.3038887679576874,0.3038887679576874,0.7648413777351379,0.7269035577774048,0.3725888431072235,0.1174377053976059,0.6829608678817749,0.30583545565605164,0.3472081124782562,0.2575152516365051,0.2575152516365051,0.7163258790969849,0.6894093751907349,0.32382890582084656,0.07747414708137512,0.695716381072998,0.29525306820869446,0.3116089701652527,0.22890330851078033,0.22890330851078033,0.6767780780792236,0.617977499961853,0.2962206304073334,0.04628055542707443,0.6677685976028442,0.27231279015541077,0.27272728085517883,0.2010646015405655,0.2010646015405655,0.645205557346344,0.6219262480735779,0.2633196711540222,0.021050091832876205,0.6836903095245361,0.25966742634773254,0.24897541105747223,0.62917160987854,0.34708788990974426
05:33:37,156,0.8180105090141296,0.5128651261329651,0.31554192304611206,1.0,0.9002740383148193,0.7809067964553833,0.4532526135444641,3.218107223510742,0.5575743913650513,2e-05,8.386779705062509,0.39101800322532654,0.39101800322532654,0.8148860335350037,5.5537109375,0.7809067964553833,0.4532526135444641,0.7124053239822388,0.31554192304611206,3.576171875,0.436496764421463,0.39101800322532654,0.6799885630607605,0.0018277482595294714,0.0,0.9535961471777525,8.389295640168712,429.11826622998865,0.6687669157981873,0.6687669157981873,0.972805917263031,0.96875,0.7255859375,0.3212926685810089,0.7489919066429138,0.34493687748908997,0.7255859375,0.5077265501022339,0.5077265501022339,0.9120786190032959,0.8943248391151428,0.568493127822876,0.23646534979343414,0.7231947779655457,0.34784024953842163,0.5675146579742432,0.409724622964859,0.409724622964859,0.853191614151001,0.8161258697509766,0.4759095311164856,0.1703527420759201,0.7240963578224182,0.29784438014030457,0.4729596972465515,0.33547523617744446,0.33547523617744446,0.7987524271011353,0.7731755375862122,0.39743590354919434,0.11969078332185745,0.6887755393981934,0.3056533634662628,0.38067060708999634,0.29420405626296997,0.29420405626296997,0.7555346488952637,0.7138614058494568,0.35247525572776794,0.08045392483472824,0.694868266582489,0.25261569023132324,0.3316831588745117,0.26386818289756775,0.26386818289756775,0.7186629176139832,0.6378968358039856,0.3253968358039856,0.04898093268275261,0.7013996839523315,0.20183393359184265,0.2876984179019928,0.251548171043396,0.251548171043396,0.6890665292739868,0.6573982238769531,0.3217477798461914,0.022763660177588463,0.6858006119728088,0.19078104197978973,0.2830188572406769,0.6518517136573792,0.39101800322532654
05:33:46,157,0.567966639995575,0.3472186326980591,0.22551830112934113,1.0,0.9281256794929504,0.821423351764679,0.5308877229690552,3.835973024368286,1.1418830156326294,2e-05,8.706184362526983,0.4758965075016022,0.4758965075016022,0.8419368267059326,6.002038955688477,0.821423351764679,0.5308877229690552,0.7629510760307312,0.22551830112934113,4.227319240570068,0.5207630395889282,0.4758965075016022,0.628997266292572,0.0019024319481104612,0.0,0.9186201842491479,8.708713500062004,413.3790829121166,0.7216494083404541,0.7216494083404541,0.9755275249481201,0.9796126484870911,0.7798165082931519,0.3021082878112793,0.7918834686279297,0.24467602372169495,0.7757390141487122,0.5910318493843079,0.5910318493843079,0.9261701107025146,0.907975435256958,0.6564416885375977,0.23168909549713135,0.7905405163764954,0.2339668720960617,0.6472392678260803,0.5016383528709412,0.5016383528709412,0.8745831251144409,0.8463114500045776,0.5543032884597778,0.17378441989421844,0.7699757814407349,0.22036252915859222,0.5461065769195557,0.4389697313308716,0.4389697313308716,0.8313243985176086,0.8018480539321899,0.4917864501476288,0.12638726830482483,0.7528809309005737,0.2102745920419693,0.48357290029525757,0.39321234822273254,0.39321234822273254,0.7907589077949524,0.758230447769165,0.4444444477558136,0.08702953159809113,0.7489823698997498,0.19892102479934692,0.42901235818862915,0.354743093252182,0.354743093252182,0.759636402130127,0.7448347210884094,0.41322314739227295,0.053780533373355865,0.7364771366119385,0.18995286524295807,0.39359503984451294,0.325588196516037,0.325588196516037,0.7326741218566895,0.7080745100975037,0.3716356158256531,0.025220837444067,0.7324561476707458,0.19105395674705505,0.36542442440986633,0.7128841876983643,0.4758965075016022
05:33:54,158,1.0261178016662598,0.6445276141166687,0.39723601937294006,1.0,0.875502347946167,0.7647885084152222,0.41140928864479065,2.8861539363861084,0.7273898124694824,2e-05,8.359297586837783,0.34133994579315186,0.34133994579315186,0.8084350824356079,5.435546875,0.7647885084152222,0.41140928864479065,0.6764652132987976,0.39723601937294006,3.279296875,0.38611775636672974,0.34133994579315186,0.7159866094589233,0.0016926138196140528,0.0,0.9567211469184482,8.361893144901842,430.5245161133017,0.6291865706443787,0.6291865706443787,0.9710901975631714,0.9755859375,0.7001953125,0.3364056348800659,0.7117117047309875,0.4219924211502075,0.6943359375,0.46664732694625854,0.46664732694625854,0.9081401824951172,0.8758553266525269,0.5405669808387756,0.24097402393817902,0.6964285969734192,0.40696316957473755,0.5356793999671936,0.3464094400405884,0.3464094400405884,0.84170001745224,0.8001958727836609,0.4231145977973938,0.1682855635881424,0.686658501625061,0.4030918776988983,0.41429969668388367,0.29230478405952454,0.29230478405952454,0.7893970608711243,0.7239685654640198,0.3664047122001648,0.11493828892707825,0.6662144064903259,0.3565724790096283,0.33988213539123535,0.24702082574367523,0.24702082574367523,0.7471902966499329,0.6939783096313477,0.3237907290458679,0.075007863342762,0.6671408414840698,0.3604675829410553,0.2783810496330261,0.21426057815551758,0.21426057815551758,0.7127949595451355,0.6613861322402954,0.2752475142478943,0.04435715824365616,0.64371258020401,0.33925861120224,0.23465345799922943,0.1882573515176773,0.1882573515176773,0.6849201917648315,0.6180555820465088,0.2450396865606308,0.02003144472837448,0.6356340050697327,0.28445494174957275,0.1994047611951828,0.6125921010971069,0.34133994579315186
05:34:02,159,1.0398401021957397,0.6677426695823669,0.3893531262874603,1.0,0.8760495185852051,0.7497190833091736,0.4063202142715454,2.8582022190093994,0.7466204166412354,2e-05,8.579504743916914,0.3376174867153168,0.3376174867153168,0.7933923006057739,5.22265625,0.7497190833091736,0.4063202142715454,0.6800299882888794,0.3893531262874603,3.2578125,0.3939606845378876,0.3376174867153168,0.714658796787262,0.0016291565261781216,0.0,0.9322229529037385,8.581638088915497,419.5003288066823,0.6303545236587524,0.6303545236587524,0.9617091417312622,0.9638671875,0.69921875,0.33786487579345703,0.7203647494316101,0.40285730361938477,0.6943359375,0.46293461322784424,0.46293461322784424,0.895610511302948,0.8716944456100464,0.5308520793914795,0.24110743403434753,0.6842696666717529,0.42805787920951843,0.5249755382537842,0.34710484743118286,0.34710484743118286,0.8302262425422668,0.7803921699523926,0.4264705777168274,0.16797053813934326,0.6997487545013428,0.4022820293903351,0.41470587253570557,0.2811534106731415,0.2811534106731415,0.7774755954742432,0.7278978228569031,0.34774067997932434,0.11427157372236252,0.6747638583183289,0.3445972204208374,0.35265225172042847,0.24072608351707458,0.24072608351707458,0.7304229140281677,0.6761810779571533,0.31003937125205994,0.07450763881206512,0.6768559217453003,0.344626247882843,0.2962598502635956,0.206796333193779,0.206796333193779,0.6931532025337219,0.6254940629005432,0.2707509994506836,0.044177841395139694,0.6429699659347534,0.24993200600147247,0.24901185929775238,0.18987156450748444,0.18987156450748444,0.6619057655334473,0.5986124873161316,0.2547076344490051,0.020100094377994537,0.6307947039604187,0.28330543637275696,0.22101090848445892,0.6197646856307983,0.3376174867153168
05:34:11,160,0.9257817268371582,0.5681507587432861,0.3695792555809021,1.0,0.8812851309776306,0.7826148271560669,0.43279796838760376,3.0383403301239014,0.8165621161460876,2e-05,8.277115546865389,0.3707787096500397,0.3707787096500397,0.8221946358680725,5.6484375,0.7826148271560669,0.43279796838760376,0.6885688304901123,0.3695792555809021,3.490234375,0.4192730486392975,0.3707787096500397,0.6927627325057983,0.001792775234207511,0.0,0.9662462170311338,8.279463204089552,434.81079766401024,0.6601403951644897,0.6601403951644897,0.9712930917739868,0.9755859375,0.7109375,0.3320259153842926,0.728728711605072,0.3773050904273987,0.7119140625,0.5009528398513794,0.5009528398513794,0.9148209691047668,0.8903036117553711,0.5612145066261292,0.2412347048521042,0.7183718085289001,0.3793458640575409,0.5553379058837891,0.39844629168510437,0.39844629168510437,0.860725462436676,0.8177340030670166,0.4610837399959564,0.1704425811767578,0.7132530212402344,0.3512684404850006,0.4472906291484833,0.322780966758728,0.322780966758728,0.8101300001144409,0.7603550553321838,0.3786982297897339,0.11665474623441696,0.6679636836051941,0.3589901626110077,0.3786982297897339,0.27034905552864075,0.27034905552864075,0.7665722370147705,0.7101879119873047,0.3402571678161621,0.07566387206315994,0.6532033681869507,0.3890213072299957,0.3145400583744049,0.23103806376457214,0.23103806376457214,0.7300204634666443,0.6792452931404114,0.293942391872406,0.044256485998630524,0.6476607918739319,0.353206992149353,0.27110227942466736,0.2053971141576767,0.2053971141576767,0.6978702545166016,0.6401590704917908,0.2773359715938568,0.019721608608961105,0.659937858581543,0.2933102548122406,0.2495029866695404,0.6322296261787415,0.3707787096500397
05:34:19,161,0.8905274868011475,0.5646024346351624,0.33847948908805847,1.0,0.89193195104599,0.7563886642456055,0.42488065361976624,3.067229986190796,0.5418944358825684,2e-05,8.358740391442552,0.35887205600738525,0.35887205600738525,0.7857513427734375,5.2841796875,0.7563886642456055,0.42488065361976624,0.6803415417671204,0.33847948908805847,3.41015625,0.39876440167427063,0.35887208580970764,0.7063674330711365,0.0015515813138335943,0.0,0.9567924830979211,8.361269701970741,430.55661739406446,0.6108498573303223,0.6108498573303223,0.9631032347679138,0.9619140625,0.677734375,0.3217753767967224,0.703553318977356,0.40789273381233215,0.6767578125,0.4484527111053467,0.4484527111053467,0.8892933130264282,0.859099805355072,0.5107632279396057,0.23498554527759552,0.6845102310180664,0.3729177713394165,0.5088062882423401,0.36178192496299744,0.36178192496299744,0.8170318007469177,0.7833333611488342,0.4333333373069763,0.16942207515239716,0.6620776057243347,0.3334507644176483,0.4058823585510254,0.320566862821579,0.320566862821579,0.7652841806411743,0.7495088577270508,0.38998034596443176,0.1198468878865242,0.6972476840019226,0.24913477897644043,0.3664047122001648,0.2724611759185791,0.2724611759185791,0.7219369411468506,0.6669950485229492,0.3339901566505432,0.08100630342960358,0.6809453368186951,0.2311033010482788,0.2935960590839386,0.25749722123146057,0.25749722123146057,0.6857424974441528,0.6416584253311157,0.32477790117263794,0.04974666237831116,0.6830769181251526,0.17356674373149872,0.2813425362110138,0.23694095015525818,0.23694095015525818,0.6546443700790405,0.6287128925323486,0.30000001192092896,0.023217104375362396,0.6377952694892883,0.2129652500152588,0.25445544719696045,0.6212344765663147,0.35887208580970764
05:34:28,162,0.6467685103416443,0.40534767508506775,0.24761000275611877,1.0,0.9206425547599792,0.7918717265129089,0.5004922151565552,3.6211776733398438,0.5033119320869446,2e-05,8.5346083517652,0.44351986050605774,0.44351986050605774,0.8313112854957581,5.8134765625,0.7918717265129089,0.5004922151565552,0.7377020120620728,0.24761000275611877,3.98828125,0.48277315497398376,0.4435198903083801,0.650985836982727,0.001677874242886901,0.0,0.9371122705753393,8.536863992922008,421.70052175890265,0.6797733306884766,0.6797733306884766,0.9655551314353943,0.9697265625,0.740234375,0.3048364818096161,0.7562940716743469,0.28875818848609924,0.7333984375,0.5420379042625427,0.5420379042625427,0.9128137230873108,0.8893241882324219,0.6013712286949158,0.23132218420505524,0.7466960549354553,0.27083829045295715,0.5954946279525757,0.46238306164741516,0.46238306164741516,0.8599857687950134,0.8230088353157043,0.5240904688835144,0.17248687148094177,0.739546000957489,0.2430669367313385,0.501474916934967,0.4046362638473511,0.4046362638473511,0.8196312189102173,0.7694581151008606,0.460098534822464,0.1253126561641693,0.7247118949890137,0.21011361479759216,0.43448275327682495,0.3641003966331482,0.3641003966331482,0.7839832305908203,0.7287968397140503,0.417159765958786,0.08667295426130295,0.7401894330978394,0.17376993596553802,0.4082840383052826,0.3397432565689087,0.3397432565689087,0.7512344121932983,0.70652174949646,0.41007906198501587,0.05394890531897545,0.7244755029678345,0.1684386134147644,0.3705533742904663,0.30793026089668274,0.30793026089668274,0.7232182621955872,0.6527777910232544,0.346230149269104,0.025419931858778,0.7218844890594482,0.1638161987066269,0.3313491940498352,0.6872724890708923,0.4435198903083801
05:34:36,163,0.9529087543487549,0.6053227186203003,0.3616468906402588,1.0,0.8868760466575623,0.7574271559715271,0.4267096519470215,3.040329694747925,1.0954924821853638,2e-05,8.191137244924903,0.3650914132595062,0.3650914132595062,0.803684413433075,5.408203125,0.7574271559715271,0.4267096519470215,0.689916729927063,0.3616468906402588,3.3876953125,0.41045403480529785,0.3650914132595062,0.7021549344062805,0.001757016172632575,0.0,0.9763903934441692,8.193443988915533,439.3756770498761,0.639621376991272,0.639621376991272,0.9627612829208374,0.958984375,0.6953125,0.3281955122947693,0.7240325808525085,0.376690536737442,0.6943359375,0.476586252450943,0.476586252450943,0.893854558467865,0.869012713432312,0.5376344323158264,0.23883099853992462,0.7064117193222046,0.3866031765937805,0.5229716300964355,0.3861183822154999,0.3861183822154999,0.8390690684318542,0.7904015779495239,0.450538694858551,0.17005041241645813,0.6976456046104431,0.3527446389198303,0.42507344484329224,0.3258754312992096,0.3258754312992096,0.7893400192260742,0.7333333492279053,0.3921568691730499,0.11770649254322052,0.6925133466720581,0.3509753942489624,0.3764705955982208,0.2650607228279114,0.2650607228279114,0.746119499206543,0.6807465553283691,0.32318270206451416,0.07759836316108704,0.6435786485671997,0.33412253856658936,0.29862475395202637,0.24272269010543823,0.24272269010543823,0.7109209895133972,0.6437007784843445,0.3051181137561798,0.04645661264657974,0.6788991093635559,0.2573446035385132,0.2824803292751312,0.21668070554733276,0.21668070554733276,0.6816070079803467,0.6232741475105286,0.2800788879394531,0.021161645650863647,0.6629746556282043,0.2897678315639496,0.2702169716358185,0.6368985176086426,0.3650914132595062
05:34:44,164,1.0693143606185913,0.6876465678215027,0.40068405866622925,1.0,0.875073254108429,0.7376521825790405,0.3982090353965759,2.828155040740967,0.7233338952064514,2e-05,8.625551783014089,0.3287472426891327,0.3287472426891327,0.7895833849906921,5.169921875,0.7376521825790405,0.3982090353965759,0.6707131862640381,0.40068405866622925,3.189453125,0.3752623498439789,0.3287472426891327,0.7219829559326172,0.0015226372051984072,0.0,0.9272558548873927,8.62760796584189,417.2651346993267,0.613615870475769,0.613615870475769,0.9633305072784424,0.9736328125,0.6884765625,0.33812394738197327,0.7041123509407043,0.4477742314338684,0.685546875,0.4501221179962158,0.4501221179962158,0.8951086401939392,0.839687168598175,0.528836727142334,0.24111397564411163,0.699650764465332,0.3932080864906311,0.5219941139221191,0.335105836391449,0.335105836391449,0.8255617022514343,0.7416829466819763,0.4011741578578949,0.1678573191165924,0.6649076342582703,0.4030189514160156,0.37279844284057617,0.27730274200439453,0.27730274200439453,0.7713695764541626,0.71330726146698,0.3463796377182007,0.11427531391382217,0.6748971343040466,0.3631039559841156,0.32485324144363403,0.23257936537265778,0.23257936537265778,0.7258745431900024,0.6549019813537598,0.3019607961177826,0.07443413883447647,0.6467065811157227,0.34913358092308044,0.26764705777168274,0.20272758603096008,0.20272758603096008,0.6877114176750183,0.6290481090545654,0.26594701409339905,0.04409104585647583,0.6333853602409363,0.3014632761478424,0.23454366624355316,0.18785345554351807,0.18785345554351807,0.6566097140312195,0.6096361875534058,0.25270402431488037,0.020104343071579933,0.6435483694076538,0.24770472943782806,0.21730579435825348,0.6054927110671997,0.3287472426891327
05:34:53,165,1.4675811529159546,1.0111515522003174,0.49705368280410767,1.0,0.8470602035522461,0.6442726850509644,0.3225579857826233,2.394824504852295,1.2822026014328003,2e-05,8.362157227704301,0.25394198298454285,0.25394198298454285,0.7005427479743958,4.3046875,0.6442726850509644,0.3225579857826233,0.6243455410003662,0.49705368280410767,2.6806640625,0.2945888936519623,0.25394198298454285,0.7793473601341248,0.0015907322522252798,0.0,0.9564495036574927,8.36426802398637,430.4022766458717,0.5143282413482666,0.5143282413482666,0.925412118434906,0.912109375,0.580078125,0.35630002617836,0.6413276195526123,0.5854089856147766,0.5849609375,0.34248438477516174,0.34248438477516174,0.8047874569892883,0.7686274647712708,0.4205882251262665,0.24300441145896912,0.6543367505073547,0.5092039108276367,0.4019607901573181,0.25611209869384766,0.25611209869384766,0.7238637804985046,0.6758349537849426,0.3290766179561615,0.16357660293579102,0.6351743936538696,0.47549155354499817,0.30550098419189453,0.20170694589614868,0.20170694589614868,0.6679297685623169,0.618719220161438,0.2847290635108948,0.10835802555084229,0.6098726391792297,0.4151540696620941,0.23645320534706116,0.17604239284992218,0.17604239284992218,0.6241754293441772,0.5566502213478088,0.2463054209947586,0.06956988573074341,0.6265486478805542,0.32751885056495667,0.20098522305488586,0.1507008820772171,0.1507008820772171,0.5900043249130249,0.5049406886100769,0.21047431230545044,0.04077821597456932,0.5988258123397827,0.28757810592651367,0.17490118741989136,0.13268466293811798,0.13268466293811798,0.5641865134239197,0.4688427448272705,0.18298713862895966,0.018412811681628227,0.5696202516555786,0.26383090019226074,0.153313547372818,0.5566607713699341,0.25394198298454285
05:35:01,166,0.9147115349769592,0.5957253575325012,0.33228492736816406,1.0,0.8957664966583252,0.7441271543502808,0.421718955039978,3.0692238807678223,0.6439422965049744,2e-05,8.247393108671531,0.36263182759284973,0.36263182759284973,0.8016932606697083,5.3056640625,0.7441271543502808,0.421718955039978,0.6935727596282959,0.33228492736816406,3.474609375,0.4082149267196655,0.36263182759284973,0.7092120051383972,0.0016519988421350718,0.0,0.9697514167256489,8.249536800896749,436.38813752654204,0.6247689127922058,0.6247689127922058,0.9651051759719849,0.9501953125,0.669921875,0.3239254653453827,0.7029804587364197,0.38611018657684326,0.6689453125,0.4675297737121582,0.4675297737121582,0.8965272307395935,0.8609206676483154,0.5357492566108704,0.2364782989025116,0.7110352516174316,0.35919293761253357,0.5239960551261902,0.37095507979393005,0.37095507979393005,0.8360471129417419,0.7779960632324219,0.43516698479652405,0.1697634756565094,0.6944444179534912,0.3245466947555542,0.42239686846733093,0.31912294030189514,0.31912294030189514,0.7824711203575134,0.7135826945304871,0.38779526948928833,0.11923718452453613,0.6882758736610413,0.26817452907562256,0.37696850299835205,0.2780612111091614,0.2780612111091614,0.7419686317443848,0.673247754573822,0.3316880464553833,0.07987105846405029,0.7082111239433289,0.2362801730632782,0.31984204053878784,0.2443722039461136,0.2443722039461136,0.7069388628005981,0.6316831707954407,0.30099010467529297,0.04837824031710625,0.66144198179245,0.23212076723575592,0.28118813037872314,0.2288832664489746,0.2288832664489746,0.6791519522666931,0.5968222618103027,0.28599801659584045,0.02234627865254879,0.6755407452583313,0.19219975173473358,0.25918570160865784,0.6383822560310364,0.36263182759284973
05:35:09,167,0.9659245014190674,0.6133076548576355,0.36680302023887634,1.0,0.8859652280807495,0.7575544714927673,0.4202389419078827,2.978656053543091,0.7572113871574402,2e-05,8.26919724419713,0.3542601466178894,0.3542601466178894,0.8136711716651917,5.4072265625,0.7575544714927673,0.4202389419078827,0.6899814605712891,0.36680302023887634,3.3662109375,0.3990161716938019,0.354260116815567,0.7087876200675964,0.001625866862013936,0.0,0.9671829727445633,8.271444210084155,435.23233773505353,0.6260635256767273,0.6260635256767273,0.9682610034942627,0.9658203125,0.6865234375,0.3286494016647339,0.7098078727722168,0.4120130240917206,0.685546875,0.4575163424015045,0.4575163424015045,0.9010099768638611,0.8607842922210693,0.5235294103622437,0.23774588108062744,0.7027334570884705,0.3830179274082184,0.5176470875740051,0.3688066303730011,0.3688066303730011,0.8476625680923462,0.7954769134521484,0.4395280182361603,0.1689705103635788,0.7021013498306274,0.3782261312007904,0.4129793643951416,0.3028314411640167,0.3028314411640167,0.7985091805458069,0.7234252095222473,0.37696850299835205,0.1174740120768547,0.6884353756904602,0.3240511119365692,0.35039371252059937,0.2728273868560791,0.2728273868560791,0.7548263072967529,0.6932938694953918,0.3461538553237915,0.07834251970052719,0.6884779334068298,0.25826579332351685,0.30276134610176086,0.23410852253437042,0.23410852253437042,0.72492915391922,0.6465942859649658,0.29220137000083923,0.047156449407339096,0.6641221642494202,0.25525984168052673,0.2675222158432007,0.21390044689178467,0.21390044689178467,0.6979581713676453,0.6142433285713196,0.27299702167510986,0.021661214530467987,0.6553945541381836,0.2465886026620865,0.25222551822662354,0.6291903853416443,0.354260116815567
05:35:18,168,0.6311148405075073,0.39111045002937317,0.24597607553005219,1.0,0.9240058064460754,0.8008147478103638,0.50948166847229,3.6997218132019043,0.5652996897697449,2e-05,8.275071810930967,0.45484834909439087,0.45484834909439087,0.8529305458068848,5.845703125,0.8008147478103638,0.50948166847229,0.7477635741233826,0.24597607553005219,4.107421875,0.49894648790359497,0.4548483192920685,0.6475719213485718,0.0017876166384667158,0.0,0.9664791084172214,8.277468111133203,434.9155987877497,0.7090047597885132,0.7090047597885132,0.9788941144943237,0.9716796875,0.7568359375,0.3056737780570984,0.7748743891716003,0.2703098654747009,0.751953125,0.5630504488945007,0.5630504488945007,0.9353762269020081,0.9022482633590698,0.6177908182144165,0.23244599997997284,0.7573131322860718,0.2708173394203186,0.6148582696914673,0.4750000536441803,0.4750000536441803,0.8857570886611938,0.8365949392318726,0.5322896242141724,0.17310167849063873,0.7520467638969421,0.23475705087184906,0.5313111543655396,0.4174421727657318,0.4174421727657318,0.8413098454475403,0.7760314345359802,0.4793713092803955,0.12518145143985748,0.7607594728469849,0.2021251767873764,0.47249507904052734,0.36952489614486694,0.36952489614486694,0.805931031703949,0.7278106212615967,0.42702168226242065,0.08589967340230942,0.7289972901344299,0.22255410254001617,0.3964497148990631,0.3405795693397522,0.3405795693397522,0.775493323802948,0.71089106798172,0.39702969789505005,0.05297571048140526,0.7172701954841614,0.20524893701076508,0.38118812441825867,0.3045176863670349,0.3045176863670349,0.7446187138557434,0.6765872836112976,0.3511904776096344,0.024721700698137283,0.7272727489471436,0.1683913618326187,0.3392857015132904,0.7017312049865723,0.4548483192920685
05:35:26,169,0.9134907126426697,0.5614826083183289,0.36408713459968567,1.0,0.8837493658065796,0.7924898266792297,0.43729859590530396,3.0448062419891357,0.7073750495910645,2e-05,8.609113179147243,0.3721591830253601,0.3721591830253601,0.8355055451393127,5.65234375,0.7924898266792297,0.43729859590530396,0.6962517499923706,0.36408713459968567,3.482421875,0.4230068624019623,0.3721591830253601,0.6912018060684204,0.0016108648851513863,0.0,0.9290132780109162,8.611287039006129,418.0559751049123,0.6586148142814636,0.6586148142814636,0.9802764654159546,0.9765625,0.7177734375,0.33059701323509216,0.7260000109672546,0.3831176459789276,0.708984375,0.5035668015480042,0.5035668015480042,0.9327037334442139,0.9159335494041443,0.5659824013710022,0.2404100000858307,0.7086446285247803,0.3993386924266815,0.5747800469398499,0.40397730469703674,0.40397730469703674,0.8769630193710327,0.8383937478065491,0.47208619117736816,0.1703244298696518,0.7126168012619019,0.3399858772754669,0.4730656147003174,0.3252298831939697,0.3252298831939697,0.8264989852905273,0.7664377093315125,0.3954857587814331,0.11701007187366486,0.6952624917030334,0.3227156102657318,0.3866535723209381,0.2741751968860626,0.2741751968860626,0.781964898109436,0.7203140258789062,0.336604505777359,0.07644403725862503,0.6689373254776001,0.3187370300292969,0.3091265857219696,0.23216815292835236,0.23216815292835236,0.7401010394096375,0.6791338324546814,0.30314961075782776,0.04495302587747574,0.6724637746810913,0.33088988065719604,0.2687007784843445,0.20432721078395844,0.20432721078395844,0.7080768346786499,0.6482758522033691,0.26699507236480713,0.02026142179965973,0.6686930060386658,0.29109159111976624,0.23645320534706116,0.6359527707099915,0.3721591830253601
05:35:35,170,0.7567386031150818,0.48278310894966125,0.2834334373474121,1.0,0.9139078855514526,0.7747091054916382,0.4762372076511383,3.347262382507324,0.5543286800384521,2e-05,8.329361515818164,0.4084722101688385,0.4084722101688385,0.8152326941490173,5.5849609375,0.7747091054916382,0.4762372076511383,0.7296416759490967,0.2834334373474121,3.798828125,0.4615168869495392,0.4084722101688385,0.6680577993392944,0.0016865988727658987,0.0,0.9601920137082482,8.331666880985722,432.0864061687117,0.667080283164978,0.667080283164978,0.9684234857559204,0.9677734375,0.73046875,0.31373289227485657,0.7537840604782104,0.32308921217918396,0.7294921875,0.49358969926834106,0.49358969926834106,0.8995257616043091,0.86412513256073,0.5601173043251038,0.2335471510887146,0.7273755669593811,0.33046361804008484,0.5640273690223694,0.4228975176811218,0.4228975176811218,0.8436217904090881,0.7915851473808289,0.4911937415599823,0.1713581085205078,0.7589616775512695,0.24519357085227966,0.48630136251449585,0.3691418170928955,0.3691418170928955,0.797493040561676,0.7438665628433228,0.44357213377952576,0.12257524579763412,0.7401055693626404,0.23325687646865845,0.42590776085853577,0.32973626255989075,0.32973626255989075,0.763361930847168,0.7138643264770508,0.39429694414138794,0.08354368805885315,0.6997244954109192,0.21979182958602905,0.37168142199516296,0.2968699336051941,0.2968699336051941,0.7276920676231384,0.6955664753913879,0.37044334411621094,0.05129196122288704,0.7167139053344727,0.20743149518966675,0.33596059679985046,0.27697762846946716,0.27697762846946716,0.7042451500892639,0.6436327695846558,0.3405725657939911,0.02395097352564335,0.6947852969169617,0.1983335167169571,0.3139190375804901,0.6718098521232605,0.4084722101688385
05:35:43,171,0.8284814953804016,0.5224850177764893,0.31601691246032715,1.0,0.9034609794616699,0.778464138507843,0.44728344678878784,3.2027502059936523,0.5977559089660645,2e-05,8.432893487159163,0.3835039436817169,0.3835039436817169,0.8170179128646851,5.6337890625,0.778464138507843,0.44728344678878784,0.7121731042861938,0.31601691246032715,3.6650390625,0.4324020743370056,0.3835039436817169,0.6877963542938232,0.0013837222941219807,0.0,0.9484433891727277,8.434873489895836,426.79952512772746,0.6613774299621582,0.6613774299621582,0.973417341709137,0.96484375,0.7255859375,0.32247990369796753,0.7479757070541382,0.33075058460235596,0.7216796875,0.4961579144001007,0.4961579144001007,0.9140282273292542,0.8943248391151428,0.5547945499420166,0.23739708960056305,0.7264770269393921,0.3611571788787842,0.5547945499420166,0.4062449634075165,0.4062449634075165,0.8522832989692688,0.8186274766921997,0.4852941036224365,0.1711484044790268,0.7197604775428772,0.3069800138473511,0.46176469326019287,0.3429950177669525,0.3429950177669525,0.8001217842102051,0.743614912033081,0.4086444079875946,0.12001387774944305,0.7067371010780334,0.26248976588249207,0.38998034596443176,0.29446086287498474,0.29446086287498474,0.7589001059532166,0.6998031735420227,0.3523622155189514,0.07983731478452682,0.6990154981613159,0.23322045803070068,0.3405511677265167,0.2539699971675873,0.2539699971675873,0.7235027551651001,0.6831194758415222,0.30207306146621704,0.047586727887392044,0.6734104156494141,0.2843599021434784,0.29318854212760925,0.22514042258262634,0.22514042258262634,0.6939595937728882,0.6415841579437256,0.29801979660987854,0.021536730229854584,0.6898148059844971,0.32515591382980347,0.2603960335254669,0.6501681804656982,0.3835039436817169
05:35:51,172,0.8991233706474304,0.5818610787391663,0.33019253611564636,1.0,0.8981513381004333,0.7637130618095398,0.4417721629142761,3.072765350341797,0.6147007346153259,2e-05,8.341706578154117,0.37405622005462646,0.37405622005462646,0.813481330871582,5.4150390625,0.7637130618095398,0.4417721629142761,0.7123388648033142,0.33019253611564636,3.5087890625,0.43445852398872375,0.3740561902523041,0.6950055360794067,0.0016780381556600332,0.0,0.95878735408665,8.34387308708392,431.45430933899246,0.6340788006782532,0.6340788006782532,0.9625838398933411,0.953125,0.7021484375,0.3250148892402649,0.7295082211494446,0.37417125701904297,0.6943359375,0.4814475178718567,0.4814475178718567,0.902229905128479,0.854207456111908,0.5557730197906494,0.2375071793794632,0.7422680258750916,0.3578844666481018,0.5636007785797119,0.3980032205581665,0.3980032205581665,0.8439034223556519,0.7986247539520264,0.47740668058395386,0.1701662391424179,0.7343173623085022,0.2940363883972168,0.4744597375392914,0.31869909167289734,0.31869909167289734,0.797958493232727,0.7440944910049438,0.375984251499176,0.11860179901123047,0.6613756418228149,0.3245084285736084,0.37696850299835205,0.2950528562068939,0.2950528562068939,0.757319450378418,0.706403911113739,0.3724137842655182,0.07918395847082138,0.7210599780082703,0.22806179523468018,0.3576354682445526,0.25873878598213196,0.25873878598213196,0.7283353805541992,0.6448412537574768,0.3164682686328888,0.04769878834486008,0.692307710647583,0.24011348187923431,0.300595223903656,0.22735905647277832,0.22735905647277832,0.6985360383987427,0.6405164003372192,0.28699105978012085,0.021827077493071556,0.6883720755577087,0.224685400724411,0.26812314987182617,0.6536179780960083,0.3740561902523041
05:36:00,173,1.1726338863372803,0.7615630030632019,0.43240049481391907,1.0,0.8673997521400452,0.7314592599868774,0.3798559010028839,2.6864755153656006,1.2715609073638916,2e-05,8.354106845567003,0.3121466636657715,0.3121466636657715,0.7865117788314819,5.0380859375,0.7314592599868774,0.3798559010028839,0.6655079126358032,0.43240049481391907,3.1201171875,0.3640344738960266,0.3121466636657715,0.7360250949859619,0.00154991471208632,0.0,0.9573704285626945,8.356222169939429,430.81669285321254,0.6036253571510315,0.6036253571510315,0.9637448191642761,0.953125,0.66796875,0.3456903100013733,0.6967213153839111,0.44871339201927185,0.6650390625,0.41808846592903137,0.41808846592903137,0.8898636102676392,0.8586849570274353,0.4867517054080963,0.24255695939064026,0.6628571152687073,0.46895694732666016,0.482826292514801,0.31791895627975464,0.31791895627975464,0.8203632235527039,0.7665024399757385,0.3842364549636841,0.16676443815231323,0.6786632537841797,0.4434727728366852,0.38620689511299133,0.26020461320877075,0.26020461320877075,0.7644070982933044,0.7207920551300049,0.33564355969429016,0.11202388256788254,0.6497252583503723,0.4186095595359802,0.3128712773323059,0.22249017655849457,0.22249017655849457,0.7193180322647095,0.6385303139686584,0.2909632623195648,0.0721476674079895,0.6765163540840149,0.31220972537994385,0.2631579041481018,0.1868543177843094,0.1868543177843094,0.6857886910438538,0.5962113738059998,0.24327018857002258,0.04205077514052391,0.6438127160072327,0.33754387497901917,0.2213359922170639,0.16841661930084229,0.16841661930084229,0.6564956903457642,0.5794205665588379,0.24275724589824677,0.01876606047153473,0.6293103694915771,0.2783706486225128,0.20879121124744415,0.5975413918495178,0.3121466636657715
05:36:08,174,0.8636522889137268,0.5350881814956665,0.33996787667274475,1.0,0.8915438652038574,0.7857444286346436,0.4535357654094696,3.1363630294799805,0.6555603742599487,2e-05,8.218220710288733,0.389588862657547,0.389588862657547,0.8195983171463013,5.6181640625,0.7857444286346436,0.4535357654094696,0.6979781985282898,0.33996787667274475,3.53515625,0.43047940731048584,0.389588862657547,0.6810522675514221,0.001657889923080802,0.0,0.9731927457458925,8.22036542603746,437.93673558565166,0.6513049006462097,0.6513049006462097,0.9658793210983276,0.966796875,0.705078125,0.32305800914764404,0.7282828092575073,0.3592575192451477,0.7041015625,0.4986664354801178,0.4986664354801178,0.9109745621681213,0.8883447647094727,0.5572967529296875,0.23730145394802094,0.7012127637863159,0.3763810992240906,0.5553379058837891,0.4040120840072632,0.4040120840072632,0.8482821583747864,0.809242844581604,0.46214357018470764,0.1706388145685196,0.6865127682685852,0.34062841534614563,0.45526057481765747,0.35251307487487793,0.35251307487487793,0.8031520247459412,0.7556650042533875,0.42561575770378113,0.11964207887649536,0.7170795202255249,0.2839324176311493,0.39901477098464966,0.3072974979877472,0.3072974979877472,0.7664603590965271,0.725567638874054,0.3741362392902374,0.07971883565187454,0.7115646004676819,0.29285019636154175,0.34748271107673645,0.26857203245162964,0.26857203245162964,0.7350965142250061,0.7005928754806519,0.33992093801498413,0.04783540591597557,0.6629055142402649,0.272968053817749,0.2964426875114441,0.2406553030014038,0.2406553030014038,0.704642117023468,0.6508407592773438,0.306627094745636,0.021805444732308388,0.6626139879226685,0.25813889503479004,0.2512364089488983,0.6426004767417908,0.389588862657547
05:36:16,175,1.1442170143127441,0.7376560568809509,0.42770442366600037,1.0,0.8672641515731812,0.7556162476539612,0.40695202350616455,2.74967622756958,0.9134255647659302,2e-05,8.392361372709274,0.338299423456192,0.338299423456192,0.8071807622909546,5.250790119171143,0.7556162476539612,0.40695202350616455,0.6872237920761108,0.42770442366600037,3.2002108097076416,0.3925318717956543,0.338299423456192,0.7150689959526062,0.013831651071086526,0.0,0.9516233037817918,8.406687780981883,428.2304867018063,0.6394482851028442,0.6394482851028442,0.963379442691803,0.9546891450881958,0.6933614611625671,0.34818035364151,0.7218543291091919,0.410868763923645,0.6891464591026306,0.4731620252132416,0.4731620252132416,0.8997108936309814,0.8666666746139526,0.5470899343490601,0.2463277280330658,0.7142857313156128,0.4260171949863434,0.5407407283782959,0.3630736470222473,0.3630736470222473,0.8443254828453064,0.8046709299087524,0.4469214379787445,0.16853588819503784,0.6715039610862732,0.4694538116455078,0.42144373059272766,0.2878134548664093,0.2878134548664093,0.7922247052192688,0.7215728163719177,0.3623804450035095,0.1113315150141716,0.6907216310501099,0.4292602837085724,0.3432518541812897,0.23401574790477753,0.23401574790477753,0.7493332028388977,0.6751863956451416,0.29286473989486694,0.0696602314710617,0.6687697172164917,0.3968166708946228,0.2822151184082031,0.1983918696641922,0.1983918696641922,0.7164924144744873,0.6428571343421936,0.26545843482017517,0.03924059867858887,0.6865671873092651,0.42960622906684875,0.252665251493454,0.1670897901058197,0.1670897901058197,0.6816927194595337,0.6199143528938293,0.2355460375547409,0.016723616048693657,0.6321243643760681,0.512341320514679,0.2130620926618576,0.6304086446762085,0.338299423456192
05:36:25,176,0.6266408562660217,0.3861745297908783,0.24663344025611877,1.0,0.9201827645301819,0.8041589260101318,0.50434410572052,3.6768264770507812,1.142112374305725,2e-05,8.445492271566764,0.4533224105834961,0.4533224105834961,0.8434717059135437,5.783382892608643,0.8041589260101318,0.50434410572052,0.7419412136077881,0.24663344025611877,3.957467794418335,0.490528404712677,0.4533224105834961,0.6443588733673096,0.0016368839424103498,0.0,0.9470010858761493,8.447719986084849,426.15048864426717,0.6847887635231018,0.6847887635231018,0.9762541055679321,0.9643917083740234,0.721068263053894,0.30353233218193054,0.7507692575454712,0.28771427273750305,0.7240356206893921,0.5541093349456787,0.5541093349456787,0.9275698065757751,0.8938491940498352,0.5982142686843872,0.2312188297510147,0.7524971961975098,0.26371198892593384,0.5992063283920288,0.46821075677871704,0.46821075677871704,0.875849723815918,0.8338308334350586,0.5144278407096863,0.17282480001449585,0.7529832720756531,0.23764096200466156,0.5154228806495667,0.4088200628757477,0.4088200628757477,0.8291016817092896,0.7774451375007629,0.46107783913612366,0.1257106065750122,0.7163029313087463,0.21340690553188324,0.44211575388908386,0.37774547934532166,0.37774547934532166,0.7942356467247009,0.739260733127594,0.440559446811676,0.0870102122426033,0.7594594359397888,0.1768219769001007,0.41858142614364624,0.3497723639011383,0.3497723639011383,0.7614907622337341,0.7264528870582581,0.41182366013526917,0.05416041240096092,0.7268965244293213,0.18323864042758942,0.378757506608963,0.3258310854434967,0.3258310854434967,0.7369926571846008,0.6907630562782288,0.379518061876297,0.025542866438627243,0.7281976938247681,0.18753695487976074,0.35140562057495117,0.6951889395713806,0.4533224105834961
05:36:33,177,0.8368746042251587,0.5235287547111511,0.3231939673423767,1.0,0.8986715078353882,0.7982826828956604,0.4597409963607788,3.228102445602417,0.9817767143249512,2e-05,8.214633908355609,0.40174850821495056,0.40174850821495056,0.8428837060928345,5.7783203125,0.7982826828956604,0.4597409963607788,0.7196261882781982,0.3231939673423767,3.6826171875,0.4477759003639221,0.4017484486103058,0.6752869486808777,0.0017442433163523674,0.0,0.9735959519607453,8.216961033875123,438.1181783823354,0.6852474808692932,0.6852474808692932,0.9712075591087341,0.9697265625,0.732421875,0.3244237005710602,0.7603222727775574,0.325320303440094,0.73828125,0.5382158756256104,0.5382158756256104,0.9213666915893555,0.9058823585510254,0.5990195870399475,0.23920422792434692,0.7467532753944397,0.32625290751457214,0.5833333134651184,0.4275248348712921,0.4275248348712921,0.8674203157424927,0.8271119594573975,0.492141455411911,0.17163825035095215,0.7197149395942688,0.31223198771476746,0.46954813599586487,0.3551812767982483,0.3551812767982483,0.8282545208930969,0.7822660207748413,0.411822646856308,0.11923679709434509,0.7178841233253479,0.3490874469280243,0.4128078818321228,0.3071877956390381,0.3071877956390381,0.7949602603912354,0.7302371263504028,0.373517781496048,0.07849203050136566,0.7090663313865662,0.2976839244365692,0.3498023748397827,0.26469889283180237,0.26469889283180237,0.7692567706108093,0.6858275532722473,0.3141724467277527,0.04638342186808586,0.6878612637519836,0.3135277032852173,0.2973240911960602,0.22829340398311615,0.22829340398311615,0.7446752786636353,0.6829025745391846,0.28926441073417664,0.020621655508875847,0.6695778965950012,0.31136858463287354,0.2773359715938568,0.6676709055900574,0.4017484486103058
05:36:41,178,0.7750937342643738,0.492837518453598,0.2916375994682312,1.0,0.909027636051178,0.7879014015197754,0.4803584814071655,3.302985191345215,1.2872949838638306,2e-05,8.275109080830589,0.40497973561286926,0.40497973561286926,0.8127387762069702,5.59730863571167,0.7879014015197754,0.4803584814071655,0.7243601679801941,0.2916375994682312,3.7556936740875244,0.4563106894493103,0.40497973561286926,0.6729975938796997,0.0016260708216577768,0.0,0.9664938084175603,8.277342214016244,434.92221378790214,0.6624452471733093,0.6624452471733093,0.961207926273346,0.9668737053871155,0.7246376872062683,0.318188339471817,0.7441113591194153,0.32944831252098083,0.7194616794586182,0.5264849662780762,0.5264849662780762,0.9076282382011414,0.8983402252197266,0.5954356789588928,0.23600426316261292,0.7424942255020142,0.3176867961883545,0.5923236608505249,0.41609904170036316,0.41609904170036316,0.84412682056427,0.8196037411689758,0.4911366105079651,0.17085188627243042,0.7226462960243225,0.2982487082481384,0.4838373363018036,0.3600783944129944,0.3600783944129944,0.7951470613479614,0.773822009563446,0.4492146670818329,0.12078674137592316,0.7198917269706726,0.2305259257555008,0.40418848395347595,0.3201923072338104,0.3201923072338104,0.7569624781608582,0.721930742263794,0.39874082803726196,0.08147511631250381,0.7063953280448914,0.22490835189819336,0.3630640208721161,0.28355854749679565,0.28355854749679565,0.7238752841949463,0.683491051197052,0.3564668893814087,0.04970230907201767,0.699999988079071,0.198419988155365,0.33017876744270325,0.2599411904811859,0.2599411904811859,0.6960206627845764,0.6462513208389282,0.3410770893096924,0.02299126796424389,0.7222222089767456,0.1845047026872635,0.2946145832538605,0.6668490171432495,0.40497973561286926
05:36:50,179,0.8867778778076172,0.5696272253990173,0.32986438274383545,1.0,0.8976605534553528,0.7569844126701355,0.4366137981414795,3.0923972129821777,1.4802581071853638,2e-05,8.49181986390613,0.3680344223976135,0.3680344223976135,0.7905553579330444,5.3642578125,0.7569844126701355,0.4366137981414795,0.7027077078819275,0.32986438274383545,3.5263671875,0.41541483998298645,0.3680344223976135,0.6971145272254944,0.0015467090997844934,0.0,0.941849498958669,8.49392605596222,423.832274531401,0.6471954584121704,0.6471954584121704,0.9639509916305542,0.9609375,0.70703125,0.3265906572341919,0.7378048896789551,0.35029569268226624,0.7080078125,0.48304852843284607,0.48304852843284607,0.8912432789802551,0.8698630332946777,0.5469667315483093,0.23824778199195862,0.7165354490280151,0.366333931684494,0.5440313220024109,0.3866684138774872,0.3866684138774872,0.8255695104598999,0.7864838242530823,0.4681684672832489,0.17009013891220093,0.7073474526405334,0.332010954618454,0.4358472228050232,0.32608699798583984,0.32608699798583984,0.773007869720459,0.7409224510192871,0.39744848012924194,0.11830593645572662,0.7192053198814392,0.27046307921409607,0.37978410720825195,0.27190616726875305,0.27190616726875305,0.7251280546188354,0.6860235929489136,0.3444882035255432,0.07831350713968277,0.6728838086128235,0.28762683272361755,0.3080708682537079,0.23864240944385529,0.23864240944385529,0.6904466152191162,0.6511857509613037,0.3013834059238434,0.04694075137376785,0.6600910425186157,0.2444400042295456,0.26778656244277954,0.2183070182800293,0.2183070182800293,0.6611756086349487,0.5996035933494568,0.2864221930503845,0.02151125855743885,0.6793388724327087,0.23924560844898224,0.25966304540634155,0.6418294906616211,0.3680344223976135
05:36:58,180,0.8782976865768433,0.542249321937561,0.34664052724838257,1.0,0.8954192399978638,0.797270655632019,0.4468204975128174,3.090445041656494,1.7459865808486938,2e-05,8.274023375473917,0.3762587010860443,0.3762587010860443,0.8182176351547241,5.708984375,0.797270655632019,0.4468204975128174,0.7091935873031616,0.34664052724838257,3.5791015625,0.4335959553718567,0.3762587308883667,0.688525378704071,0.0015963723417371511,0.0,0.9666291437580952,8.276183323934674,434.9831146911428,0.6541672945022583,0.6541672945022583,0.9686296582221985,0.96875,0.71875,0.32730355858802795,0.7419354915618896,0.35952556133270264,0.71875,0.5032790303230286,0.5032790303230286,0.9096065163612366,0.9089128375053406,0.5847208499908447,0.2388879507780075,0.7381465435028076,0.37387844920158386,0.5817825794219971,0.3978525698184967,0.3978525698184967,0.848735511302948,0.8456243872642517,0.47787609696388245,0.17020270228385925,0.7186046242713928,0.3388366997241974,0.47787609696388245,0.3251309096813202,0.3251309096813202,0.8016616106033325,0.7864173054695129,0.3937007784843445,0.1179521381855011,0.7096370458602905,0.32762160897254944,0.39665353298187256,0.28298071026802063,0.28298071026802063,0.766392707824707,0.7251231670379639,0.3448275923728943,0.07795644551515579,0.6902173757553101,0.3099992871284485,0.3251231610774994,0.24076320230960846,0.24076320230960846,0.7312698364257812,0.6788899898529053,0.3022794723510742,0.046477995812892914,0.6759123802185059,0.28506648540496826,0.27750247716903687,0.22428128123283386,0.22428128123283386,0.6977272033691406,0.6630218625068665,0.3001987934112549,0.02121919021010399,0.6626686453819275,0.26260897517204285,0.2514910399913788,0.6455397009849548,0.3762587308883667
05:37:07,181,0.7595919966697693,0.46453142166137695,0.30355191230773926,1.0,0.905833899974823,0.7922150492668152,0.4752170145511627,3.3351311683654785,1.2399958372116089,2e-05,8.49486916186288,0.4098077714443207,0.4098077714443207,0.8306565284729004,5.7509765625,0.7922150492668152,0.4752170145511627,0.726758599281311,0.30355191230773926,3.8017578125,0.4634556174278259,0.4098077714443207,0.6662794947624207,0.0017565609887242317,0.0,0.9414796279184204,8.497262991964817,423.6658325632892,0.6926309466362,0.6926309466362,0.9807792901992798,0.9873046875,0.7529296875,0.31915390491485596,0.7596439123153687,0.3178829252719879,0.75,0.5382614135742188,0.5382614135742188,0.932420015335083,0.908203125,0.6064453125,0.23676663637161255,0.7365591526031494,0.3222849369049072,0.5966796875,0.4269312024116516,0.4269312024116516,0.8709827661514282,0.8388671875,0.50390625,0.1711481660604477,0.725261926651001,0.32039663195610046,0.48828125,0.35343125462532043,0.35343125462532043,0.8158094882965088,0.7588235139846802,0.41470587253570557,0.12025156617164612,0.7144702672958374,0.2926439642906189,0.41274508833885193,0.30767449736595154,0.30767449736595154,0.7716572880744934,0.7121807336807251,0.3614931106567383,0.08079630881547928,0.6965517401695251,0.24532099068164825,0.3634577691555023,0.28844356536865234,0.28844356536865234,0.7359622120857239,0.6850393414497375,0.35826772451400757,0.04917452484369278,0.7183908224105835,0.20999009907245636,0.3366141617298126,0.25833117961883545,0.25833117961883545,0.7048580050468445,0.6525590419769287,0.32578739523887634,0.02270885556936264,0.7209653258323669,0.23198667168617249,0.2933070957660675,0.6661127805709839,0.4098077714443207
05:37:15,182,0.8219982981681824,0.49593865871429443,0.3356258273124695,1.0,0.8924890756607056,0.7970811128616333,0.4520067274570465,3.2126009464263916,0.8788416385650635,2e-05,8.665456746704876,0.3939267694950104,0.3939267694950104,0.8395528197288513,5.771484375,0.7970811128616333,0.4520067274570465,0.6941901445388794,0.3356258273124695,3.62109375,0.44330620765686035,0.3939267694950104,0.6773825883865356,0.001692937221378088,0.0,0.9229650279354709,8.667717365082353,415.33426257096187,0.6595023274421692,0.6595023274421692,0.9757261276245117,0.970703125,0.6982421875,0.3218533992767334,0.7233400344848633,0.36701440811157227,0.703125,0.5207483768463135,0.5207483768463135,0.9288427233695984,0.8982387185096741,0.5821917653083801,0.23774805665016174,0.7200435996055603,0.33964869379997253,0.5743640065193176,0.41884297132492065,0.41884297132492065,0.8717555403709412,0.8334965705871582,0.47796279191970825,0.17135506868362427,0.7062279582023621,0.32366126775741577,0.47208619117736816,0.35397031903266907,0.35397031903266907,0.8239486217498779,0.7850834131240845,0.42100098729133606,0.11983457952737808,0.699999988079071,0.31048089265823364,0.40333661437034607,0.2996239960193634,0.2996239960193634,0.7869897484779358,0.7345132827758789,0.3657817244529724,0.0796816498041153,0.6639893054962158,0.3150091767311096,0.3529990315437317,0.26734283566474915,0.26734283566474915,0.7578843235969543,0.6907114386558533,0.3290513753890991,0.0477941669523716,0.6781116127967834,0.2538983225822449,0.3181818127632141,0.23341621458530426,0.23341621458530426,0.7291979789733887,0.6636993288993835,0.28585559129714966,0.021733064204454422,0.6438152194023132,0.2975507080554962,0.2749752700328827,0.6403293013572693,0.3939267694950104
05:37:24,183,1.070063591003418,0.7007512450218201,0.38898542523384094,1.0,0.8815966248512268,0.7106962203979492,0.39205503463745117,2.85581111907959,0.8066844344139099,2e-05,8.32572043617256,0.3234899044036865,0.3234899044036865,0.7630981206893921,4.9677734375,0.7106962203979492,0.39205503463745117,0.673316240310669,0.38898542523384094,3.1982421875,0.366086483001709,0.3234899044036865,0.7282414436340332,0.0018335320055484772,0.0,0.9605582420997606,8.328490298008546,432.25120894489226,0.6174076795578003,0.6174076795578003,0.9551854133605957,0.9560546875,0.6865234375,0.3366719186306,0.725229799747467,0.41307294368743896,0.693359375,0.4332376718521118,0.4332376718521118,0.8643186092376709,0.8462291955947876,0.5044074654579163,0.23978710174560547,0.6689814925193787,0.42986488342285156,0.502448558807373,0.3329809308052063,0.3329809308052063,0.7944300770759583,0.7424094080924988,0.40058764815330505,0.16769084334373474,0.6912928819656372,0.38035330176353455,0.384916752576828,0.2602391541004181,0.2602391541004181,0.7381380200386047,0.6620824933052063,0.3172888159751892,0.11462928354740143,0.642433226108551,0.3810195326805115,0.2946954667568207,0.22720250487327576,0.22720250487327576,0.6939684152603149,0.6131889820098877,0.3011811077594757,0.07534121721982956,0.646869957447052,0.3143344819545746,0.2460629940032959,0.20182541012763977,0.20182541012763977,0.6591408252716064,0.5907297730445862,0.2781065106391907,0.04511813074350357,0.6544240117073059,0.24323682487010956,0.22781065106391907,0.18771804869174957,0.18771804869174957,0.6334191560745239,0.5603960156440735,0.2524752616882324,0.02076147310435772,0.6519434452056885,0.18905788660049438,0.20891089737415314,0.6088921427726746,0.3234899044036865
05:37:32,184,0.8787239193916321,0.5495010018348694,0.34089142084121704,1.0,0.8920100331306458,0.7730985879898071,0.44535210728645325,3.147719383239746,0.8099956512451172,2e-05,8.207519521005452,0.3827230632305145,0.3827230632305145,0.813656210899353,5.5703125,0.7730985879898071,0.44535210728645325,0.7004919052124023,0.34089142084121704,3.5546875,0.4274647831916809,0.3827230632305145,0.6885515451431274,0.0014180631842464209,0.0,0.9744786602951981,8.209517895011231,438.51539713283915,0.6601186990737915,0.6601186990737915,0.968375027179718,0.9677734375,0.7119140625,0.32458966970443726,0.7305752038955688,0.3492928743362427,0.70703125,0.5001621842384338,0.5001621842384338,0.9045361876487732,0.8833333253860474,0.5686274766921997,0.23797869682312012,0.7092120051383972,0.3601319491863251,0.5578431487083435,0.40823283791542053,0.40823283791542053,0.8483162522315979,0.8090550899505615,0.47539371252059937,0.1706901490688324,0.7214111685752869,0.3486981987953186,0.45866140723228455,0.33970290422439575,0.33970290422439575,0.7964588403701782,0.7357001900672913,0.4092702269554138,0.11909174174070358,0.6957104802131653,0.3208496868610382,0.37376725673675537,0.28760552406311035,0.28760552406311035,0.7571433782577515,0.7161226272583008,0.3471810221672058,0.07895399630069733,0.6629834175109863,0.31143882870674133,0.3273986279964447,0.25529229640960693,0.25529229640960693,0.7245697975158691,0.6511397361755371,0.3131813704967499,0.04725513979792595,0.7016742825508118,0.2678499221801758,0.3002973198890686,0.22229087352752686,0.22229087352752686,0.6924996376037598,0.6441351771354675,0.2862823009490967,0.02144061215221882,0.6620370149612427,0.3077318072319031,0.26143142580986023,0.645761251449585,0.3827230632305145
05:37:40,185,1.1889803409576416,0.7580568194389343,0.45241406559944153,1.0,0.8575332164764404,0.7400757670402527,0.38027775287628174,2.6530158519744873,0.9418442249298096,2e-05,8.276801963802427,0.3092585802078247,0.3092585802078247,0.79108726978302,5.2412109375,0.7400757670402527,0.38027775287628174,0.6542835235595703,0.45241406559944153,3.0517578125,0.3610604703426361,0.3092585802078247,0.737540602684021,0.00153949367813766,0.0,0.9663156730434524,8.278868099907413,434.8420528695536,0.588869571685791,0.588869571685791,0.9618455767631531,0.953125,0.654296875,0.34567028284072876,0.686475396156311,0.4736071825027466,0.654296875,0.4155280292034149,0.4155280292034149,0.8918325901031494,0.8504399061203003,0.49462366104125977,0.24295443296432495,0.6666666865348816,0.48586010932922363,0.49364614486694336,0.3243494927883148,0.3243494927883148,0.8297179341316223,0.7808219194412231,0.39726027846336365,0.16725879907608032,0.6679198145866394,0.444303423166275,0.3904109597206116,0.25977855920791626,0.25977855920791626,0.7738035917282104,0.7212954163551331,0.3326790928840637,0.11212442815303802,0.6544217467308044,0.4262469708919525,0.31501471996307373,0.21771568059921265,0.21771568059921265,0.7277000546455383,0.6725663542747498,0.294001966714859,0.07180316001176834,0.6257309913635254,0.3791530132293701,0.2497541755437851,0.19254130125045776,0.19254130125045776,0.6913266777992249,0.6242603659629822,0.2613412141799927,0.04175560548901558,0.6287519931793213,0.3255160450935364,0.22189348936080933,0.16214190423488617,0.16214190423488617,0.6582497954368591,0.5742574334144592,0.2237623780965805,0.01843327283859253,0.6241379380226135,0.38365432620048523,0.19801980257034302,0.5885461568832397,0.3092585802078247
05:37:48,186,1.2868704795837402,0.8078978657722473,0.5030151605606079,1.0,0.8432456851005554,0.751331627368927,0.370199054479599,2.535365581512451,0.9052973985671997,2e-05,8.28388177533634,0.295529842376709,0.295529842376709,0.7908320426940918,5.2939453125,0.751331627368927,0.370199054479599,0.638059675693512,0.5030151605606079,2.9853515625,0.3603868782520294,0.295529842376709,0.7456386685371399,0.0016509208362549543,0.0,0.9654700548580067,8.286119242897257,434.461524686103,0.5782487392425537,0.5782487392425537,0.9643429517745972,0.96484375,0.65234375,0.354523628950119,0.6740890741348267,0.5375747680664062,0.650390625,0.42195525765419006,0.42195525765419006,0.8972986340522766,0.8677766919136047,0.49657198786735535,0.24603986740112305,0.6568848490715027,0.5167266726493835,0.4809010624885559,0.312231183052063,0.312231183052063,0.8329392671585083,0.7941176295280457,0.38823530077934265,0.16609697043895721,0.6481481194496155,0.509253978729248,0.3892156779766083,0.24936990439891815,0.24936990439891815,0.7765491604804993,0.7212954163551331,0.3356231451034546,0.1090729832649231,0.6421768665313721,0.44486066699028015,0.31599608063697815,0.19950248301029205,0.19950248301029205,0.7255145907402039,0.6692836284637451,0.28459274768829346,0.06835354119539261,0.6173020601272583,0.43216606974601746,0.26692837476730347,0.1684466451406479,0.1684466451406479,0.6854521632194519,0.6391347050666809,0.2458210438489914,0.03891843929886818,0.6323077082633972,0.39504289627075195,0.2340216338634491,0.1362721472978592,0.1362721472978592,0.651736855506897,0.6005917191505432,0.18540434539318085,0.016994517296552658,0.5632184147834778,0.36012518405914307,0.18244576454162598,0.567901074886322,0.295529842376709
05:37:57,187,1.0344561338424683,0.6751194000244141,0.37699952721595764,1.0,0.8853089809417725,0.7386892437934875,0.4042283296585083,2.8962466716766357,1.453677773475647,2e-05,8.399580129655078,0.3418867588043213,0.3418867588043213,0.7885304689407349,5.158203125,0.7386892437934875,0.4042283296585083,0.6878458261489868,0.37699952721595764,3.3056640625,0.38604649901390076,0.3418867588043213,0.7145480513572693,0.0016991915181279182,0.0,0.9521355871511531,8.402164679020643,428.4610142180189,0.6098592281341553,0.6098592281341553,0.9536112546920776,0.9453125,0.6640625,0.33423060178756714,0.711776852607727,0.4135710895061493,0.6728515625,0.4653034806251526,0.4653034806251526,0.8789207935333252,0.828262984752655,0.5260058641433716,0.24067580699920654,0.7156398296356201,0.3670993745326996,0.5230618119239807,0.36072930693626404,0.36072930693626404,0.813421905040741,0.7586206793785095,0.4275861978530884,0.1692877858877182,0.6844155788421631,0.3823748230934143,0.40985220670700073,0.29288411140441895,0.29288411140441895,0.767641544342041,0.717391312122345,0.3646245002746582,0.1158565804362297,0.6887052059173584,0.3521575927734375,0.33596837520599365,0.2508317530155182,0.2508317530155182,0.727191686630249,0.6683168411254883,0.3118811845779419,0.07558458298444748,0.6622222065925598,0.30064406991004944,0.28910890221595764,0.2121313065290451,0.2121313065290451,0.69964998960495,0.637264609336853,0.27353814244270325,0.0444025918841362,0.6594090461730957,0.3510723114013672,0.23984143137931824,0.1959509700536728,0.1959509700536728,0.6755650043487549,0.6113319993019104,0.2564612329006195,0.019961979240179062,0.6731707453727722,0.3009200394153595,0.22564612329006195,0.6307675242424011,0.3418867588043213
05:38:05,188,1.2154194116592407,0.7843008041381836,0.4548972547054291,1.0,0.8581952452659607,0.7198482155799866,0.37447285652160645,2.6383516788482666,1.492421269416809,2e-05,8.445075411116704,0.3031107783317566,0.3031107783317566,0.7599877119064331,4.99609375,0.7198482155799866,0.37447285652160645,0.653583288192749,0.4548972547054291,3.0048828125,0.3501546382904053,0.3031107783317566,0.7402130961418152,0.001542037120088935,0.0,0.9470694300797432,8.4471103658434,426.18124353588445,0.5893982648849487,0.5893982648849487,0.9566324949264526,0.9658203125,0.6513671875,0.3469896614551544,0.6764408349990845,0.5039176940917969,0.65234375,0.4128027558326721,0.4128027558326721,0.8698724508285522,0.8393731713294983,0.4809010624885559,0.24264636635780334,0.6732788681983948,0.4857715666294098,0.47796279191970825,0.30792179703712463,0.30792179703712463,0.7912994027137756,0.7625122666358948,0.3856722414493561,0.16621887683868408,0.6563706398010254,0.4462352693080902,0.35721296072006226,0.25036725401878357,0.25036725401878357,0.7377058267593384,0.6892821788787842,0.32743361592292786,0.11145228892564774,0.6390870213508606,0.40044599771499634,0.29203540086746216,0.2075437754392624,0.2075437754392624,0.6899288296699524,0.6245059370994568,0.2806324064731598,0.07171226292848587,0.655063271522522,0.31425705552101135,0.24604743719100952,0.18613705039024353,0.18613705039024353,0.650920033454895,0.5855588316917419,0.26508408784866333,0.042085908353328705,0.662162184715271,0.3079187572002411,0.22749753296375275,0.16306927800178528,0.16306927800178528,0.6197547912597656,0.5673267245292664,0.22574257850646973,0.01889457181096077,0.5881326198577881,0.3319092094898224,0.19306930899620056,0.5878650546073914,0.3031107783317566
05:38:14,189,0.6808264851570129,0.4348749816417694,0.2531009316444397,1.0,0.9211475253105164,0.7760628461837769,0.48084747791290283,3.504854440689087,0.6807076334953308,2e-05,8.515310663031414,0.4209142029285431,0.4209142029285431,0.8121566772460938,5.6796875,0.7760628461837769,0.48084747791290283,0.73964923620224,0.2531009316444397,3.9482421875,0.4717272222042084,0.4209142327308655,0.666827917098999,0.001616060035303235,0.0,0.9392441874956801,8.517486833035946,422.659884373056,0.6629976034164429,0.6629976034164429,0.9682097434997559,0.970703125,0.712890625,0.30923110246658325,0.7344064116477966,0.3168589770793915,0.7119140625,0.5329824686050415,0.5329824686050415,0.8982391357421875,0.8805093169212341,0.6072477698326111,0.23318758606910706,0.7786429524421692,0.2422441989183426,0.6013712286949158,0.43902862071990967,0.43902862071990967,0.8396353721618652,0.8029412031173706,0.4931372404098511,0.17231935262680054,0.7350427508354187,0.23824243247509003,0.5039215683937073,0.3799184560775757,0.3799184560775757,0.7940352559089661,0.7504911422729492,0.44400784373283386,0.12397397309541702,0.7395287752151489,0.21138496696949005,0.4302554130554199,0.33262771368026733,0.33262771368026733,0.7549347281455994,0.7040314674377441,0.38053098320961,0.08478035777807236,0.7304469347000122,0.20541414618492126,0.37069812417030334,0.3169713020324707,0.3169713020324707,0.7253941893577576,0.6794871687889099,0.3875739574432373,0.052243929356336594,0.7445573210716248,0.17116312682628632,0.3589743673801422,0.278888076543808,0.278888076543808,0.7024855613708496,0.6416584253311157,0.33761104941368103,0.024263577535748482,0.7046154141426086,0.1816994696855545,0.3218163847923279,0.68620365858078,0.4209142327308655
05:38:22,190,1.087132453918457,0.7192162275314331,0.38755205273628235,1.0,0.8738857507705688,0.7256229519844055,0.3943540155887604,2.775418996810913,2.8018312454223633,2e-05,8.337081072852015,0.3226991891860962,0.3226991891860962,0.7574675679206848,5.115230560302734,0.7256229519844055,0.3943540155887604,0.672290563583374,0.38755205273628235,3.173346757888794,0.37404578924179077,0.3226991891860962,0.7297548055648804,0.0016768572386354208,0.0,0.9592962352502175,8.339446884114295,431.6833058625979,0.6096845865249634,0.6096845865249634,0.9427507519721985,0.9478957653045654,0.6863727569580078,0.3403957784175873,0.7145877480506897,0.4064042866230011,0.6773546934127808,0.4367237091064453,0.4367237091064453,0.8561307191848755,0.8373494148254395,0.5140562057495117,0.24137382209300995,0.6894484162330627,0.4178721606731415,0.4969879388809204,0.33063840866088867,0.33063840866088867,0.7952038049697876,0.7462235689163208,0.40684792399406433,0.16733981668949127,0.6734142899513245,0.40098264813423157,0.3806646466255188,0.2718852460384369,0.2718852460384369,0.735161304473877,0.7073662877082825,0.3541876971721649,0.11358753591775894,0.6661911606788635,0.35392290353775024,0.3198789060115814,0.22554413974285126,0.22554413974285126,0.6877394318580627,0.6404040455818176,0.28484848141670227,0.07385773211717606,0.6545741558074951,0.3190211057662964,0.27474746108055115,0.2011234015226364,0.2011234015226364,0.6560781598091125,0.6167846322059631,0.2598584294319153,0.043691545724868774,0.6327868700027466,0.27984702587127686,0.2376137524843216,0.17961126565933228,0.17961126565933228,0.6263893842697144,0.5801216959953308,0.25050708651542664,0.019753802567720413,0.6451048851013184,0.23876622319221497,0.22718052566051483,0.607826828956604,0.3226991891860962
05:38:31,191,1.0331461429595947,0.6623446345329285,0.3883989453315735,1.0,0.8781834840774536,0.7351662516593933,0.4018796384334564,2.8890833854675293,1.1446911096572876,2e-05,8.512040664907545,0.3370577394962311,0.3370577394962311,0.7894304394721985,5.14453125,0.7351662516593933,0.4018796384334564,0.6773516535758972,0.3883989453315735,3.2451171875,0.38111937046051025,0.3370577394962311,0.7151395678520203,0.0019574081525206566,0.0,0.939568042518818,8.51455098297447,422.8056191334681,0.6172873973846436,0.6172873973846436,0.9632011651992798,0.9677734375,0.6845703125,0.33384254574775696,0.7023208737373352,0.43063896894454956,0.6796875,0.4491657018661499,0.4491657018661499,0.8873673677444458,0.8610567450523376,0.5293542146682739,0.2392706573009491,0.6909090876579285,0.41035228967666626,0.5039138793945312,0.3412611186504364,0.3412611186504364,0.8214097023010254,0.7737511992454529,0.40744367241859436,0.16812503337860107,0.6632911562919617,0.3972260057926178,0.38687559962272644,0.28536075353622437,0.28536075353622437,0.7694728374481201,0.6928361058235168,0.35328754782676697,0.11568315327167511,0.6699716448783875,0.32672134041786194,0.32090285420417786,0.24822187423706055,0.24822187423706055,0.7265888452529907,0.6588003635406494,0.29891839623451233,0.07637102156877518,0.6850746273994446,0.3116922974586487,0.2969518303871155,0.21756593883037567,0.21756593883037567,0.6923992037773132,0.6262327432632446,0.28106507658958435,0.04573989659547806,0.6472440958023071,0.27620914578437805,0.25641027092933655,0.1971057504415512,0.1971057504415512,0.6629010438919067,0.562252938747406,0.2549407184123993,0.02096765674650669,0.6660808324813843,0.20753945410251617,0.2193675935268402,0.6204100251197815,0.3370577394962311
05:38:39,192,0.8011838793754578,0.49254170060157776,0.3176802098751068,1.0,0.9013880491256714,0.7973617911338806,0.4619702398777008,3.2579314708709717,0.8173450231552124,2e-05,8.313813609536737,0.39723679423332214,0.39723679423332214,0.8248389959335327,5.7900390625,0.7973617911338806,0.4619702398777008,0.7032734751701355,0.3176802098751068,3.6728515625,0.4420432150363922,0.39723679423332214,0.6798390746116638,0.0014745979569852352,0.0,0.9620155557886417,8.315873846178874,432.9070001048888,0.6566249132156372,0.6566249132156372,0.9659899473190308,0.96875,0.7236328125,0.3175894021987915,0.7469757795333862,0.3439190983772278,0.7236328125,0.4991656243801117,0.4991656243801117,0.9086663126945496,0.8883447647094727,0.5553379058837891,0.23528285324573517,0.7199559211730957,0.3341151475906372,0.5641527771949768,0.41393840312957764,0.41393840312957764,0.8562006950378418,0.8156862854957581,0.4843137264251709,0.17110422253608704,0.7151442170143127,0.32098788022994995,0.4647058844566345,0.36345019936561584,0.36345019936561584,0.8105673789978027,0.790766179561615,0.4332023561000824,0.12126460671424866,0.7192546725273132,0.2713477611541748,0.4165029525756836,0.3083377480506897,0.3083377480506897,0.7736063003540039,0.7266470193862915,0.3726646900177002,0.08178114145994186,0.672530472278595,0.2894818186759949,0.33529990911483765,0.27834174036979675,0.27834174036979675,0.7414383292198181,0.6949654221534729,0.34748271107673645,0.04983184114098549,0.6647727489471436,0.24900254607200623,0.3030602037906647,0.2575801610946655,0.2575801610946655,0.7152655124664307,0.6939783096313477,0.3139190375804901,0.02314594015479088,0.6586059927940369,0.24433887004852295,0.28331688046455383,0.6466690301895142,0.39723679423332214
05:38:47,193,1.4194207191467285,0.9316580891609192,0.5206376910209656,1.0,0.8372719287872314,0.7093693017959595,0.3454136848449707,2.4280147552490234,1.0251401662826538,2e-05,8.297461031470448,0.27193212509155273,0.27193212509155273,0.7506861686706543,4.8837890625,0.7093693017959595,0.3454136848449707,0.6372277140617371,0.5206376910209656,2.7958984375,0.32336002588272095,0.27193212509155273,0.763915479183197,0.0016649113968014717,0.0,0.9638922294849981,8.29968305095099,433.75150326824917,0.559606671333313,0.559606671333313,0.9508457183837891,0.9501953125,0.6279296875,0.36099424958229065,0.6577594876289368,0.557644248008728,0.625,0.3881748616695404,0.3881748616695404,0.8630089163780212,0.8375734090805054,0.47651663422584534,0.24666932225227356,0.6764018535614014,0.5294592380523682,0.4647749364376068,0.27463918924331665,0.27463918924331665,0.783682644367218,0.7333333492279053,0.35098040103912354,0.16421917080879211,0.6310160160064697,0.5514828562736511,0.34019607305526733,0.21603503823280334,0.21603503823280334,0.7203261852264404,0.6683022379875183,0.27968597412109375,0.10693522542715073,0.6490455269813538,0.43673795461654663,0.2639842927455902,0.18183521926403046,0.18183521926403046,0.6774742603302002,0.6151574850082397,0.25984251499176025,0.06683899462223053,0.6272000074386597,0.39662763476371765,0.21653543412685394,0.15183739364147186,0.15183739364147186,0.6426780819892883,0.5950495004653931,0.21980197727680206,0.03790805861353874,0.5840266346931458,0.4376015365123749,0.1881188154220581,0.1267467737197876,0.1267467737197876,0.6127842664718628,0.5615079402923584,0.1984127014875412,0.016434956341981888,0.6042402982711792,0.42178401350975037,0.1597222238779068,0.5700788497924805,0.27193212509155273
05:38:56,194,0.8357943296432495,0.5375795960426331,0.30929356813430786,1.0,0.898020327091217,0.7650092840194702,0.43344318866729736,3.143231153488159,1.344846248626709,2e-05,8.365978034911677,0.37268131971359253,0.37268131971359253,0.8046103119850159,5.453823089599609,0.7650092840194702,0.43344318866729736,0.6975088715553284,0.30929356813430786,3.5799403190612793,0.4195443391799927,0.37268131971359253,0.6927599310874939,0.0016856803558766842,0.0,0.9559980136544933,8.368218224029988,430.199106144522,0.6480019688606262,0.6480019688606262,0.9652525186538696,0.9632571935653687,0.7090367674827576,0.32473695278167725,0.722680389881134,0.3430522084236145,0.698113203048706,0.4915277659893036,0.4915277659893036,0.9035722017288208,0.876370906829834,0.5553339719772339,0.23777742683887482,0.723549485206604,0.31677502393722534,0.5583250522613525,0.39152267575263977,0.39152267575263977,0.8347907662391663,0.7940000295639038,0.4650000035762787,0.17036058008670807,0.7229219079017639,0.29017969965934753,0.4429999887943268,0.32279524207115173,0.32279524207115173,0.786312997341156,0.7429718971252441,0.3855421543121338,0.11878307163715363,0.6918919086456299,0.28762951493263245,0.3624497950077057,0.2806650996208191,0.2806650996208191,0.7457067966461182,0.6978852152824402,0.33836859464645386,0.07905859500169754,0.6940836906433105,0.2669747471809387,0.3262839913368225,0.24603945016860962,0.24603945016860962,0.7101473808288574,0.6569122076034546,0.29969727993011475,0.04752335324883461,0.6574500799179077,0.24838732182979584,0.28456103801727295,0.22229573130607605,0.22229573130607605,0.6823882460594177,0.6188068985939026,0.27502527832984924,0.02175999991595745,0.6405228972434998,0.25558581948280334,0.2578361928462982,0.6465979814529419,0.37268131971359253
05:39:04,195,0.9629177451133728,0.6058182120323181,0.3705502152442932,1.0,0.8818696737289429,0.7770736813545227,0.4376848340034485,3.009369373321533,2.025380849838257,2e-05,8.423436463577673,0.37215375900268555,0.37215375900268555,0.8211431503295898,5.6142578125,0.7770736813545227,0.4376848340034485,0.7038782238960266,0.3705502152442932,3.482421875,0.4233206510543823,0.37215378880500793,0.6929755210876465,0.0016934266313910484,0.0,0.9494742405360429,8.425715683959424,427.26340824121934,0.6964238286018372,0.6964238286018372,0.9740215539932251,0.9814453125,0.7490234375,0.33795294165611267,0.7572139501571655,0.3341272175312042,0.7431640625,0.5080593824386597,0.5080593824386597,0.9116979837417603,0.8814887404441833,0.5749265551567078,0.24324822425842285,0.7222222089767456,0.3849090039730072,0.5729677081108093,0.3894677758216858,0.3894677758216858,0.8515660762786865,0.8171091675758362,0.4631268382072449,0.16950355470180511,0.694344162940979,0.41503769159317017,0.44739431142807007,0.30944371223449707,0.30944371223449707,0.8023499250411987,0.7482724785804749,0.3770977258682251,0.11438419669866562,0.688654363155365,0.40036988258361816,0.3583415448665619,0.2677971124649048,0.2677971124649048,0.7648032903671265,0.7042531967163086,0.3392680585384369,0.0735476016998291,0.6797752976417542,0.3676731288433075,0.31157270073890686,0.23141729831695557,0.23141729831695557,0.733210027217865,0.6650148630142212,0.298315167427063,0.04261818528175354,0.688524603843689,0.34291836619377136,0.27750247716903687,0.1958242505788803,0.1958242505788803,0.7066081166267395,0.6371769309043884,0.2554672062397003,0.01874537393450737,0.6677067279815674,0.35889115929603577,0.24552683532238007,0.6480724811553955,0.37215378880500793
05:39:12,196,1.133810043334961,0.7233150005340576,0.43071630597114563,1.0,0.8701100945472717,0.7469439506530762,0.4017142057418823,2.733187437057495,2.2948455810546875,2e-05,8.409900698345155,0.3225518465042114,0.3225518465042114,0.7720946669578552,5.189453125,0.7469439506530762,0.4017142057418823,0.6659142374992371,0.43071630597114563,3.203125,0.37698468565940857,0.3225518465042114,0.7270567417144775,0.0016837611328810453,0.0,0.9510057234842052,8.412147059105337,427.9525755678923,0.6243413090705872,0.6243413090705872,0.9612535238265991,0.9599609375,0.6953125,0.3448478579521179,0.7263479232788086,0.41563326120376587,0.697265625,0.4358716607093811,0.4358716607093811,0.8752363324165344,0.8726738691329956,0.5102840065956116,0.24321249127388,0.6734007000923157,0.4913395941257477,0.5151811838150024,0.3390957713127136,0.3390957713127136,0.8043767213821411,0.7674190402030945,0.4190382659435272,0.167766734957695,0.7020460367202759,0.4123901426792145,0.40333661437034607,0.2730952501296997,0.2730952501296997,0.7475593686103821,0.7128810286521912,0.36283186078071594,0.11256363987922668,0.6524137854576111,0.4323403537273407,0.3136676549911499,0.2264465093612671,0.2264465093612671,0.7012611031532288,0.6646943092346191,0.3076923191547394,0.07189617305994034,0.6454005837440491,0.37881898880004883,0.2751479148864746,0.19063366949558258,0.19063366949558258,0.6700344085693359,0.6377097964286804,0.27443239092826843,0.041484180837869644,0.6315789222717285,0.37631264328956604,0.2369200438261032,0.16377198696136475,0.16377198696136475,0.6415327191352844,0.6095143556594849,0.23785926401615143,0.018228871747851372,0.5869918465614319,0.38411399722099304,0.19226957857608795,0.598268449306488,0.3225518465042114
05:39:21,197,0.9894192218780518,0.6190435886383057,0.38548544049263,1.0,0.88120037317276,0.7721661329269409,0.42480358481407166,2.9676058292388916,1.397335410118103,2e-05,8.349910415010527,0.3560483157634735,0.3560483157634735,0.7929789423942566,5.41796875,0.7721661329269409,0.42480358481407166,0.6887717843055725,0.38548544049263,3.380859375,0.4092312157154083,0.3560483157634735,0.7010975480079651,0.0015793114434927702,0.0,0.9578448081859576,8.352083689998835,431.03016368368094,0.6515181064605713,0.6515181064605713,0.9641731977462769,0.9677734375,0.7138671875,0.33569076657295227,0.7356205582618713,0.3870716691017151,0.7119140625,0.4865293502807617,0.4865293502807617,0.8948879837989807,0.8826979398727417,0.5552297234535217,0.2421289086341858,0.6965669989585876,0.42097538709640503,0.5493646264076233,0.38989248871803284,0.38989248871803284,0.8322533965110779,0.8117647171020508,0.4637254774570465,0.16993127763271332,0.7041062712669373,0.3675847351551056,0.44117647409439087,0.3114432990550995,0.3114432990550995,0.7775043249130249,0.7453293800354004,0.389380544424057,0.11521925777196884,0.6728231906890869,0.36712488532066345,0.3618485629558563,0.24710969626903534,0.24710969626903534,0.7290045022964478,0.7145669460296631,0.31889763474464417,0.0742005705833435,0.6763085126876831,0.37834474444389343,0.29921260476112366,0.2111118584871292,0.2111118584871292,0.6917260885238647,0.6617357134819031,0.26923078298568726,0.04336695745587349,0.6572279930114746,0.35051217675209045,0.2623274028301239,0.19080795347690582,0.19080795347690582,0.6586506962776184,0.61834317445755,0.2593688368797302,0.019462279975414276,0.6507176756858826,0.27137210965156555,0.23471400141716003,0.6281741261482239,0.3560483157634735
05:39:29,198,1.0724068880081177,0.7049071788787842,0.38686779141426086,1.0,0.8761035799980164,0.7341665625572205,0.3951692283153534,2.7992615699768066,0.6647922992706299,2e-05,8.554309130646288,0.3236345648765564,0.3236345648765564,0.7879586219787598,5.0859375,0.7341665625572205,0.3951692283153534,0.6669854521751404,0.38686779141426086,3.173828125,0.3697514533996582,0.3236345648765564,0.7261824607849121,0.001828390872105956,0.0,0.9348910124360702,8.557147189974785,420.7009555962316,0.6030641198158264,0.6030641198158264,0.9570944309234619,0.9501953125,0.669921875,0.3378158211708069,0.7029804587364197,0.4200136065483093,0.66796875,0.4215231239795685,0.4215231239795685,0.8852558135986328,0.8424657583236694,0.49412915110588074,0.24017038941383362,0.6689895391464233,0.43405580520629883,0.4823874831199646,0.3417014479637146,0.3417014479637146,0.8243865370750427,0.7733071446418762,0.4180569052696228,0.16792738437652588,0.6916243433952332,0.35656946897506714,0.39254170656204224,0.2776164710521698,0.2776164710521698,0.7708122134208679,0.7020648717880249,0.3647984266281128,0.11457449197769165,0.6666666865348816,0.35134831070899963,0.3136676549911499,0.22999274730682373,0.22999274730682373,0.7294308543205261,0.6423645615577698,0.29950737953186035,0.07481418550014496,0.6625766754150391,0.3155311644077301,0.2650246322154999,0.2025211900472641,0.2025211900472641,0.6916720867156982,0.6140177845954895,0.263573557138443,0.04445521906018257,0.6463022232055664,0.24173495173454285,0.2408687025308609,0.1851050853729248,0.1851050853729248,0.6540611386299133,0.6112759709358215,0.25222551822662354,0.020242484286427498,0.6019417643547058,0.26342254877090454,0.22156280279159546,0.6039059162139893,0.3236345648765564
05:39:38,199,0.6954096555709839,0.4261147975921631,0.2760438323020935,1.0,0.9116543531417847,0.804932713508606,0.4925728738307953,3.5375404357910156,0.7739286422729492,2e-05,8.535354679916054,0.43676090240478516,0.43676090240478516,0.8415049910545349,5.8662109375,0.804932713508606,0.4925728738307953,0.7329387068748474,0.2760438323020935,3.892578125,0.4784192740917206,0.43676093220710754,0.6589934825897217,0.0015325178392231464,0.0,0.9370486986365878,8.537443157052621,421.6719143864645,0.6853275895118713,0.6853275895118713,0.974760115146637,0.9853515625,0.74609375,0.3094741404056549,0.7542120814323425,0.303860604763031,0.7431640625,0.5464901328086853,0.5464901328086853,0.9207367897033691,0.888671875,0.607421875,0.2336788773536682,0.7571428418159485,0.29253754019737244,0.599609375,0.4599747955799103,0.4599747955799103,0.8685135245323181,0.8512719869613647,0.5107632279396057,0.17261914908885956,0.7206896543502808,0.2805881202220917,0.49706459045410156,0.3987496495246887,0.3987496495246887,0.8268407583236694,0.7782139182090759,0.44749754667282104,0.12389442324638367,0.7288776636123657,0.2434358447790146,0.4357213079929352,0.35706689953804016,0.35706689953804016,0.7922185063362122,0.7453293800354004,0.41887906193733215,0.08445721864700317,0.7308707237243652,0.22940850257873535,0.4001966714859009,0.31333762407302856,0.31333762407302856,0.7635253071784973,0.6948819160461426,0.36614173650741577,0.051774702966213226,0.720963180065155,0.20459260046482086,0.3513779640197754,0.29332977533340454,0.29332977533340454,0.7420028448104858,0.6883628964424133,0.34812623262405396,0.02410138212144375,0.7048710584640503,0.195317342877388,0.31854042410850525,0.6827582716941833,0.43676093220710754
05:39:46,200,0.8738301992416382,0.5453554391860962,0.3404213488101959,1.0,0.8936084508895874,0.7631875872612,0.4375176429748535,3.1236939430236816,1.3507968187332153,2e-05,8.256448656553403,0.3739725351333618,0.3739725351333618,0.8048627972602844,5.4638671875,0.7631875872612,0.4375176429748535,0.705414891242981,0.3404213488101959,3.4912109375,0.4167841970920563,0.37397250533103943,0.6900982856750488,0.0016703191213309765,0.0,0.9686790721046507,8.258669181959704,435.9055824470928,0.6397989988327026,0.6397989988327026,0.9668354392051697,0.9658203125,0.6962890625,0.32350093126296997,0.7209302186965942,0.3878439664840698,0.6962890625,0.4781676232814789,0.4781676232814789,0.900280237197876,0.8736532926559448,0.5455436110496521,0.23683564364910126,0.6995515823364258,0.3630424737930298,0.539667010307312,0.3929752707481384,0.3929752707481384,0.8371593356132507,0.7980295419692993,0.4522167444229126,0.17020268738269806,0.7135802507400513,0.31725502014160156,0.4364531934261322,0.3338690400123596,0.3338690400123596,0.7871249914169312,0.7339268326759338,0.39960435032844543,0.1192878857254982,0.7183288335800171,0.28695911169052124,0.37586548924446106,0.2820562720298767,0.2820562720298767,0.7434663772583008,0.699404776096344,0.3541666567325592,0.07972302287817001,0.6879432797431946,0.2880735993385315,0.318452388048172,0.2553400993347168,0.2553400993347168,0.7117570638656616,0.6603773832321167,0.3237338662147522,0.04823162034153938,0.6842105388641357,0.2541569769382477,0.28500497341156006,0.22933273017406464,0.22933273017406464,0.6828664541244507,0.6055777072906494,0.2848605513572693,0.02221815660595894,0.7055920958518982,0.21417945623397827,0.2589641511440277,0.6468344926834106,0.37397250533103943
05:39:54,201,1.0480594635009766,0.6618527770042419,0.40198585391044617,1.0,0.8689016699790955,0.7628663778305054,0.41382694244384766,2.81827974319458,0.784434974193573,2e-05,8.42232368607074,0.34635040163993835,0.34635040163993835,0.8028446435928345,5.4833984375,0.7628663778305054,0.41382694244384766,0.6845588088035583,0.40198585391044617,3.2412109375,0.3944748342037201,0.34635040163993835,0.7144010663032532,0.001619674963876605,0.0,0.9496039397851626,8.424564878921956,427.32177290332316,0.6202659606933594,0.6202659606933594,0.9700162410736084,0.96875,0.6767578125,0.3361402153968811,0.7086693644523621,0.4344803988933563,0.6865234375,0.45676425099372864,0.45676425099372864,0.9016470909118652,0.884427011013031,0.5269343852996826,0.24082010984420776,0.6910299062728882,0.4363212287425995,0.5151811838150024,0.364569753408432,0.364569753408432,0.8354186415672302,0.8017664551734924,0.4278704524040222,0.16890978813171387,0.680538535118103,0.36930617690086365,0.4180569052696228,0.3072611093521118,0.3072611093521118,0.7825233340263367,0.7360156774520874,0.38469088077545166,0.11543408781290054,0.699999988079071,0.3497859239578247,0.3552502393722534,0.2569928467273712,0.2569928467273712,0.7410807013511658,0.6807465553283691,0.3290766179561615,0.07506824284791946,0.6724386811256409,0.36852729320526123,0.2956778109073639,0.22559058666229248,0.22559058666229248,0.7083474397659302,0.6515747904777527,0.2923228442668915,0.04405688866972923,0.6646525859832764,0.2974444627761841,0.25885826349258423,0.190238356590271,0.190238356590271,0.6789180040359497,0.6143984198570251,0.25641027092933655,0.019570618867874146,0.6581059098243713,0.3311285972595215,0.2287968397140503,0.6259528398513794,0.34635040163993835
05:40:03,202,0.8590008020401001,0.5547733306884766,0.3154860734939575,1.0,0.899509847164154,0.7550274133682251,0.43678808212280273,3.1679370403289795,0.5222241878509521,2e-05,8.350602781167254,0.3730805218219757,0.3730805218219757,0.7932184338569641,5.349609375,0.7550274133682251,0.43678808212280273,0.6971502900123596,0.3154860734939575,3.537109375,0.4172408878803253,0.3730805218219757,0.7026138305664062,0.0015405588783323765,0.0,0.957771883393869,8.35271961800754,430.99734752724106,0.6223166584968567,0.6223166584968567,0.9578284025192261,0.9599609375,0.681640625,0.3184555768966675,0.6988809704780579,0.3896888792514801,0.671875,0.47224268317222595,0.47224268317222595,0.8842870593070984,0.8716944456100464,0.5328109860420227,0.23434823751449585,0.6910112500190735,0.3558362126350403,0.5367286801338196,0.37808719277381897,0.37808719277381897,0.8211941123008728,0.7892156839370728,0.45490196347236633,0.16983307898044586,0.7006211280822754,0.301086962223053,0.42843136191368103,0.327188104391098,0.327188104391098,0.7724282145500183,0.7217305898666382,0.39921337366104126,0.12061756104230881,0.7029972672462463,0.23660196363925934,0.37561455368995667,0.29154232144355774,0.29154232144355774,0.7351693511009216,0.6841065883636475,0.35241857171058655,0.08208941668272018,0.7171717286109924,0.18042634427547455,0.3316880464553833,0.2639489471912384,0.2639489471912384,0.703597366809845,0.6253716349601746,0.32408323884010315,0.050733957439661026,0.6893819570541382,0.1777178943157196,0.2963330149650574,0.2517453730106354,0.2517453730106354,0.674348771572113,0.6285998225212097,0.3078450858592987,0.023922253400087357,0.6777251362800598,0.1438424289226532,0.27507448196411133,0.6424374580383301,0.3730805218219757
05:40:11,203,0.7935514450073242,0.4896657466888428,0.3127487599849701,1.0,0.9026491641998291,0.7873927354812622,0.4615168273448944,3.2916226387023926,0.8016151189804077,2e-05,8.41594435973093,0.40369337797164917,0.40369337797164917,0.8315840363502502,5.732421875,0.7873927354812622,0.4615168273448944,0.7137240767478943,0.3127487599849701,3.7158203125,0.4432249963283539,0.40369337797164917,0.6757076382637024,0.0017509541939944029,0.0,0.9503006415505222,8.41838850802742,427.635288697735,0.6706647276878357,0.6706647276878357,0.9708297848701477,0.9765625,0.7255859375,0.3183591961860657,0.7440000176429749,0.3362101912498474,0.7265625,0.5114231705665588,0.5114231705665588,0.9151338934898376,0.8874755501747131,0.5772994160652161,0.236105278134346,0.7177508473396301,0.36144691705703735,0.5763209462165833,0.4301440715789795,0.4301440715789795,0.8675292730331421,0.841846764087677,0.49312376976013184,0.17144250869750977,0.7269545197486877,0.30133292078971863,0.47642436623573303,0.36325469613075256,0.36325469613075256,0.8237683773040771,0.7608267664909363,0.4212598502635956,0.12101609259843826,0.7244501709938049,0.2760718762874603,0.4025590419769287,0.31851035356521606,0.31851035356521606,0.7802262902259827,0.727992057800293,0.38180020451545715,0.08132786303758621,0.7024456262588501,0.23811107873916626,0.34915924072265625,0.2788928151130676,0.2788928151130676,0.7450918555259705,0.6663366556167603,0.3297029733657837,0.049223996698856354,0.6968796253204346,0.21380431950092316,0.2940593957901001,0.2474796622991562,0.2474796622991562,0.7149374485015869,0.6461232900619507,0.29622265696525574,0.022525059059262276,0.6615384817123413,0.21899588406085968,0.2713717818260193,0.6600310802459717,0.40369337797164917
05:40:20,204,0.7557889819145203,0.4689761698246002,0.2959214150905609,1.0,0.9072839617729187,0.7770270109176636,0.46382319927215576,3.3319404125213623,0.6171083450317383,2e-05,8.496204948052764,0.40086719393730164,0.40086719393730164,0.8062283396720886,5.501953125,0.7770270109176636,0.46382319927215576,0.7023550868034363,0.2959214150905609,3.671875,0.450309693813324,0.40086719393730164,0.6739029288291931,0.0016319616697728634,0.0,0.9413519728084047,8.498415291076526,423.6083877637821,0.6406968235969543,0.6406968235969543,0.9611120223999023,0.9677734375,0.7041015625,0.31169652938842773,0.7265388369560242,0.3568100333213806,0.703125,0.48474857211112976,0.48474857211112976,0.894141674041748,0.8776907920837402,0.553816020488739,0.2322503626346588,0.6911928653717041,0.3497212529182434,0.5557730197906494,0.40536391735076904,0.40536391735076904,0.8283714056015015,0.7888015508651733,0.4666011929512024,0.17079880833625793,0.7260273694992065,0.25795426964759827,0.46070727705955505,0.3651646673679352,0.3651646673679352,0.787325382232666,0.7465482950210571,0.4428007900714874,0.12308704107999802,0.7212681770324707,0.21835210919380188,0.4201183319091797,0.3230951130390167,0.3230951130390167,0.7499940395355225,0.7171117663383484,0.3788328468799591,0.08468581736087799,0.6800000071525574,0.21197767555713654,0.3659742772579193,0.29901376366615295,0.29901376366615295,0.7227442264556885,0.6858275532722473,0.3498513400554657,0.052672382444143295,0.6734104156494141,0.17634570598602295,0.3290386497974396,0.28328272700309753,0.28328272700309753,0.6961545348167419,0.6510934233665466,0.3459244668483734,0.02480911649763584,0.6854962110519409,0.1831129938364029,0.3121272325515747,0.6465722322463989,0.40086719393730164
05:40:28,205,0.6380982995033264,0.3971419334411621,0.24698321521282196,1.0,0.9225632548332214,0.7996349334716797,0.5007020235061646,3.6725261211395264,0.44921794533729553,2e-05,8.23179639969021,0.44788655638694763,0.44788655638694763,0.8353345394134521,5.8603515625,0.7996349334716797,0.5007020235061646,0.7410008907318115,0.24698321521282196,4.0478515625,0.4898904860019684,0.44788652658462524,0.6512952446937561,0.00160697428509593,0.0,0.971591595920378,8.23391230800189,437.2162181641701,0.6873387098312378,0.6873387098312378,0.9715358018875122,0.97265625,0.7265625,0.304672509431839,0.7479919791221619,0.2855781018733978,0.7275390625,0.5516674518585205,0.5516674518585205,0.9145203232765198,0.8992172479629517,0.6125244498252869,0.2319190800189972,0.7388466000556946,0.26786527037620544,0.5978473424911499,0.4704739451408386,0.4704739451408386,0.8597548604011536,0.820588231086731,0.5284313559532166,0.17321130633354187,0.7622461318969727,0.2142201066017151,0.5137255191802979,0.41181042790412903,0.41181042790412903,0.8173072338104248,0.7882353067398071,0.4696078300476074,0.12570223212242126,0.7388059496879578,0.21938781440258026,0.45980390906333923,0.37066781520843506,0.37066781520843506,0.7853710055351257,0.7330049276351929,0.43152710795402527,0.08642232418060303,0.7580645084381104,0.1933654546737671,0.41871920228004456,0.3348991870880127,0.3348991870880127,0.7603580951690674,0.7055336236953735,0.3794466257095337,0.05327730253338814,0.7184873819351196,0.2071501612663269,0.3695652186870575,0.3043934404850006,0.3043934404850006,0.7358994483947754,0.674925684928894,0.3528245687484741,0.024795228615403175,0.7151248455047607,0.20275601744651794,0.33795836567878723,0.6894091367721558,0.44788652658462524
05:40:36,206,0.9316737055778503,0.5870071649551392,0.35829049348831177,1.0,0.887867271900177,0.7643347978591919,0.4308145344257355,3.031273365020752,0.9501953125,2e-05,8.315333017380908,0.3657410442829132,0.3657410442829132,0.8182265758514404,5.453125,0.7643347978591919,0.4308145344257355,0.6935069561004639,0.35829049348831177,3.4501953125,0.40894433856010437,0.3657410740852356,0.6971769332885742,0.0015996394213289022,0.0,0.961832793478467,8.317453983938321,432.82475706531017,0.6437458395957947,0.6437458395957947,0.967231810092926,0.96875,0.7001953125,0.32882261276245117,0.7167338728904724,0.38873377442359924,0.6943359375,0.4694415330886841,0.4694415330886841,0.9045537710189819,0.8767123222351074,0.523483395576477,0.2387918382883072,0.6964285969734192,0.3881703019142151,0.5313111543655396,0.3880423903465271,0.3880423903465271,0.8490991592407227,0.7972576022148132,0.46425074338912964,0.17000404000282288,0.7113022208213806,0.34162789583206177,0.4348677694797516,0.32466813921928406,0.32466813921928406,0.802828311920166,0.7323529124259949,0.3950980305671692,0.1176891103386879,0.7161981463432312,0.3293144404888153,0.3686274588108063,0.2819170355796814,0.2819170355796814,0.7678415775299072,0.6954813599586487,0.35559922456741333,0.07761126756668091,0.6822034120559692,0.2785991430282593,0.32220038771629333,0.2397349625825882,0.2397349625825882,0.7316340208053589,0.6449704170227051,0.30571991205215454,0.04614763706922531,0.680428147315979,0.2742278575897217,0.2702169716358185,0.20949743688106537,0.20949743688106537,0.7023237943649292,0.632149875164032,0.26824456453323364,0.020933520048856735,0.6302652359008789,0.28550994396209717,0.2376725822687149,0.635308563709259,0.3657410740852356
05:40:45,207,1.0271861553192139,0.6402415037155151,0.4018343985080719,1.0,0.8757668733596802,0.7715771794319153,0.4172055125236511,2.9009950160980225,1.008553385734558,2e-05,8.461273650405928,0.35550960898399353,0.35550960898399353,0.8266586065292358,5.5234375,0.7715771794319153,0.4172055125236511,0.6921114921569824,0.4018343985080719,3.37890625,0.4044138193130493,0.35550960898399353,0.7041393518447876,0.0017158864066004753,0.0,0.9452242777899349,8.46359979105182,425.3509250054707,0.6509394645690918,0.6509394645690918,0.9736956357955933,0.978515625,0.7099609375,0.3383695185184479,0.7155688405036926,0.4010142385959625,0.7001953125,0.4834662675857544,0.4834662675857544,0.9089429378509521,0.8875855207443237,0.5464320778846741,0.24315650761127472,0.7048457860946655,0.41326281428337097,0.5464320778846741,0.37936487793922424,0.37936487793922424,0.8558629751205444,0.7943192720413208,0.4417237937450409,0.1698935180902481,0.7102342844009399,0.36953356862068176,0.4427032172679901,0.3100350797176361,0.3100350797176361,0.8138677477836609,0.7465618848800659,0.3703339993953705,0.11475276947021484,0.6868420839309692,0.42464831471443176,0.3614931106567383,0.26421311497688293,0.26421311497688293,0.777324914932251,0.701875627040863,0.3316880464553833,0.07338786870241165,0.6863572597503662,0.41355788707733154,0.30799606442451477,0.21842579543590546,0.21842579543590546,0.7424184083938599,0.6650148630142212,0.2824578881263733,0.04214612767100334,0.6587183475494385,0.37593841552734375,0.2537165582180023,0.1759052574634552,0.1759052574634552,0.7107870578765869,0.622266411781311,0.23161034286022186,0.018293652683496475,0.6613418459892273,0.4324135482311249,0.21172961592674255,0.6342427134513855,0.35550960898399353
05:40:53,208,0.8117710947990417,0.5110251307487488,0.31065109372138977,1.0,0.9040741920471191,0.7879577279090881,0.47040092945098877,3.2788918018341064,0.9737991690635681,2e-05,8.365692373597994,0.4044133722782135,0.4044133722782135,0.8338614106178284,5.683417320251465,0.7879577279090881,0.47040092945098877,0.725753128528595,0.31065109372138977,3.7376885414123535,0.4552033543586731,0.4044133722782135,0.6750751733779907,0.0016935591120272875,0.0,0.9560331781453552,8.367910427041352,430.21493016540984,0.687427282333374,0.687427282333374,0.9730664491653442,0.9698492288589478,0.7467336654663086,0.32184794545173645,0.7647668123245239,0.3036554753780365,0.741708517074585,0.5251353979110718,0.5251353979110718,0.9152753353118896,0.8830645084381104,0.5997983813285828,0.23786139488220215,0.740867555141449,0.3326791524887085,0.5887096524238586,0.4294356107711792,0.4294356107711792,0.8590080738067627,0.8281092047691345,0.4883720874786377,0.17152908444404602,0.7155067324638367,0.31781426072120667,0.4721941351890564,0.3661959767341614,0.3661959767341614,0.8204057216644287,0.7773279547691345,0.438259094953537,0.11997229605913162,0.7330729365348816,0.30628326535224915,0.42408907413482666,0.3050142526626587,0.3050142526626587,0.7809633612632751,0.7137055993080139,0.3695431351661682,0.07955876737833023,0.7155050039291382,0.2905927300453186,0.35634517669677734,0.2706963121891022,0.2706963121891022,0.7563772797584534,0.6799184679985046,0.3363914489746094,0.047591764479875565,0.6881559491157532,0.2952103614807129,0.3098878562450409,0.24173864722251892,0.24173864722251892,0.7289268374443054,0.6598569750785828,0.3084780275821686,0.02163878083229065,0.7012383937835693,0.2454570233821869,0.28804904222488403,0.6658357977867126,0.4044133722782135
05:41:02,209,1.4569768905639648,0.9505187273025513,0.5420656800270081,1.0,0.8390204310417175,0.7043734192848206,0.3497336804866791,2.4319067001342773,2.3014261722564697,2e-05,8.450076376786456,0.2778720259666443,0.2778720259666443,0.7636922597885132,4.8173828125,0.7043734192848206,0.3497336804866791,0.6411940455436707,0.5420656800270081,2.8271484375,0.3257639408111572,0.27787208557128906,0.7589899301528931,0.0017441613599658012,0.0,0.9464818609746675,8.452354270964861,425.91683743860034,0.5736793875694275,0.5736793875694275,0.953133225440979,0.955078125,0.6494140625,0.3629406988620758,0.685071587562561,0.5596129894256592,0.654296875,0.393161416053772,0.393161416053772,0.8644037246704102,0.837890625,0.46875,0.24805030226707458,0.6503496766090393,0.5702031850814819,0.4677734375,0.28663763403892517,0.28663763403892517,0.7927648425102234,0.7208619117736816,0.3535749316215515,0.1648617535829544,0.625,0.5099183917045593,0.33496570587158203,0.22816696763038635,0.22816696763038635,0.7392102479934692,0.6450344324111938,0.294001966714859,0.10640712827444077,0.6539633870124817,0.4806797206401825,0.2566371560096741,0.18024514615535736,0.18024514615535736,0.6950631737709045,0.6184857487678528,0.2615535855293274,0.06544565409421921,0.6263911128044128,0.5349698066711426,0.21632251143455505,0.14796671271324158,0.14796671271324158,0.6625590920448303,0.5807086825370789,0.21358267962932587,0.03655261546373367,0.6135593056678772,0.541358232498169,0.17716535925865173,0.1319684386253357,0.1319684386253357,0.6362497210502625,0.5694581270217896,0.20394088327884674,0.01574191451072693,0.6038062572479248,0.41065794229507446,0.16945812106132507,0.573175847530365,0.27787208557128906
05:41:10,210,1.1895560026168823,0.7544807195663452,0.45639878511428833,1.0,0.8591285347938538,0.7449209690093994,0.3927765190601349,2.707378387451172,1.431355357170105,2e-05,8.220584864728153,0.3245340883731842,0.3245340883731842,0.7990696430206299,5.2978515625,0.7449209690093994,0.3927765190601349,0.6689394116401672,0.45639878511428833,3.130859375,0.375,0.3245340883731842,0.7290539145469666,0.001688800286501646,0.0,0.9728989299549385,8.22284797905013,437.80451847972233,0.6391130685806274,0.6391130685806274,0.9643094539642334,0.9638671875,0.69921875,0.34943559765815735,0.7223910689353943,0.4248238205909729,0.6953125,0.4476999044418335,0.4476999044418335,0.8982612490653992,0.8743866682052612,0.5260058641433716,0.24509361386299133,0.6936026811599731,0.4883195757865906,0.5132482647895813,0.34087905287742615,0.34087905287742615,0.8373683094978333,0.7871921062469482,0.4128078818321228,0.16714568436145782,0.6670838594436646,0.47537750005722046,0.3980295658111572,0.2641260623931885,0.2641260623931885,0.7817942500114441,0.7048371434211731,0.336623877286911,0.11062755435705185,0.6442577242851257,0.48393142223358154,0.3218163847923279,0.2209462672472,0.2209462672472,0.7363622188568115,0.6712871193885803,0.29108911752700806,0.06995988637208939,0.6179941296577454,0.4548245370388031,0.26336634159088135,0.18886029720306396,0.18886029720306396,0.698357343673706,0.6029850840568542,0.254726380109787,0.04009060561656952,0.6666666865348816,0.4206324517726898,0.22885571420192719,0.16280177235603333,0.16280177235603333,0.6722186207771301,0.6037924289703369,0.2215568870306015,0.017647095024585724,0.6363636255264282,0.39774441719055176,0.19660678505897522,0.6056326031684875,0.3245340883731842
05:41:18,211,1.0499414205551147,0.6672574281692505,0.39874252676963806,1.0,0.871317982673645,0.7616645693778992,0.4011489450931549,2.818270683288574,0.7725660800933838,2e-05,8.300534948939458,0.3341856598854065,0.3341856598854065,0.7895100712776184,5.4169921875,0.7616645693778992,0.4011489450931549,0.6795437932014465,0.39874252676963806,3.2626953125,0.38839849829673767,0.3341856300830841,0.7201223969459534,0.001731312833726406,0.0,0.9635371420343611,8.302741691004485,433.5917139154625,0.6210368275642395,0.6210368275642395,0.9654673933982849,0.9697265625,0.6865234375,0.3380104601383209,0.7069486379623413,0.4307040274143219,0.685546875,0.4491077959537506,0.4491077959537506,0.8949030637741089,0.8718199729919434,0.523483395576477,0.24077174067497253,0.7003366947174072,0.4273006319999695,0.5205479264259338,0.34406691789627075,0.34406691789627075,0.824676513671875,0.813725471496582,0.40882351994514465,0.16772116720676422,0.6891566514968872,0.4023187756538391,0.4049019515514374,0.28074967861175537,0.28074967861175537,0.7722346782684326,0.7458292245864868,0.36113837361335754,0.11424719542264938,0.6631578803062439,0.37618035078048706,0.33856722712516785,0.23784483969211578,0.23784483969211578,0.7257391214370728,0.6728880405426025,0.30255404114723206,0.07470721751451492,0.6394160389900208,0.30861636996269226,0.28192535042762756,0.21379150450229645,0.21379150450229645,0.684719443321228,0.652259349822998,0.27308449149131775,0.0444120354950428,0.6521084308624268,0.25103774666786194,0.26129665970802307,0.19031020998954773,0.19031020998954773,0.657067060470581,0.6033464670181274,0.25,0.02013028971850872,0.6867862939834595,0.23522531986236572,0.22342519462108612,0.6186304688453674,0.3341856300830841
05:41:26,212,0.876528263092041,0.5421651601791382,0.3456244468688965,1.0,0.892389178276062,0.7865071296691895,0.449329674243927,3.0946924686431885,2.46160626411438,2e-05,8.155567822279409,0.3788926303386688,0.3788926303386688,0.8163724541664124,5.595808506011963,0.7865071296691895,0.449329674243927,0.7069281339645386,0.3456244468688965,3.5878243446350098,0.43376100063323975,0.3788926601409912,0.6872878074645996,0.0017788398545235395,0.0,0.9806512127244241,8.157844395842403,441.29304572599085,0.6737644672393799,0.6737644672393799,0.9726380109786987,0.9770458936691284,0.7385229468345642,0.32962068915367126,0.7497446537017822,0.34268081188201904,0.7325349450111389,0.503014862537384,0.503014862537384,0.9113094210624695,0.8987975716590881,0.5701403021812439,0.23991693556308746,0.7045707702636719,0.3931063711643219,0.5681362748146057,0.4055568277835846,0.4055568277835846,0.8505305051803589,0.8398791551589966,0.4904330372810364,0.17030957341194153,0.7278177738189697,0.3394164443016052,0.46324270963668823,0.3276170790195465,0.3276170790195465,0.802729606628418,0.7664307355880737,0.404448926448822,0.11726794391870499,0.7044854760169983,0.32882559299468994,0.39534884691238403,0.2792772650718689,0.2792772650718689,0.7572503685951233,0.716312050819397,0.3454913794994354,0.07689996063709259,0.6789250373840332,0.2932320535182953,0.33029383420944214,0.24146629869937897,0.24146629869937897,0.7224957346916199,0.6670050621032715,0.31370559334754944,0.0455043688416481,0.6940639019012451,0.2943991720676422,0.28020304441452026,0.21468497812747955,0.21468497812747955,0.6933520436286926,0.6347914338111877,0.27568668127059937,0.02048047073185444,0.6634615659713745,0.2805052101612091,0.25940996408462524,0.6422919034957886,0.3788926601409912
05:41:35,213,0.9554639458656311,0.593320369720459,0.3755938410758972,1.0,0.8868672251701355,0.779197096824646,0.4406232535839081,3.019259452819824,0.80429607629776,2e-05,8.247685413109139,0.3716644048690796,0.3716644048690796,0.8147814869880676,5.5732421875,0.779197096824646,0.4406232535839081,0.7029364109039307,0.3755938410758972,3.470703125,0.42841100692749023,0.3716644048690796,0.6952351927757263,0.0017366085667163134,0.0,0.9696918973353923,8.25004315492697,436.3613538009265,0.6490821838378906,0.6490821838378906,0.9700782299041748,0.96484375,0.7080078125,0.32995641231536865,0.7257084846496582,0.38449499011039734,0.7001953125,0.5001416206359863,0.5001416206359863,0.9096196293830872,0.8767123222351074,0.5792563557624817,0.240072563290596,0.7433035969734192,0.3945584297180176,0.5704501271247864,0.3983748257160187,0.3983748257160187,0.8434601426124573,0.8194308280944824,0.4681059718132019,0.17034392058849335,0.7209580540657043,0.37769606709480286,0.4690873324871063,0.32661670446395874,0.32661670446395874,0.7962802052497864,0.7669616341590881,0.39921337366104126,0.11721773445606232,0.6833333373069763,0.3563830256462097,0.38741394877433777,0.27338552474975586,0.27338552474975586,0.7575398683547974,0.7057086825370789,0.3277558982372284,0.07670687884092331,0.6666666865348816,0.3439926505088806,0.32677164673805237,0.240524560213089,0.240524560213089,0.7264767289161682,0.6903353333473206,0.3116370737552643,0.0453285351395607,0.6671428680419922,0.3353004455566406,0.28994083404541016,0.20965206623077393,0.20965206623077393,0.6975308060646057,0.6274703741073608,0.2865612506866455,0.020373957231640816,0.6913385987281799,0.2958087623119354,0.2509881556034088,0.6368694305419922,0.3716644048690796
05:41:43,214,0.9586164355278015,0.6141384840011597,0.3597673773765564,1.0,0.885843813419342,0.7349768877029419,0.40748003125190735,2.9496889114379883,1.3238276243209839,2e-05,8.2340350728482,0.33938610553741455,0.33938610553741455,0.7710810303688049,5.2353515625,0.7349768877029419,0.40748003125190735,0.6801981925964355,0.3597673773765564,3.2958984375,0.3840874135494232,0.33938610553741455,0.7145636081695557,0.001688515767455101,0.0,0.9712946380047468,8.23642969597131,437.082587102136,0.6009868383407593,0.6009868383407593,0.9568920731544495,0.958984375,0.6708984375,0.32732725143432617,0.6883910298347473,0.4189090132713318,0.66015625,0.4348064064979553,0.4348064064979553,0.8792123198509216,0.8600782752037048,0.49608609080314636,0.23658199608325958,0.6769055724143982,0.40380987524986267,0.4931506812572479,0.34518003463745117,0.34518003463745117,0.8062435984611511,0.7678746581077576,0.4113613963127136,0.16864095628261566,0.6747449040412903,0.3627842664718628,0.38785505294799805,0.29590755701065063,0.29590755701065063,0.7457225918769836,0.7095191478729248,0.3768400251865387,0.11796609312295914,0.7053942084312439,0.2674115002155304,0.35132482647895813,0.257504403591156,0.257504403591156,0.7019715309143066,0.6653581857681274,0.32580962777137756,0.0791032463312149,0.6622418761253357,0.23645201325416565,0.29735034704208374,0.22694319486618042,0.22694319486618042,0.6656391024589539,0.6149312257766724,0.2966601252555847,0.04805658012628555,0.669329047203064,0.22018587589263916,0.2573673725128174,0.212314173579216,0.212314173579216,0.6400980949401855,0.5659449100494385,0.2726377844810486,0.022323939949274063,0.6800000071525574,0.17775417864322662,0.23917323350906372,0.6183406710624695,0.33938610553741455
05:41:51,215,1.029183268547058,0.6592411994934082,0.38711485266685486,1.0,0.8771587014198303,0.751895546913147,0.4112608730792999,2.8988096714019775,1.4905937910079956,2e-05,8.341349695809186,0.34985464811325073,0.34985464811325073,0.8110607862472534,5.310546875,0.751895546913147,0.4112608730792999,0.6870214939117432,0.38711485266685486,3.2998046875,0.39174389839172363,0.3498546779155731,0.709559977054596,0.001688401447609067,0.0,0.9588195104410564,8.343593254918233,431.4687796984754,0.6286942362785339,0.6286942362785339,0.9580006003379822,0.9482421875,0.673828125,0.33515965938568115,0.7147271037101746,0.39289742708206177,0.677734375,0.46474695205688477,0.46474695205688477,0.8907215595245361,0.8551859259605408,0.5273972749710083,0.24096328020095825,0.6864988803863525,0.41483473777770996,0.523483395576477,0.3679848909378052,0.3679848909378052,0.8339941501617432,0.7754902243614197,0.4313725531101227,0.16926360130310059,0.7029077410697937,0.3969874680042267,0.42549020051956177,0.306642085313797,0.306642085313797,0.795274019241333,0.74631267786026,0.3736479878425598,0.11560880392789841,0.687747061252594,0.36250218749046326,0.35103243589401245,0.2588218152523041,0.2588218152523041,0.7627384662628174,0.6689655184745789,0.32019704580307007,0.07520530372858047,0.6804123520851135,0.32071438431739807,0.29162561893463135,0.2197878360748291,0.2197878360748291,0.7295446395874023,0.6554787755012512,0.2823297083377838,0.044108401983976364,0.6611445546150208,0.36474257707595825,0.24777887761592865,0.19818171858787537,0.19818171858787537,0.704637885093689,0.6102868318557739,0.26607319712638855,0.01969083398580551,0.6580227017402649,0.29805850982666016,0.22057369351387024,0.6320199370384216,0.3498546779155731
05:42:00,216,1.1297777891159058,0.7251507043838501,0.4250113368034363,1.0,0.8669630289077759,0.7390815615653992,0.3974160850048065,2.7490553855895996,0.7896832823753357,2e-05,8.454325180966407,0.3223327398300171,0.3223327398300171,0.7855098843574524,5.1474609375,0.7390815615653992,0.3974160850048065,0.6536195874214172,0.4250113368034363,3.1279296875,0.3797219395637512,0.3223327398300171,0.7288261651992798,0.00163843366317451,0.0,0.9460135792406834,8.456538231112063,425.7061106583075,0.603874683380127,0.603874683380127,0.956249475479126,0.9521484375,0.6650390625,0.33939892053604126,0.6964102387428284,0.45066362619400024,0.6640625,0.41620317101478577,0.41620317101478577,0.8767281174659729,0.854207456111908,0.4931506812572479,0.239984393119812,0.6552119255065918,0.4832027554512024,0.4823874831199646,0.32508307695388794,0.32508307695388794,0.8129355907440186,0.7764706015586853,0.39901959896087646,0.16689689457416534,0.6603535413742065,0.4273999035358429,0.39411765336990356,0.27375003695487976,0.27375003695487976,0.7620863914489746,0.7200393080711365,0.36051079630851746,0.11393778771162033,0.6616643667221069,0.35591062903404236,0.34381139278411865,0.2330523133277893,0.2330523133277893,0.724597692489624,0.6568047404289246,0.30966469645500183,0.07472345232963562,0.6366366147994995,0.33203867077827454,0.2879684269428253,0.21173812448978424,0.21173812448978424,0.6953112483024597,0.6254940629005432,0.2905138432979584,0.044629644602537155,0.61927330493927,0.29163724184036255,0.25197628140449524,0.18867267668247223,0.18867267668247223,0.6676608920097351,0.5845697522163391,0.26013848185539246,0.020429009571671486,0.6175972819328308,0.27110621333122253,0.22947576642036438,0.5885909795761108,0.3223327398300171
05:42:08,217,1.3343160152435303,0.8489232659339905,0.5116335153579712,1.0,0.8386493921279907,0.7252593040466309,0.36276984214782715,2.5004220008850098,1.1817231178283691,2e-05,8.302828181302175,0.28719016909599304,0.28719016909599304,0.7642502784729004,5.1005859375,0.7252593040466309,0.36276984214782715,0.6354851126670837,0.5116335153579712,2.9130859375,0.33809924125671387,0.28719019889831543,0.7515047192573547,0.0016311067156493664,0.0,0.9632717394681742,8.305029279086739,433.4722827606784,0.5820527076721191,0.5820527076721191,0.9583210945129395,0.970703125,0.6552734375,0.35742348432540894,0.6700201034545898,0.5382286310195923,0.650390625,0.39924219250679016,0.39924219250679016,0.8814572691917419,0.8660801649093628,0.47214075922966003,0.24619334936141968,0.6523702144622803,0.5767708420753479,0.4701857268810272,0.3051851987838745,0.3051851987838745,0.802374541759491,0.7735294103622437,0.4019607901573181,0.16550052165985107,0.6552598476409912,0.46759092807769775,0.36764705181121826,0.234887033700943,0.234887033700943,0.7409791946411133,0.6820412278175354,0.31207066774368286,0.10820630937814713,0.6187050342559814,0.46050143241882324,0.2816486656665802,0.18974773585796356,0.18974773585796356,0.693331241607666,0.6293018460273743,0.2654867172241211,0.06758307665586472,0.6328125,0.4043613374233246,0.23500491678714752,0.15854544937610626,0.15854544937610626,0.6529684066772461,0.5915354490280151,0.2303149551153183,0.03835668787360191,0.5923460721969604,0.40383392572402954,0.187992125749588,0.13760951161384583,0.13760951161384583,0.6178293824195862,0.5605911612510681,0.1990147829055786,0.01673656515777111,0.5905096530914307,0.33459508419036865,0.1704433560371399,0.5643728375434875,0.28719019889831543
05:42:16,218,0.8809841275215149,0.5621702671051025,0.33098530769348145,1.0,0.8927474021911621,0.7608360052108765,0.43512412905693054,3.124640941619873,0.8030816912651062,2e-05,8.384271731832996,0.3746064007282257,0.3746064007282257,0.8064142465591431,5.3720703125,0.7608360052108765,0.43512412905693054,0.6970870494842529,0.33098530769348145,3.4697265625,0.4187122881412506,0.3746064007282257,0.6979271769523621,0.0015383660793304443,0.0,0.9539362966843801,8.38630422996357,429.271333507971,0.6250357031822205,0.6250357031822205,0.963137686252594,0.966796875,0.6787109375,0.32043763995170593,0.6979798078536987,0.39958786964416504,0.673828125,0.4759049713611603,0.4759049713611603,0.8940925002098083,0.8561643958091736,0.5391389727592468,0.23541918396949768,0.7165714502334595,0.3490770757198334,0.5391389727592468,0.3858458995819092,0.3858458995819092,0.8350671529769897,0.7952987551689148,0.45347699522972107,0.17012034356594086,0.674876868724823,0.31292274594306946,0.43780606985092163,0.33271118998527527,0.33271118998527527,0.790855348110199,0.7352941036224365,0.39901959896087646,0.12017804384231567,0.6919999718666077,0.2901708483695984,0.3764705955982208,0.2976313829421997,0.2976313829421997,0.7522028088569641,0.6961652040481567,0.3618485629558563,0.08119764178991318,0.6977401375770569,0.20523323118686676,0.3294001817703247,0.26354703307151794,0.26354703307151794,0.7149178385734558,0.6535044312477112,0.32477790117263794,0.049553874880075455,0.7054380774497986,0.20897626876831055,0.29812437295913696,0.238319531083107,0.238319531083107,0.6921278238296509,0.6195651888847351,0.2855731248855591,0.023093286901712418,0.6937798857688904,0.20410189032554626,0.27272728085517883,0.6472576856613159,0.3746064007282257
05:42:25,219,0.8087272047996521,0.4993259608745575,0.3184449076652527,1.0,0.8992042541503906,0.8079954981803894,0.4680461585521698,3.248082160949707,0.8143117427825928,2e-05,8.368560164235532,0.40884581208229065,0.40884581208229065,0.848193347454071,5.8408203125,0.8079954981803894,0.4680461585521698,0.7245644330978394,0.3184449076652527,3.7392578125,0.451717346906662,0.40884581208229065,0.668213963508606,0.0016329502686858177,0.0,0.9557034579543064,8.370797378011048,430.0665560794379,0.6843783259391785,0.6843783259391785,0.9740409255027771,0.9736328125,0.7373046875,0.32347577810287476,0.7502507567405701,0.3305605947971344,0.73046875,0.5353226661682129,0.5353226661682129,0.9240161776542664,0.9077526926994324,0.5986260771751404,0.23912934958934784,0.7427027225494385,0.32939350605010986,0.5907752513885498,0.44843852519989014,0.44843852519989014,0.8769611716270447,0.835952877998352,0.5127701163291931,0.17225207388401031,0.7520564198493958,0.29077038168907166,0.49312376976013184,0.3665304183959961,0.3665304183959961,0.8375934362411499,0.7911329865455627,0.42955663800239563,0.11954468488693237,0.7011207938194275,0.325918585062027,0.40591132640838623,0.30946674942970276,0.30946674942970276,0.8047232627868652,0.7512339353561401,0.3672260642051697,0.0784745141863823,0.704336404800415,0.2887119948863983,0.35735440254211426,0.2737310528755188,0.2737310528755188,0.7728767395019531,0.7155599594116211,0.332011878490448,0.04635101929306984,0.7077562212944031,0.3005622327327728,0.3022794723510742,0.23848922550678253,0.23848922550678253,0.7441893219947815,0.6769383549690247,0.2932405471801758,0.020772520452737808,0.6960352659225464,0.3333372473716736,0.2763419449329376,0.6758341789245605,0.40884581208229065
05:42:33,220,1.16069757938385,0.738067626953125,0.44241949915885925,1.0,0.8660724759101868,0.7497539520263672,0.3897089958190918,2.6887428760528564,1.9982802867889404,2e-05,8.295524426968768,0.3127598464488983,0.3127598464488983,0.7749547958374023,5.2724609375,0.7497539520263672,0.3897089958190918,0.6641665101051331,0.44241949915885925,3.166015625,0.37621256709098816,0.3127598464488983,0.7336476445198059,0.0016333849634975195,0.0,0.964109293386874,8.297814422985539,433.84918202409335,0.6173797845840454,0.6173797845840454,0.9658385515213013,0.9638671875,0.6923828125,0.3476532995700836,0.7213779091835022,0.4482058882713318,0.6953125,0.4249487817287445,0.4249487817287445,0.8837636709213257,0.8774510025978088,0.5029411911964417,0.2434229850769043,0.6759776473045349,0.48705631494522095,0.5117647051811218,0.3194600045681,0.3194600045681,0.8079517483711243,0.8017664551734924,0.39744848012924194,0.16658076643943787,0.6646266579627991,0.4545234739780426,0.4003925323486328,0.2657814621925354,0.2657814621925354,0.7506576776504517,0.7251231670379639,0.3566502332687378,0.11132242530584335,0.6711956262588501,0.3901136815547943,0.3408867120742798,0.21223878860473633,0.21223878860473633,0.7071511745452881,0.6663376092910767,0.28331688046455383,0.0711599588394165,0.6385185122489929,0.3939654529094696,0.263573557138443,0.18216122686862946,0.18216122686862946,0.6683892607688904,0.6175889372825623,0.24802371859550476,0.0414002500474453,0.6191999912261963,0.34252437949180603,0.22727273404598236,0.162745863199234,0.162745863199234,0.6374470591545105,0.592079222202301,0.24257425963878632,0.018460286781191826,0.6187291145324707,0.3260822892189026,0.18910890817642212,0.5940168499946594,0.3127598464488983
05:42:41,221,0.7347667813301086,0.44448617100715637,0.2977175712585449,1.0,0.9063804745674133,0.8049166202545166,0.47397929430007935,3.3858397006988525,0.8266041874885559,2e-05,8.159638894954696,0.41147828102111816,0.41147828102111816,0.8379230499267578,5.861138820648193,0.8049166202545166,0.47397929430007935,0.7106626033782959,0.2977175712585449,3.785214900970459,0.4524151682853699,0.41147828102111816,0.667283296585083,0.001550843007862568,0.0,0.980181914568791,8.161750264000148,441.0818615559559,0.6676772236824036,0.6676772236824036,0.9715921878814697,0.9750249981880188,0.7222777009010315,0.31459665298461914,0.7366803288459778,0.3352414667606354,0.7172827124595642,0.5309440493583679,0.5309440493583679,0.9186335802078247,0.9158316850662231,0.5991984009742737,0.23492640256881714,0.7308533787727356,0.31434106826782227,0.5781562924385071,0.4335280656814575,0.4335280656814575,0.8673067688941956,0.8473895788192749,0.5,0.17166568338871002,0.7073459625244141,0.2940008342266083,0.47590360045433044,0.3653625249862671,0.3653625249862671,0.8262568712234497,0.7877263426780701,0.42957746982574463,0.12197943031787872,0.7062579989433289,0.2775028347969055,0.4124748408794403,0.32256585359573364,0.32256585359573364,0.7894390225410461,0.7426841855049133,0.39455094933509827,0.08264381438493729,0.7010869383811951,0.23208442330360413,0.3673057556152344,0.295368492603302,0.295368492603302,0.7590726613998413,0.7007077932357788,0.35389283299446106,0.05063538998365402,0.7070707082748413,0.1974359154701233,0.32457026839256287,0.26065802574157715,0.26065802574157715,0.7305362820625305,0.6616008281707764,0.314083069562912,0.023552579805254936,0.6676875948905945,0.18622305989265442,0.2867274582386017,0.6576263904571533,0.41147828102111816
05:42:50,222,0.8271273970603943,0.5067817568778992,0.3303163945674896,1.0,0.8964381814002991,0.7902863621711731,0.4597136378288269,3.220416307449341,0.7362505197525024,2e-05,8.514586180681363,0.3963497281074524,0.3963497281074524,0.8219702243804932,5.7119140625,0.7902863621711731,0.4597136378288269,0.71030193567276,0.3303163945674896,3.6318359375,0.43697360157966614,0.3963497281074524,0.676842987537384,0.0017254168633371592,0.0,0.9393059444729469,8.516926829935983,422.6876750128261,0.673241913318634,0.673241913318634,0.9708049297332764,0.982421875,0.7265625,0.3227168321609497,0.7455268502235413,0.3542410135269165,0.732421875,0.5182560086250305,0.5182560086250305,0.9113140106201172,0.89453125,0.5810546875,0.23793646693229675,0.7248908281326294,0.3516242802143097,0.576171875,0.4155574142932892,0.4155574142932892,0.8536270260810852,0.8276199698448181,0.4818805158138275,0.17109838128089905,0.7029585838317871,0.3301960825920105,0.4622918665409088,0.34810689091682434,0.34810689091682434,0.8059386610984802,0.7578431367874146,0.40980392694473267,0.11965110152959824,0.7153945565223694,0.2851549983024597,0.3892156779766083,0.31146931648254395,0.31146931648254395,0.7656239867210388,0.7315634489059448,0.3933136761188507,0.07955819368362427,0.7150537371635437,0.26431745290756226,0.3490658700466156,0.2695886194705963,0.2695886194705963,0.7351083755493164,0.6864490509033203,0.33135509490966797,0.04750239476561546,0.6757925152778625,0.28783276677131653,0.29080119729042053,0.23319792747497559,0.23319792747497559,0.7080250382423401,0.6474677324295044,0.28897714614868164,0.02153659425675869,0.6702454090118408,0.3031090497970581,0.2532274127006531,0.6588433980941772,0.3963497281074524
05:42:58,223,1.1909308433532715,0.7886698842048645,0.42712512612342834,1.0,0.8651902675628662,0.707621157169342,0.37699636816978455,2.6772642135620117,1.053566813468933,2e-05,8.272831342648715,0.3071611523628235,0.3071611523628235,0.7697811126708984,4.9609375,0.707621157169342,0.37699636816978455,0.6596713662147522,0.42712512612342834,3.03515625,0.35430091619491577,0.3071611523628235,0.7367902994155884,0.0017199576832354069,0.0,0.9667431875920633,8.275207007071003,435.0344344164285,0.5981274247169495,0.5981274247169495,0.9557793736457825,0.9423828125,0.6640625,0.34577661752700806,0.7046632170677185,0.4543302357196808,0.6640625,0.42085501551628113,0.42085501551628113,0.8683388233184814,0.8387096524238586,0.49266862869262695,0.24263562262058258,0.6515151262283325,0.49042949080467224,0.4701857268810272,0.31764331459999084,0.31764331459999084,0.8048251867294312,0.7387475371360779,0.38649705052375793,0.16666780412197113,0.6754966974258423,0.3934631049633026,0.36301368474960327,0.24708372354507446,0.24708372354507446,0.7450371384620667,0.6754902005195618,0.32156863808631897,0.11169250309467316,0.670536994934082,0.3737780749797821,0.29019609093666077,0.21439765393733978,0.21439765393733978,0.7054064869880676,0.6243854761123657,0.2930186688899994,0.07201190292835236,0.6425197124481201,0.3232872486114502,0.25958701968193054,0.18393629789352417,0.18393629789352417,0.6700459718704224,0.5826771855354309,0.2529527544975281,0.0422469824552536,0.6097972989082336,0.3231773376464844,0.23129920661449432,0.1652761995792389,0.1652761995792389,0.6368452310562134,0.5482283234596252,0.22539369761943817,0.018968503922224045,0.631956934928894,0.29352471232414246,0.1988188922405243,0.5928514003753662,0.3071611523628235
05:43:06,224,0.7946495413780212,0.4969744086265564,0.30657851696014404,1.0,0.9064422249794006,0.8041701912879944,0.4805578887462616,3.3178062438964844,0.9929441213607788,2e-05,8.256754803704098,0.4177305996417999,0.4177305996417999,0.854363203048706,5.80859375,0.8041701912879944,0.4805578887462616,0.7319551706314087,0.30657851696014404,3.841796875,0.4652014672756195,0.4177305996417999,0.6646748185157776,0.001840673852711916,0.0,0.968626451268983,8.259117835899815,435.8819030710423,0.7123392820358276,0.7123392820358276,0.9763765931129456,0.9716796875,0.765625,0.3232310712337494,0.7949748635292053,0.29027679562568665,0.7724609375,0.5523946285247803,0.5523946285247803,0.9324756860733032,0.9098922610282898,0.6111655235290527,0.23952814936637878,0.7427341341972351,0.31542208790779114,0.5994123220443726,0.4556499421596527,0.4556499421596527,0.885594367980957,0.8367748260498047,0.5231071710586548,0.17250925302505493,0.7673325538635254,0.2928060293197632,0.4995083510875702,0.38171273469924927,0.38171273469924927,0.8453969359397888,0.7877591252326965,0.4491609036922455,0.11976691335439682,0.7531328201293945,0.29832950234413147,0.43336623907089233,0.3204483091831207,0.3204483091831207,0.8111896514892578,0.7524752616882324,0.394059419631958,0.07838787138462067,0.6815789341926575,0.35891813039779663,0.3683168292045593,0.26643863320350647,0.26643863320350647,0.7773837447166443,0.7050645351409912,0.3247269093990326,0.04608111083507538,0.6802816987037659,0.30383244156837463,0.3118172883987427,0.2282247543334961,0.2282247543334961,0.748746931552887,0.6610338091850281,0.28926441073417664,0.020495500415563583,0.6646616458892822,0.4418088495731354,0.2644135057926178,0.6748689413070679,0.4177305996417999
05:43:14,225,0.7059001326560974,0.4535786807537079,0.2605167329311371,1.0,0.9199662208557129,0.7726312875747681,0.4809235632419586,3.5371246337890625,0.6583505868911743,2e-05,8.358451822772622,0.4254487454891205,0.4254487454891205,0.8172398209571838,5.634765625,0.7726312875747681,0.4809235632419586,0.7325072884559631,0.2605167329311371,3.8974609375,0.4629029929637909,0.4254487454891205,0.6640288233757019,0.0015857960097491741,0.0,0.9568588984907356,8.360689347842708,430.586504320831,0.6861311197280884,0.6861311197280884,0.9651691317558289,0.95703125,0.7412109375,0.31082794070243835,0.768367350101471,0.27689260244369507,0.7353515625,0.5351634621620178,0.5351634621620178,0.8992748260498047,0.8716944456100464,0.5935357213020325,0.23386362195014954,0.7404494285583496,0.28963762521743774,0.5847208499908447,0.4480849504470825,0.4480849504470825,0.8499686121940613,0.7915437817573547,0.5103244781494141,0.17234954237937927,0.7428571581840515,0.250661164522171,0.4965585172176361,0.3818283975124359,0.3818283975124359,0.806796133518219,0.743842363357544,0.4403941035270691,0.12343771010637283,0.7298012971878052,0.22332270443439484,0.4246305525302887,0.33910709619522095,0.33910709619522095,0.7651994228363037,0.70652174949646,0.3893280625343323,0.08403519541025162,0.7328671216964722,0.2155798077583313,0.3646245002746582,0.30611398816108704,0.30611398816108704,0.7293953895568848,0.6818632483482361,0.3637264668941498,0.051534656435251236,0.7063953280448914,0.22004234790802002,0.32705649733543396,0.2762770354747772,0.2762770354747772,0.7011981010437012,0.6517412662506104,0.32238805294036865,0.02395130693912506,0.6854962110519409,0.2598199248313904,0.3014925420284271,0.6847839951515198,0.4254487454891205
05:43:23,226,0.9458880424499512,0.5927814841270447,0.36559176445007324,1.0,0.8844041228294373,0.7831951379776001,0.4250386357307434,2.9904255867004395,0.7242421507835388,2e-05,8.231967954197899,0.36238399147987366,0.36238399147987366,0.8183054327964783,5.5810546875,0.7831951379776001,0.4250386357307434,0.6803014278411865,0.36559176445007324,3.4833984375,0.4152030348777771,0.36238399147987366,0.7038777470588684,0.0016866158694028854,0.0,0.9715482344716178,8.234279798110947,437.196705512228,0.6315569877624512,0.6315569877624512,0.97029048204422,0.9658203125,0.685546875,0.329719215631485,0.7118301391601562,0.39520585536956787,0.6875,0.4705624580383301,0.4705624580383301,0.9041353464126587,0.8694798946380615,0.5407261848449707,0.23948296904563904,0.703160285949707,0.3616640865802765,0.5368008017539978,0.38683128356933594,0.38683128356933594,0.8479792475700378,0.8084479570388794,0.4656188488006592,0.17048582434654236,0.6962332725524902,0.34513306617736816,0.44793713092803955,0.328399658203125,0.328399658203125,0.8068218231201172,0.7701375484466553,0.3909626603126526,0.11774234473705292,0.6938775777816772,0.34995168447494507,0.3840864300727844,0.2744928002357483,0.2744928002357483,0.7648236751556396,0.7261083722114563,0.34285715222358704,0.07700120657682419,0.6689280867576599,0.34523600339889526,0.3251231610774994,0.2370758354663849,0.2370758354663849,0.7296258807182312,0.6771964430809021,0.29318854212760925,0.04534545913338661,0.6370262503623962,0.3220069408416748,0.27936822175979614,0.2039566934108734,0.2039566934108734,0.7019739151000977,0.6623762249946594,0.2524752616882324,0.020223092287778854,0.6248131394386292,0.3508264124393463,0.2415841519832611,0.6174970865249634,0.36238399147987366
05:43:31,227,1.0761759281158447,0.6931862235069275,0.4019755423069,1.0,0.8759493827819824,0.740465521812439,0.398625910282135,2.825127601623535,1.5556831359863281,2e-05,8.247885016724467,0.33455318212509155,0.33455318212509155,0.7908110022544861,5.1572265625,0.740465521812439,0.398625910282135,0.6724105477333069,0.4019755423069,3.244140625,0.381660133600235,0.33455318212509155,0.7199507355690002,0.0016286703757941723,0.0,0.9696965478396696,8.250003589084372,436.36344652785135,0.6177200675010681,0.6177200675010681,0.9621392488479614,0.951171875,0.6728515625,0.3365621268749237,0.7073922157287598,0.4216165542602539,0.6728515625,0.43318894505500793,0.43318894505500793,0.8890425562858582,0.8522505164146423,0.5009784698486328,0.24003799259662628,0.6900115013122559,0.4780869781970978,0.5029354095458984,0.35231688618659973,0.35231688618659973,0.823839545249939,0.7696078419685364,0.4215686321258545,0.16824936866760254,0.6777070164680481,0.3823413550853729,0.41372549533843994,0.2912665903568268,0.2912665903568268,0.7708817720413208,0.7046123743057251,0.3493621051311493,0.11515496671199799,0.6713091731071472,0.3347565531730652,0.33071640133857727,0.245650514960289,0.245650514960289,0.7290209531784058,0.6728880405426025,0.308447927236557,0.07528554648160934,0.6525547504425049,0.301901251077652,0.28585460782051086,0.20907044410705566,0.20907044410705566,0.6947618722915649,0.6216748952865601,0.27093595266342163,0.04453476145863533,0.6450079083442688,0.3208325207233429,0.23940886557102203,0.18967078626155853,0.18967078626155853,0.6637676954269409,0.6084812879562378,0.2633136212825775,0.020175263285636902,0.6369529962539673,0.22871775925159454,0.22287967801094055,0.612460732460022,0.33455318212509155
05:43:39,228,1.146708607673645,0.7460648417472839,0.42193061113357544,1.0,0.8679667711257935,0.7230337262153625,0.3714887499809265,2.7254703044891357,0.7870984673500061,2e-05,8.36309588002041,0.3140622675418854,0.3140622675418854,0.7775111794471741,5.1103515625,0.7230337262153625,0.3714887499809265,0.6672494411468506,0.42193061113357544,3.1279296875,0.36446627974510193,0.3140622675418854,0.7325096726417542,0.0019118988420814276,0.0,0.9562975115280032,8.365597425028682,430.33388018760144,0.6042470932006836,0.6042470932006836,0.9593923091888428,0.951171875,0.662109375,0.3428880572319031,0.7032853960990906,0.439542293548584,0.66796875,0.428903728723526,0.428903728723526,0.8830277323722839,0.8600782752037048,0.5029354095458984,0.2418552041053772,0.6734926104545593,0.4515722692012787,0.49608609080314636,0.3175536096096039,0.3175536096096039,0.8121405243873596,0.76106196641922,0.38249754905700684,0.16668818891048431,0.657622754573822,0.4476257562637329,0.3844641149044037,0.26525017619132996,0.26525017619132996,0.7549242973327637,0.6958661675453186,0.3238188922405243,0.11273321509361267,0.6690240502357483,0.38901397585868835,0.31889763474464417,0.21812529861927032,0.21812529861927032,0.7095757126808167,0.6364532113075256,0.27192118763923645,0.07314828783273697,0.6532507538795471,0.32827088236808777,0.2620689570903778,0.19413603842258453,0.19413603842258453,0.6742414236068726,0.5877711772918701,0.2337278127670288,0.0432128831744194,0.6359060406684875,0.29043635725975037,0.22189348936080933,0.16634118556976318,0.16634118556976318,0.6464002728462219,0.5652173757553101,0.2193675935268402,0.019474225118756294,0.6555944085121155,0.32217180728912354,0.19565217196941376,0.6084020137786865,0.3140622675418854
05:43:48,229,1.018079400062561,0.6367572546005249,0.39681950211524963,1.0,0.872053861618042,0.7576480507850647,0.4054167866706848,2.871485710144043,0.7317819595336914,2e-05,8.174560677958652,0.3387460708618164,0.3387460708618164,0.798556387424469,5.4072265625,0.7576480507850647,0.4054167866706848,0.664752721786499,0.39681950211524963,3.2529296875,0.38282346725463867,0.3387460708618164,0.7149634957313538,0.001809343695640564,0.0,0.9783619744921567,8.17693267785944,440.2628885214705,0.6212182641029358,0.6212182641029358,0.9652573466300964,0.9697265625,0.6904296875,0.33550816774368286,0.7039275169372559,0.4215397238731384,0.6826171875,0.4618731737136841,0.4618731737136841,0.9002451300621033,0.8874755501747131,0.5313111543655396,0.24036026000976562,0.6802645921707153,0.4305811822414398,0.5215263962745667,0.34463703632354736,0.34463703632354736,0.8339855074882507,0.7982370257377625,0.4054848253726959,0.16821113228797913,0.65398770570755,0.4107489585876465,0.3917727768421173,0.28707608580589294,0.28707608580589294,0.7826753258705139,0.7242394685745239,0.3493621051311493,0.11507931351661682,0.6504064798355103,0.3684484362602234,0.318940132856369,0.2480321079492569,0.2480321079492569,0.738375186920166,0.6732283234596252,0.3238188922405243,0.07549954205751419,0.6608186960220337,0.2896074950695038,0.28740158677101135,0.2156800776720047,0.2156800776720047,0.700972855091095,0.6495558023452759,0.2872655391693115,0.04492098093032837,0.6261398196220398,0.3007654547691345,0.24876603484153748,0.1887766569852829,0.1887766569852829,0.6653990745544434,0.5974282622337341,0.24629080295562744,0.02042057178914547,0.6556291580200195,0.2084510326385498,0.2245301753282547,0.6038674116134644,0.3387460708618164
05:43:56,230,0.9838824272155762,0.6099420189857483,0.38780418038368225,1.0,0.873102605342865,0.7768805623054504,0.4163479208946228,2.9113595485687256,0.7087578773498535,2e-05,8.323392482008785,0.3530965745449066,0.3530965745449066,0.8106182813644409,5.531496047973633,0.7768805623054504,0.4163479208946228,0.6748723387718201,0.38780418038368225,3.303149700164795,0.39708173274993896,0.353096604347229,0.7056397795677185,0.0017101478297263384,0.0,0.9608842624377059,8.325664507923648,432.39791809696766,0.6232577562332153,0.6232577562332153,0.9661977887153625,0.9724409580230713,0.6742125749588013,0.3324601650238037,0.6943320035934448,0.42062294483184814,0.6742125749588013,0.4630962014198303,0.4630962014198303,0.9020206332206726,0.8884501457214355,0.526159942150116,0.23979774117469788,0.6777777671813965,0.42038142681121826,0.5202369093894958,0.3755630850791931,0.3755630850791931,0.8477063775062561,0.8001978397369385,0.4421364963054657,0.1693674474954605,0.7008652687072754,0.36867302656173706,0.42631056904792786,0.3110917806625366,0.3110917806625366,0.8003789186477661,0.7579365372657776,0.3819444477558136,0.11645781248807907,0.676701545715332,0.33882850408554077,0.3551587164402008,0.26717427372932434,0.26717427372932434,0.7546830773353577,0.7104477882385254,0.3373134434223175,0.07639522850513458,0.6792716979980469,0.31462955474853516,0.30049750208854675,0.2303624302148819,0.2303624302148819,0.7159407734870911,0.6802788972854614,0.29282867908477783,0.04522746801376343,0.6632503867149353,0.29614707827568054,0.27290835976600647,0.19670040905475616,0.19670040905475616,0.6843075156211853,0.6247504949569702,0.2554890215396881,0.02029412053525448,0.6118211150169373,0.3512469232082367,0.2255489081144333,0.6214408278465271,0.353096604347229
05:44:04,231,0.6566107273101807,0.40202435851097107,0.26082685589790344,1.0,0.9204043745994568,0.8073949217796326,0.5027414560317993,3.581094741821289,0.6560680866241455,2e-05,8.199565634829924,0.4417576491832733,0.4417576491832733,0.8398714661598206,5.873046875,0.8073949217796326,0.5027414560317993,0.740031361579895,0.26082685589790344,4.0576171875,0.4937438368797302,0.4417576491832733,0.647209644317627,0.001725152600556612,0.0,0.9753959865258952,8.201797127025202,438.92819393665286,0.686951220035553,0.686951220035553,0.9692674875259399,0.978515625,0.74609375,0.3084312975406647,0.7644710540771484,0.29600152373313904,0.7470703125,0.5511786341667175,0.5511786341667175,0.917145848274231,0.9041095972061157,0.6037182211875916,0.23350007832050323,0.75,0.2688397169113159,0.60665363073349,0.47373104095458984,0.47373104095458984,0.870086133480072,0.8527968525886536,0.5417075753211975,0.17305617034435272,0.7387802004814148,0.25409552454948425,0.534838080406189,0.40332961082458496,0.40332961082458496,0.8284391164779663,0.7814960479736328,0.4645669162273407,0.12434866279363632,0.735516369342804,0.2323140949010849,0.4635826647281647,0.3612203299999237,0.3612203299999237,0.7929765582084656,0.7354393005371094,0.42546889185905457,0.08475253731012344,0.7409396171569824,0.21135233342647552,0.4047383964061737,0.3207153379917145,0.3207153379917145,0.7615938782691956,0.7148514986038208,0.38118812441825867,0.05182753503322601,0.7160664796829224,0.20862296223640442,0.3673267364501953,0.29051142930984497,0.29051142930984497,0.7367156744003296,0.6808721423149109,0.3518334925174713,0.024083666503429413,0.7219796180725098,0.1984468549489975,0.32705649733543396,0.687955915927887,0.4417576491832733
05:44:12,232,1.0989998579025269,0.7112497091293335,0.4063337445259094,1.0,0.8744611144065857,0.7428790330886841,0.4016845226287842,2.767324924468994,1.1335201263427734,2e-05,8.287757090292871,0.3307165503501892,0.3307165503501892,0.793136715888977,5.228813648223877,0.7428790330886841,0.4016845226287842,0.6874871253967285,0.4063337445259094,3.308262825012207,0.39571210741996765,0.3307165503501892,0.7209588289260864,0.0015152127016335726,0.0,0.9650311618407208,8.289887742837891,434.26402282832436,0.6259169578552246,0.6259169578552246,0.9628283977508545,0.9618644118309021,0.694915235042572,0.34453195333480835,0.7180616855621338,0.4156876504421234,0.6906779408454895,0.459923654794693,0.459923654794693,0.8951544165611267,0.8755319118499756,0.5308510661125183,0.24396106600761414,0.7071688771247864,0.42809396982192993,0.5436170101165771,0.34888210892677307,0.34888210892677307,0.8232224583625793,0.7769476771354675,0.4194236993789673,0.1681440770626068,0.6703296899795532,0.40895703434944153,0.42049092054367065,0.276547908782959,0.276547908782959,0.7717655301094055,0.7138263583183289,0.3633440434932709,0.11243881285190582,0.6831831932067871,0.3651343286037445,0.350482314825058,0.22887137532234192,0.22887137532234192,0.730961263179779,0.6469321846961975,0.28632938861846924,0.07170109450817108,0.6705490946769714,0.3610477149486542,0.2884822487831116,0.19641780853271484,0.19641780853271484,0.6949314475059509,0.6252699494361877,0.27537795901298523,0.041210900992155075,0.6787564754486084,0.38740915060043335,0.25053995847702026,0.17042241990566254,0.17042241990566254,0.6675805449485779,0.5928338766098022,0.23344190418720245,0.018012041226029396,0.66300368309021,0.3634291887283325,0.21715526282787323,0.6202130913734436,0.3307165503501892
05:44:21,233,0.9028360843658447,0.578433096408844,0.3368988037109375,1.0,0.8938689231872559,0.7549501657485962,0.42297428846359253,3.1252944469451904,1.6256288290023804,2e-05,8.337351511931047,0.3698154389858246,0.3698154389858246,0.808513343334198,5.4208984375,0.7549501657485962,0.42297428846359253,0.69140625,0.3368988037109375,3.494140625,0.4172166883945465,0.3698154389858246,0.7014567255973816,0.0016436800360679626,0.0,0.9592896035318953,8.339504536008462,431.68032158935284,0.6453256607055664,0.6453256607055664,0.9679771661758423,0.9658203125,0.6884765625,0.3247072100639343,0.7148634791374207,0.3728618919849396,0.6904296875,0.4906958043575287,0.4906958043575287,0.905110239982605,0.8756121397018433,0.5543584823608398,0.23742540180683136,0.718120813369751,0.35678642988204956,0.5445641279220581,0.3798503279685974,0.3798503279685974,0.8425881862640381,0.791952908039093,0.4367026388645172,0.16989541053771973,0.6802973747253418,0.34601280093193054,0.4278704524040222,0.31912872195243835,0.31912872195243835,0.7914474010467529,0.7170923352241516,0.3781925439834595,0.11876365542411804,0.6972602605819702,0.2823219895362854,0.3624754548072815,0.28285548090934753,0.28285548090934753,0.7488313913345337,0.6847290396690369,0.32709360122680664,0.07933235168457031,0.6877697706222534,0.2513658404350281,0.3408867120742798,0.24800238013267517,0.24800238013267517,0.714287519454956,0.6436327695846558,0.300098717212677,0.04789469763636589,0.6656441688537598,0.25139909982681274,0.2912142276763916,0.21896807849407196,0.21896807849407196,0.6866166591644287,0.6023738980293274,0.27200791239738464,0.02198125422000885,0.6535303592681885,0.278648316860199,0.25914934277534485,0.6396138072013855,0.3698154389858246
05:44:29,234,0.8818986415863037,0.5510513186454773,0.34275156259536743,1.0,0.8910722136497498,0.7551192045211792,0.4333800971508026,3.1181490421295166,0.7448947429656982,2e-05,8.30434305104427,0.37268248200416565,0.37268248200416565,0.8021436929702759,5.4453125,0.7551192045211792,0.4333800971508026,0.6907503604888916,0.34275156259536743,3.5009765625,0.4138849973678589,0.37268248200416565,0.6941637992858887,0.0015466820914298296,0.0,0.9631060463909159,8.306458079023287,433.39772087591217,0.6247268319129944,0.6247268319129944,0.9628361463546753,0.9697265625,0.6728515625,0.3225172162055969,0.6858006119728088,0.41383296251296997,0.6650390625,0.49204695224761963,0.49204695224761963,0.8957324624061584,0.8825831413269043,0.5587084293365479,0.237264946103096,0.7150775790214539,0.3384608328342438,0.5508806109428406,0.39722949266433716,0.39722949266433716,0.8337087035179138,0.8001958727836609,0.47012731432914734,0.17078320682048798,0.702570378780365,0.3167038559913635,0.4495592415332794,0.3223154842853546,0.3223154842853546,0.7819421291351318,0.7225490212440491,0.38725489377975464,0.11954687535762787,0.6770691871643066,0.29132091999053955,0.3578431308269501,0.28872838616371155,0.28872838616371155,0.7434962391853333,0.6797642707824707,0.3428290784358978,0.07989680022001266,0.6820809245109558,0.24767261743545532,0.31532415747642517,0.25197941064834595,0.25197941064834595,0.7113146781921387,0.6360946893692017,0.317554235458374,0.0480121485888958,0.6961240172386169,0.2782960832118988,0.29289939999580383,0.2283562272787094,0.2283562272787094,0.6834344863891602,0.591493546962738,0.2809099853038788,0.021978706121444702,0.667224109172821,0.26549190282821655,0.2621167302131653,0.6341812014579773,0.37268248200416565
05:44:37,235,0.7459597587585449,0.46138572692871094,0.2928193211555481,1.0,0.9069856405258179,0.7864363789558411,0.4623701274394989,3.3707497119903564,1.189288854598999,2e-05,8.23780327825807,0.4064420461654663,0.4064420461654663,0.8268892168998718,5.6796875,0.7864363789558411,0.4623701274394989,0.7109444737434387,0.2928193211555481,3.7470703125,0.44903117418289185,0.4064420759677887,0.6720830202102661,0.0014877533540129662,0.0,0.9708845574420444,8.239908585092053,436.89805084892,0.653106153011322,0.653106153011322,0.9737412929534912,0.9765625,0.6953125,0.31258177757263184,0.7120000123977661,0.355907142162323,0.6953125,0.5086291432380676,0.5086291432380676,0.9184154868125916,0.8787878751754761,0.5698924660682678,0.23353610932826996,0.746384859085083,0.3068639636039734,0.5689149498939514,0.42491739988327026,0.42491739988327026,0.8562963008880615,0.8186274766921997,0.49215686321258545,0.171455517411232,0.7245509028434753,0.26661980152130127,0.4686274528503418,0.36417001485824585,0.36417001485824585,0.8112154603004456,0.7571288347244263,0.4237954914569855,0.12273897230625153,0.6987013220787048,0.25284913182258606,0.4129793643951416,0.32784503698349,0.32784503698349,0.7741549015045166,0.7287968397140503,0.3925049304962158,0.08381407707929611,0.6941813230514526,0.2165888249874115,0.36489152908325195,0.2915731370449066,0.2915731370449066,0.7395185828208923,0.6936758756637573,0.3428853750228882,0.0516526885330677,0.690883219242096,0.20043638348579407,0.33003953099250793,0.2710358798503876,0.2710358798503876,0.7120953798294067,0.6482213735580444,0.31620553135871887,0.02422088198363781,0.6981707215309143,0.16287969052791595,0.29841896891593933,0.6568483710289001,0.4064420759677887
05:44:46,236,1.3707419633865356,0.891518771648407,0.509943425655365,1.0,0.8402773141860962,0.7117003202438354,0.35900673270225525,2.465765953063965,1.465376377105713,2e-05,8.36195302894339,0.2856033742427826,0.2856033742427826,0.7666032314300537,4.884765625,0.7117003202438354,0.35900673270225525,0.6428148746490479,0.509943425655365,2.8505859375,0.3352974057197571,0.2856033742427826,0.7528507709503174,0.0016991219017654657,0.0,0.956448757891597,8.364274545805529,430.40194105121867,0.5671128630638123,0.5671128630638123,0.955727219581604,0.94921875,0.6279296875,0.35663560032844543,0.661522626876831,0.5496299862861633,0.6279296875,0.3908478319644928,0.3908478319644928,0.8771750330924988,0.8512719869613647,0.46966731548309326,0.24521641433238983,0.6505746841430664,0.5547658801078796,0.46086105704307556,0.29522645473480225,0.29522645473480225,0.8054620027542114,0.7441176176071167,0.37843137979507446,0.16498541831970215,0.6719367504119873,0.4699046015739441,0.3607843220233917,0.23557983338832855,0.23557983338832855,0.743855357170105,0.6728880405426025,0.32220038771629333,0.10838348418474197,0.6525547504425049,0.45724889636039734,0.2956778109073639,0.1946178674697876,0.1946178674697876,0.6953823566436768,0.6279527544975281,0.2608267664909363,0.0683150440454483,0.6191222667694092,0.41884493827819824,0.2303149551153183,0.16557098925113678,0.16557098925113678,0.6590073704719543,0.5822660326957703,0.2266009896993637,0.03921745717525482,0.626057505607605,0.36305615305900574,0.1940886676311493,0.14696261286735535,0.14696261286735535,0.6268439888954163,0.5508390665054321,0.22408686578273773,0.017246518284082413,0.5913978219032288,0.3641648590564728,0.17374135553836823,0.5737998485565186,0.2856033742427826
05:44:54,237,0.7607418298721313,0.4665665328502655,0.3025991916656494,1.0,0.9026378989219666,0.795674741268158,0.4739502966403961,3.356444835662842,0.7944167256355286,2e-05,8.319023757940158,0.4142037034034729,0.4142037034034729,0.8351661562919617,5.7548828125,0.795674741268158,0.4739502966403961,0.7184963226318359,0.3025991916656494,3.73828125,0.4540092647075653,0.41420379281044006,0.6664494872093201,0.0016836405266076326,0.0,0.9613855782302531,8.321323079057038,432.6235102036139,0.6821328997612,0.6821328997612,0.9770758152008057,0.9794921875,0.7294921875,0.3165363073348999,0.7457627058029175,0.32617291808128357,0.7294921875,0.5303174257278442,0.5303174257278442,0.9235801696777344,0.9000979661941528,0.5945152044296265,0.23573468625545502,0.7214363217353821,0.3287060558795929,0.5768854022026062,0.436348557472229,0.436348557472229,0.8697783350944519,0.8331697583198547,0.49852797389030457,0.17171545326709747,0.7196701765060425,0.30285537242889404,0.4730127453804016,0.37512630224227905,0.37512630224227905,0.8220771551132202,0.7681728601455688,0.4459725022315979,0.12164521962404251,0.7276214957237244,0.2593185603618622,0.4125736653804779,0.3255082666873932,0.3255082666873932,0.7810796499252319,0.7293307185173035,0.38484251499176025,0.0819171890616417,0.7300944924354553,0.25028714537620544,0.3671259880065918,0.28671297430992126,0.28671297430992126,0.7496211528778076,0.6828063130378723,0.3488142192363739,0.049627386033535004,0.6874095797538757,0.23754596710205078,0.31521740555763245,0.25934627652168274,0.25934627652168274,0.7204198837280273,0.6735904812812805,0.31157270073890686,0.022823728621006012,0.6813509464263916,0.24495486915111542,0.2997032701969147,0.6645948886871338,0.41420379281044006
05:45:02,238,1.1405200958251953,0.7405074834823608,0.42080071568489075,1.0,0.8691407442092896,0.7260716557502747,0.3862262964248657,2.7457027435302734,0.6849880814552307,2e-05,8.253919425886124,0.3160277307033539,0.3160277307033539,0.7885265350341797,5.1298828125,0.7260716557502747,0.3862262964248657,0.6645373702049255,0.42080071568489075,3.16015625,0.3613492548465729,0.3160277307033539,0.7321091890335083,0.001685508294031024,0.0,0.9689801450575439,8.25610312120989,436.04106527589477,0.6193097233772278,0.6193097233772278,0.966582715511322,0.962890625,0.6923828125,0.34440112113952637,0.7170385122299194,0.42453786730766296,0.6904296875,0.4321354925632477,0.4321354925632477,0.8937987685203552,0.8501468896865845,0.5112634897232056,0.24271316826343536,0.6820276379585266,0.4677221477031708,0.4887365400791168,0.3237282633781433,0.3237282633781433,0.8233938217163086,0.7472959756851196,0.39134711027145386,0.16707831621170044,0.6447368264198303,0.4276100993156433,0.3697148561477661,0.26271477341651917,0.26271477341651917,0.7672610878944397,0.6975369453430176,0.3408867120742798,0.11221858859062195,0.6822034120559692,0.3901008069515228,0.31527093052864075,0.21808920800685883,0.21808920800685883,0.7227890491485596,0.6499013900756836,0.2909270226955414,0.07218378037214279,0.613050103187561,0.3833079934120178,0.2495069056749344,0.18942055106163025,0.18942055106163025,0.6860763430595398,0.5998023748397827,0.2509881556034088,0.04232409968972206,0.6540362238883972,0.2887286841869354,0.2134387344121933,0.16248077154159546,0.16248077154159546,0.656757116317749,0.5711462497711182,0.22134387493133545,0.019080907106399536,0.6228373646736145,0.2860344350337982,0.197628453373909,0.6014297008514404,0.3160277307033539
05:45:10,239,0.7700937986373901,0.4802139699459076,0.2987557351589203,1.0,0.9076924324035645,0.7796705365180969,0.47303956747055054,3.330374002456665,0.794815182685852,2e-05,8.291797675192356,0.40480080246925354,0.40480080246925354,0.8147859573364258,5.640625,0.7796705365180969,0.47303956747055054,0.7181292772293091,0.2987557351589203,3.76171875,0.4461495280265808,0.4048008322715759,0.6733706593513489,0.0016358259599655867,0.0,0.9645587753897937,8.293947661994025,434.0514489254072,0.676321804523468,0.676321804523468,0.9647659063339233,0.9755859375,0.734375,0.3170050382614136,0.7527527809143066,0.3184552788734436,0.7353515625,0.5173146724700928,0.5173146724700928,0.8970384001731873,0.8922624588012695,0.6013712286949158,0.2351418137550354,0.7354555726051331,0.31996384263038635,0.585700273513794,0.4096851348876953,0.4096851348876953,0.842171311378479,0.8121927380561829,0.48180922865867615,0.17082969844341278,0.7070217728614807,0.3207108676433563,0.4631268382072449,0.3568664789199829,0.3568664789199829,0.7992595434188843,0.7472853064537048,0.4323790669441223,0.12129172682762146,0.7120211124420166,0.2537035346031189,0.3909180760383606,0.31211748719215393,0.31211748719215393,0.7638845443725586,0.7032641172409058,0.3649851679801941,0.08206697553396225,0.700421929359436,0.27398064732551575,0.33728981018066406,0.2947315573692322,0.2947315573692322,0.7306844592094421,0.6917740106582642,0.3706640303134918,0.05027896538376808,0.7106017470359802,0.19044119119644165,0.3151635229587555,0.2613869607448578,0.2613869607448578,0.7023237347602844,0.6309523582458496,0.3204365074634552,0.02338576875627041,0.6886792182922363,0.19659948348999023,0.289682537317276,0.6601773500442505,0.4048008322715759
05:45:19,240,0.8620296716690063,0.5319146513938904,0.3406342566013336,1.0,0.894770085811615,0.7845699787139893,0.4503934681415558,3.1707229614257812,0.7356501817703247,2e-05,8.252134872367606,0.3862132430076599,0.3862132430076599,0.8207979798316956,5.6279296875,0.7845699787139893,0.4503934681415558,0.7032061815261841,0.3406342566013336,3.572265625,0.42580100893974304,0.3862132430076599,0.6852306127548218,0.0016254368238151073,0.0,0.9691930118883609,8.254289807984605,436.1368553497624,0.6643003225326538,0.6643003225326538,0.967414379119873,0.974609375,0.716796875,0.32401221990585327,0.734468936920166,0.3546641170978546,0.7158203125,0.5062122344970703,0.5062122344970703,0.906726062297821,0.8963831663131714,0.5767350792884827,0.23794341087341309,0.7197383046150208,0.36739015579223633,0.567937433719635,0.40782430768013,0.40782430768013,0.8479965925216675,0.8393731713294983,0.4877570867538452,0.17075879871845245,0.7152858972549438,0.3423275053501129,0.46327129006385803,0.3386869430541992,0.3386869430541992,0.8076201677322388,0.7512291073799133,0.4051130712032318,0.11909506469964981,0.698952853679657,0.31751811504364014,0.37463125586509705,0.292914479970932,0.292914479970932,0.7704483270645142,0.7149901390075684,0.3540433943271637,0.07914777100086212,0.6896551847457886,0.2802961468696594,0.31459566950798035,0.2581857144832611,0.2581857144832611,0.7359426617622375,0.6633663177490234,0.31584158539772034,0.047445133328437805,0.6656716465950012,0.28155517578125,0.2772277295589447,0.22996872663497925,0.22996872663497925,0.7059529423713684,0.6474677324295044,0.2909632623195648,0.02159757912158966,0.6748466491699219,0.2826860845088959,0.26117178797721863,0.6457351446151733,0.3862132430076599
05:45:27,241,0.6732458472251892,0.4077931046485901,0.271950364112854,1.0,0.9139308333396912,0.8220910429954529,0.4948004484176636,3.5454249382019043,0.63348388671875,2e-05,8.388062373036519,0.4414635896682739,0.4414635896682739,0.8620485663414001,5.9755859375,0.8220910429954529,0.4948004484176636,0.7379487156867981,0.271950364112854,3.955078125,0.4820123612880707,0.4414635896682739,0.6472758650779724,0.0014882509130984545,0.0,0.9534962474041934,8.390174604021013,429.07331133188706,0.6980680227279663,0.6980680227279663,0.982455313205719,0.9794921875,0.7451171875,0.31070125102996826,0.7597208619117737,0.28982579708099365,0.744140625,0.5595769286155701,0.5595769286155701,0.9434437155723572,0.9117646813392639,0.6068627238273621,0.23438872396945953,0.7559139728546143,0.2955613434314728,0.5990195870399475,0.470618337392807,0.470618337392807,0.8948476910591125,0.8480392098426819,0.5274509787559509,0.17286717891693115,0.7595375776290894,0.24603162705898285,0.5215686559677124,0.3986266553401947,0.3986266553401947,0.8516802191734314,0.8084479570388794,0.4538310468196869,0.12346819043159485,0.7108141183853149,0.2819853127002716,0.43909627199172974,0.3549503684043884,0.3549503684043884,0.8175646662712097,0.759605884552002,0.4137931168079376,0.08377145975828171,0.7405966520309448,0.2210153341293335,0.3980295658111572,0.3184352219104767,0.3184352219104767,0.7858808040618896,0.7368941903114319,0.372898131608963,0.05114470422267914,0.7154362201690674,0.22255626320838928,0.34915924072265625,0.2855350077152252,0.2855350077152252,0.7558350563049316,0.7073412537574768,0.3392857015132904,0.023658495396375656,0.7096773982048035,0.2165008783340454,0.318452388048172,0.6873099207878113,0.4414635896682739
05:45:36,242,1.2820909023284912,0.8650627136230469,0.4458191394805908,1.0,0.8633934259414673,0.7001400589942932,0.3798319399356842,2.579010248184204,0.7418873310089111,2e-05,8.456463138805702,0.29757484793663025,0.29757484793663025,0.7421767115592957,4.7880859375,0.7001400589942932,0.3798319399356842,0.6675335168838501,0.4458191394805908,2.9560546875,0.353781521320343,0.29757484793663025,0.7464495897293091,0.0016128004062920809,0.0,0.9457596140123965,8.458809068892151,425.5918263055784,0.5765884518623352,0.5765884518623352,0.9351454377174377,0.9208984375,0.6484375,0.3480605483055115,0.6988335251808167,0.4838164150714874,0.6435546875,0.39691072702407837,0.39691072702407837,0.8344426155090332,0.8191593289375305,0.4809384047985077,0.2424350529909134,0.681384265422821,0.48144108057022095,0.47605082392692566,0.2969631552696228,0.2969631552696228,0.7633505463600159,0.7221134901046753,0.37866926193237305,0.1657678335905075,0.640921413898468,0.45686426758766174,0.3551858961582184,0.25040942430496216,0.25040942430496216,0.7163880467414856,0.6728697419166565,0.3398628830909729,0.11123925447463989,0.6666666865348816,0.3843345046043396,0.3026444613933563,0.21029262244701385,0.21029262244701385,0.6777997016906738,0.6123650670051575,0.3081452548503876,0.07159100472927094,0.6714743375778198,0.3092648386955261,0.2639842927455902,0.17859868705272675,0.17859868705272675,0.6455638408660889,0.5673549771308899,0.25565388798713684,0.0419691726565361,0.6585788726806641,0.32583752274513245,0.2182890921831131,0.17074023187160492,0.17074023187160492,0.6204391121864319,0.5838264226913452,0.24457593262195587,0.018937131389975548,0.6368243098258972,0.28027790784835815,0.21400395035743713,0.5919271111488342,0.29757484793663025
05:45:44,243,0.7932490110397339,0.5000444650650024,0.3027862012386322,1.0,0.9096174240112305,0.7876453399658203,0.46477097272872925,3.2961618900299072,0.9989383220672607,2e-05,8.465084057301283,0.39917951822280884,0.39917951822280884,0.8191015720367432,5.7236328125,0.7876453399658203,0.46477097272872925,0.7248799800872803,0.3027862012386322,3.7734375,0.45398515462875366,0.39917951822280884,0.6766197681427002,0.0015101442113518715,0.0,0.9448213857572975,8.467208850895986,425.1696235907839,0.6757304072380066,0.6757304072380066,0.963501513004303,0.962890625,0.7392578125,0.31949761509895325,0.7718052864074707,0.314856618642807,0.7431640625,0.5199052691459656,0.5199052691459656,0.9062650203704834,0.8719452619552612,0.5884652733802795,0.23660828173160553,0.7679372429847717,0.2974003255367279,0.6031280755996704,0.41518083214759827,0.41518083214759827,0.8510187268257141,0.8276199698448181,0.486777663230896,0.17118804156780243,0.7100591659545898,0.34415769577026367,0.47894221544265747,0.36080291867256165,0.36080291867256165,0.8035268187522888,0.7754902243614197,0.4362744987010956,0.12066172808408737,0.728192150592804,0.26661619544029236,0.4117647111415863,0.3067746162414551,0.3067746162414551,0.766990065574646,0.7396856546401978,0.3634577691555023,0.08078701049089432,0.6945551037788391,0.2793352007865906,0.3447937071323395,0.2711176872253418,0.2711176872253418,0.735555112361908,0.683382511138916,0.3303834795951843,0.048849403858184814,0.696402907371521,0.2360764890909195,0.3176007866859436,0.24211575090885162,0.24211575090885162,0.7052046656608582,0.6505905389785767,0.30610236525535583,0.022407984361052513,0.6762481331825256,0.2880571782588959,0.27559053897857666,0.6664960384368896,0.39917951822280884
05:45:52,244,1.2903176546096802,0.8372398018836975,0.47897231578826904,1.0,0.8521005511283875,0.7287825345993042,0.37044334411621094,2.580798625946045,1.2334619760513306,2e-05,8.473558777477592,0.30120646953582764,0.30120646953582764,0.791134238243103,5.1015625,0.7287825345993042,0.37044334411621094,0.6651216745376587,0.47897231578826904,3.0146484375,0.35200563073158264,0.30120649933815,0.7429941892623901,0.001805237028747797,0.0,0.9438181203408833,8.476209375075996,424.7181541533975,0.6048255562782288,0.6048255562782288,0.9613535404205322,0.958984375,0.6767578125,0.3556511402130127,0.7026476860046387,0.4762268662452698,0.673828125,0.4200001657009125,0.4200001657009125,0.8878876566886902,0.8638589382171631,0.49559256434440613,0.24682223796844482,0.6519274115562439,0.519697368144989,0.48285993933677673,0.3251246213912964,0.3251246213912964,0.8228495121002197,0.7605495452880859,0.3994112014770508,0.1668233871459961,0.6864516139030457,0.44320112466812134,0.3778213858604431,0.2508673369884491,0.2508673369884491,0.7691133618354797,0.6955664753913879,0.3182266056537628,0.10896670073270798,0.6728045344352722,0.4372968077659607,0.3064039349555969,0.19195030629634857,0.19195030629634857,0.7277312278747559,0.6442687511444092,0.2549407184123993,0.06750865280628204,0.6518405079841614,0.5096492171287537,0.2401185780763626,0.16782961785793304,0.16782961785793304,0.6982810497283936,0.6055500507354736,0.23686818778514862,0.03796229138970375,0.6513911485671997,0.4702868163585663,0.20614469051361084,0.1416761875152588,0.1416761875152588,0.6665530800819397,0.5671641826629639,0.20497512817382812,0.016265569254755974,0.6122807264328003,0.4396473467350006,0.17014925181865692,0.5984686613082886,0.30120649933815
05:46:01,245,0.8910187482833862,0.5540993809700012,0.3481407165527344,1.0,0.8893517255783081,0.7820566892623901,0.43447595834732056,3.0648064613342285,1.0862826108932495,2e-05,8.38933052844368,0.37238502502441406,0.37238502502441406,0.8245513439178467,5.5751953125,0.7820566892623901,0.43447595834732056,0.7036435604095459,0.3481407165527344,3.505859375,0.42615318298339844,0.37238502502441406,0.695240318775177,0.0016220950055867434,0.0,0.953340016659358,8.391549562802538,429.00300749671106,0.6391404867172241,0.6391404867172241,0.9690788984298706,0.9765625,0.69921875,0.3263111412525177,0.7080000042915344,0.39407259225845337,0.6923828125,0.4806827902793884,0.4806827902793884,0.9068502187728882,0.884313702583313,0.550000011920929,0.23805761337280273,0.7217295169830322,0.3634524345397949,0.5421568751335144,0.38726919889450073,0.38726919889450073,0.8531719446182251,0.8179134130477905,0.45472440123558044,0.17030741274356842,0.7039711475372314,0.34200990200042725,0.4458661377429962,0.33503270149230957,0.33503270149230957,0.8127307295799255,0.7583826184272766,0.400394469499588,0.11872951686382294,0.6970090866088867,0.28819701075553894,0.38461539149284363,0.2875176966190338,0.2875176966190338,0.7727736830711365,0.7029703259468079,0.3495049476623535,0.07857348769903183,0.6971830725669861,0.250792920589447,0.3326732814311981,0.2516448199748993,0.2516448199748993,0.7415127158164978,0.6812748908996582,0.2968127429485321,0.046861644834280014,0.6915204524993896,0.3012162744998932,0.30179283022880554,0.21860931813716888,0.21860931813716888,0.7112976312637329,0.6473526358604431,0.2837162911891937,0.021159227937459946,0.6990740895271301,0.2815493941307068,0.2767232656478882,0.6453536748886108,0.37238502502441406
05:46:09,246,0.6224766969680786,0.3874097466468811,0.24110400676727295,1.0,0.925115168094635,0.8010397553443909,0.5087817907333374,3.6680192947387695,0.8566707968711853,2e-05,8.347770103951916,0.4505162239074707,0.4505162239074707,0.8316901922225952,5.7802734375,0.8010397553443909,0.5087817907333374,0.7486405968666077,0.24110400676727295,4.080078125,0.49276381731033325,0.4505162537097931,0.6462298631668091,0.0017067808657884598,0.0,0.9580859792635827,8.349981288891286,431.13869066861224,0.6946741342544556,0.6946741342544556,0.9709157943725586,0.9736328125,0.744140625,0.3048189580440521,0.7642928957939148,0.2851608097553253,0.744140625,0.5555527806282043,0.5555527806282043,0.9185007214546204,0.9000979661941528,0.6219393014907837,0.23165296018123627,0.7725788950920105,0.25458669662475586,0.6170421242713928,0.4721946716308594,0.4721946716308594,0.865423321723938,0.8413320183753967,0.5377081036567688,0.1727059930562973,0.7671711444854736,0.23513445258140564,0.5298726558685303,0.41402769088745117,0.41402769088745117,0.8147856593132019,0.7836774587631226,0.4847590923309326,0.12520042061805725,0.7314931154251099,0.20179426670074463,0.4572271406650543,0.36591246724128723,0.36591246724128723,0.7768076658248901,0.7443237900733948,0.4313918948173523,0.08639837056398392,0.7413793206214905,0.19021636247634888,0.399802565574646,0.3383067548274994,0.3383067548274994,0.7480568885803223,0.6926877498626709,0.38735178112983704,0.05383222922682762,0.7346647381782532,0.15935984253883362,0.365612655878067,0.3087669014930725,0.3087669014930725,0.7244381308555603,0.667988121509552,0.3498513400554657,0.025391090661287308,0.7121661901473999,0.15228717029094696,0.3310208022594452,0.6948690414428711,0.4505162537097931
05:46:17,247,1.0654760599136353,0.6801716685295105,0.40369677543640137,1.0,0.8724921345710754,0.7433702945709229,0.4059211313724518,2.827906370162964,0.6898835897445679,2e-05,8.15782831190154,0.33552926778793335,0.33552926778793335,0.7826241254806519,5.1806640625,0.7433702945709229,0.4059211313724518,0.6812004446983337,0.40369677543640137,3.2001953125,0.3855759799480438,0.33552926778793335,0.7157207131385803,0.0017654739785939455,0.0,0.9803725348946262,8.160163320833817,441.16764070258176,0.6292933225631714,0.6292933225631714,0.9621003866195679,0.9716796875,0.7001953125,0.33837661147117615,0.709547758102417,0.4306865334510803,0.69140625,0.4471425712108612,0.4471425712108612,0.8915444612503052,0.8572825193405151,0.5298142433166504,0.2407209426164627,0.7058152556419373,0.433862566947937,0.5219941139221191,0.33744990825653076,0.33744990825653076,0.821938157081604,0.7747306823730469,0.40156710147857666,0.16733160614967346,0.6649810075759888,0.4240964353084564,0.3986288011074066,0.2751079797744751,0.2751079797744751,0.7610941529273987,0.6967615485191345,0.33464181423187256,0.11395402997732162,0.6521126627922058,0.3908078074455261,0.31599608063697815,0.2482120245695114,0.2482120245695114,0.71439129114151,0.6630541682243347,0.3290640413761139,0.07471556216478348,0.6671619415283203,0.28642165660858154,0.278817743062973,0.21657757461071014,0.21657757461071014,0.6800435781478882,0.6337611079216003,0.2912142276763916,0.04457369074225426,0.6915887594223022,0.2372501939535141,0.2546890377998352,0.19100190699100494,0.19100190699100494,0.6440479159355164,0.6027668118476868,0.2509881556034088,0.02032751776278019,0.6590163707733154,0.2573307454586029,0.23320157825946808,0.6159165501594543,0.33552926778793335
05:46:26,248,1.110805630683899,0.6833986639976501,0.44479843974113464,1.0,0.8597961664199829,0.7722883224487305,0.4114765524864197,2.790850877761841,1.1750210523605347,2e-05,8.231556887971237,0.3480251729488373,0.3480251729488373,0.8277704119682312,5.556640625,0.7722883224487305,0.4114765524864197,0.6721638441085815,0.44479843974113464,3.2294921875,0.39860042929649353,0.3480251431465149,0.7096049785614014,0.0016589891165494919,0.0,0.9715825389045575,8.2339890638832,437.2121425070508,0.6484142541885376,0.6484142541885376,0.9742237329483032,0.9794921875,0.70703125,0.3434513807296753,0.7158524394035339,0.4469060003757477,0.701171875,0.4855264723300934,0.4855264723300934,0.9193693399429321,0.890625,0.5537109375,0.2445756047964096,0.7039473652839661,0.44256991147994995,0.5458984375,0.3680962920188904,0.3680962920188904,0.8597658276557922,0.8113391995429993,0.4359726309776306,0.16869263350963593,0.6734939813613892,0.45163437724113464,0.432062566280365,0.2934311032295227,0.2934311032295227,0.8129223585128784,0.7580803036689758,0.35847207903862,0.11268728226423264,0.6589147448539734,0.46516838669776917,0.34867775440216064,0.2527462840080261,0.2527462840080261,0.7746259570121765,0.7163886427879333,0.32580962777137756,0.07167427241802216,0.6410958766937256,0.4181247055530548,0.3042198121547699,0.20500551164150238,0.20500551164150238,0.7408276200294495,0.6355599164962769,0.2593320310115814,0.04102322831749916,0.6445131301879883,0.41893765330314636,0.24754419922828674,0.18020154535770416,0.18020154535770416,0.710964024066925,0.6122047305107117,0.23720473051071167,0.017895525321364403,0.6350482106208801,0.4026951491832733,0.20767717063426971,0.6152499318122864,0.3480251431465149
05:46:34,249,1.1192221641540527,0.7224879264831543,0.417429119348526,1.0,0.8691720366477966,0.738359808921814,0.3893655836582184,2.7534823417663574,0.9875887036323547,2e-05,8.438724875217304,0.32140836119651794,0.32140836119651794,0.7748852372169495,5.037109375,0.738359808921814,0.3893655836582184,0.6566964983940125,0.417429119348526,3.1240234375,0.3722042441368103,0.32140836119651794,0.7272614240646362,0.0018237198237329721,0.0,0.9477421648307685,8.441114363027737,426.4839741738458,0.5895152688026428,0.5895152688026428,0.9433348178863525,0.9541015625,0.654296875,0.3395766615867615,0.6867963075637817,0.471727579832077,0.6552734375,0.4360068440437317,0.4360068440437317,0.8669490814208984,0.8512719869613647,0.5058708190917969,0.24113349616527557,0.6770114898681641,0.4158957898616791,0.4990215301513672,0.327088326215744,0.327088326215744,0.803433358669281,0.7674190402030945,0.39744848012924194,0.16752678155899048,0.6547314524650574,0.4424375295639038,0.3827281594276428,0.27416300773620605,0.27416300773620605,0.754173994064331,0.7004926204681396,0.3448275923728943,0.11405472457408905,0.6540084481239319,0.34495195746421814,0.33103448152542114,0.2380371391773224,0.2380371391773224,0.7157014012336731,0.6505429148674011,0.299111545085907,0.07439548522233963,0.6525037884712219,0.2959877848625183,0.28430405259132385,0.20123271644115448,0.20123271644115448,0.6823651194572449,0.6336633563041687,0.27128714323043823,0.04372860863804817,0.6234375238418579,0.32669124007225037,0.23663365840911865,0.17860281467437744,0.17860281467437744,0.654356837272644,0.6063618063926697,0.24751490354537964,0.019584236666560173,0.6245901584625244,0.30076295137405396,0.21073558926582336,0.5925309062004089,0.32140836119651794
05:46:42,250,1.1053986549377441,0.7047920823097229,0.4204976558685303,1.0,0.8698948621749878,0.7409951090812683,0.4063069522380829,2.776339054107666,1.1536004543304443,2e-05,8.350026882486418,0.3325088620185852,0.3325088620185852,0.7783123850822449,5.2041015625,0.7409951090812683,0.4063069522380829,0.687157154083252,0.4204976558685303,3.2177734375,0.38234058022499084,0.3325088620185852,0.7189173102378845,0.0015370442997664213,0.0,0.957839653992982,8.35212863306515,431.02784429684186,0.6227312684059143,0.6227312684059143,0.9593060612678528,0.966796875,0.67578125,0.34213653206825256,0.6949495077133179,0.44662928581237793,0.671875,0.4527258276939392,0.4527258276939392,0.8825321793556213,0.8581213355064392,0.5254403352737427,0.24290581047534943,0.7069555521011353,0.4301826059818268,0.523483395576477,0.34951072931289673,0.34951072931289673,0.8142949938774109,0.7855044007301331,0.43780606985092163,0.16811123490333557,0.6845386624336243,0.4285459518432617,0.4103819727897644,0.28310713171958923,0.28310713171958923,0.7550556659698486,0.7232580780982971,0.37487733364105225,0.11311804503202438,0.6824966073036194,0.3849641978740692,0.336604505777359,0.23994219303131104,0.23994219303131104,0.7159726619720459,0.6496565341949463,0.31501471996307373,0.07266958057880402,0.7024168968200684,0.3515098989009857,0.2875367999076843,0.20130042731761932,0.20130042731761932,0.676085889339447,0.6092519760131836,0.2726377844810486,0.04224324971437454,0.6785137057304382,0.35796990990638733,0.22834645211696625,0.17527499794960022,0.17527499794960022,0.6427071690559387,0.5917159914970398,0.23964497447013855,0.01881561242043972,0.6466666460037231,0.32728055119514465,0.21499013900756836,0.6213991045951843,0.3325088620185852
