time,step,loss,lk_loss,selector_loss,selector_loss_alpha,selector_accuracy,selector_coverage,acc,dflash/hard_label/expected_accepted_length,grad_norm,lr,perf/train_compute_time_s,dflash/hard_label/expected_acceptance,dflash/hard_label/unary_probability,dflash/hard_label/unary_top16_mass,dflash/hard_label/unary_top16_oracle_accepted_length,dflash/hard_label/unary_top16_recall,dflash/hard_label/unary_top1_accuracy,dflash2/selector/conditional_accuracy,dflash2/selector/loss,dflash2/selector/serving_accepted_length,dflash2/selector/serving_accuracy,expected_acceptance,objective/lk_kl_weight,perf/data_wait_time_s,perf/durable_ack_time_s,perf/global_samples_per_second,perf/optimizer_step_time_s,perf/optimizer_steps_per_hour,position_1/hard_label/expected_acceptance,position_1/hard_label/unary_probability,position_1/hard_label/unary_top16_mass,position_1/hard_label/unary_top16_recall,position_1/hard_label/unary_top1_accuracy,position_1/objective/loss_weight_share,position_1/selector/conditional_accuracy,position_1/selector/loss,position_1/selector/serving_accuracy,position_2/hard_label/expected_acceptance,position_2/hard_label/unary_probability,position_2/hard_label/unary_top16_mass,position_2/hard_label/unary_top16_recall,position_2/hard_label/unary_top1_accuracy,position_2/objective/loss_weight_share,position_2/selector/conditional_accuracy,position_2/selector/loss,position_2/selector/serving_accuracy,position_3/hard_label/expected_acceptance,position_3/hard_label/unary_probability,position_3/hard_label/unary_top16_mass,position_3/hard_label/unary_top16_recall,position_3/hard_label/unary_top1_accuracy,position_3/objective/loss_weight_share,position_3/selector/conditional_accuracy,position_3/selector/loss,position_3/selector/serving_accuracy,position_4/hard_label/expected_acceptance,position_4/hard_label/unary_probability,position_4/hard_label/unary_top16_mass,position_4/hard_label/unary_top16_recall,position_4/hard_label/unary_top1_accuracy,position_4/objective/loss_weight_share,position_4/selector/conditional_accuracy,position_4/selector/loss,position_4/selector/serving_accuracy,position_5/hard_label/expected_acceptance,position_5/hard_label/unary_probability,position_5/hard_label/unary_top16_mass,position_5/hard_label/unary_top16_recall,position_5/hard_label/unary_top1_accuracy,position_5/objective/loss_weight_share,position_5/selector/conditional_accuracy,position_5/selector/loss,position_5/selector/serving_accuracy,position_6/hard_label/expected_acceptance,position_6/hard_label/unary_probability,position_6/hard_label/unary_top16_mass,position_6/hard_label/unary_top16_recall,position_6/hard_label/unary_top1_accuracy,position_6/objective/loss_weight_share,position_6/selector/conditional_accuracy,position_6/selector/loss,position_6/selector/serving_accuracy,position_7/hard_label/expected_acceptance,position_7/hard_label/unary_probability,position_7/hard_label/unary_top16_mass,position_7/hard_label/unary_top16_recall,position_7/hard_label/unary_top1_accuracy,position_7/objective/loss_weight_share,position_7/selector/conditional_accuracy,position_7/selector/loss,position_7/selector/serving_accuracy,selector_target_probability,target_probability
10:39:45,1,0.7766910195350647,0.4768913984298706,0.30895093083381653,1.0,0.9057855010032654,0.7845613956451416,0.47200000286102295,3.3513216972351074,1.8092974424362183,3.3333333333333335e-05,16.23064504098147,0.4206382632255554,0.4206382632255554,0.9011359810829163,5.6513671875,0.7845613956451416,0.47200000286102295,0.7212880253791809,0.30895093083381653,3.7587890625,0.44785964488983154,0.4206382632255554,0.6599687933921814,0.3090403093956411,0.0,0.4836552934619972,16.540705970022827,217.64488205789874,0.6601446866989136,0.6601446866989136,0.9714621305465698,0.974609375,0.740234375,0.31299760937690735,0.7585170269012451,0.3292918801307678,0.7392578125,0.5166993141174316,0.5166993141174316,0.9487590193748474,0.8993157148361206,0.5640273690223694,0.23392103612422943,0.7010869383811951,0.3678736388683319,0.5620723366737366,0.4362916052341461,0.4362916052341461,0.9175574779510498,0.7978410124778748,0.4857703745365143,0.17165547609329224,0.7293972969055176,0.2886437177658081,0.4582924544811249,0.3803386986255646,0.3803386986255646,0.8954337239265442,0.7588582634925842,0.4301181137561798,0.12280880659818649,0.7081711888313293,0.28106793761253357,0.39960628747940063,0.35073933005332947,0.35073933005332947,0.8743070960044861,0.7172414064407349,0.3921182155609131,0.08372145146131516,0.7252747416496277,0.21628603339195251,0.35960590839385986,0.3156837522983551,0.3156837522983551,0.8568132519721985,0.69852215051651,0.36748769879341125,0.05122728645801544,0.7052186131477356,0.22258973121643066,0.32413792610168457,0.28139322996139526,0.28139322996139526,0.8424457907676697,0.6426455974578857,0.32082921266555786,0.023668386042118073,0.7112135291099548,0.2426491528749466,0.28825271129608154,0.6721499562263489,0.4206382632255554
10:39:54,2,0.9369330406188965,0.599700927734375,0.35030314326286316,1.0,0.89306640625,0.766605794429779,0.43589383363723755,3.0604052543640137,0.9619236588478088,5e-05,8.684127175947651,0.38028398156166077,0.38028398156166077,0.8745840787887573,5.4228515625,0.766605794429779,0.43589383363723755,0.7014105319976807,0.35030314326286316,3.4873046875,0.4100547730922699,0.38028398156166077,0.6959590911865234,0.0018547591753304005,0.0,0.9209543929499961,8.686640794854611,414.42947682749826,0.6249373555183411,0.6249373555183411,0.9608170986175537,0.9638671875,0.705078125,0.3231075406074524,0.7304964661598206,0.38234660029411316,0.7041015625,0.48357248306274414,0.48357248306274414,0.9279354214668274,0.8923678994178772,0.553816020488739,0.23649372160434723,0.6940789222717285,0.4094974398612976,0.5283757448196411,0.39031916856765747,0.39031916856765747,0.8953102231025696,0.7998037338256836,0.4494602680206299,0.16983886063098907,0.737423300743103,0.32909345626831055,0.42983317375183105,0.33849823474884033,0.33849823474884033,0.8674423098564148,0.7312992215156555,0.38877952098846436,0.11921634525060654,0.6958277225494385,0.29668739438056946,0.35334646701812744,0.29883912205696106,0.29883912205696106,0.8458694815635681,0.6857143044471741,0.34679803252220154,0.08008867502212524,0.6910919547080994,0.2529657185077667,0.3103448152542114,0.2740021347999573,0.2740021347999573,0.821986734867096,0.6594274640083313,0.3228035569190979,0.04872160777449608,0.6721556782722473,0.24475689232349396,0.2773938775062561,0.24833983182907104,0.24833983182907104,0.8011993169784546,0.6304348111152649,0.2806324064731598,0.022533345967531204,0.6692789793014526,0.2481801062822342,0.26284584403038025,0.6511189937591553,0.38028398156166077
10:40:02,3,0.8216667175292969,0.516809344291687,0.31516698002815247,1.0,0.9021179676055908,0.7847017645835876,0.4694736897945404,3.257854461669922,0.9389894604682922,6.666666666666667e-05,8.089141740929335,0.41646772623062134,0.41646772623062134,0.8906540274620056,5.6875,0.7847017645835876,0.4694736897945404,0.719549298286438,0.31516698002815247,3.744140625,0.4472982585430145,0.41646772623062134,0.666210412979126,0.0018252520821988583,0.0,0.9886863083461336,8.091545247938484,444.90883875576014,0.6537924408912659,0.6537924408912659,0.9649384617805481,0.9677734375,0.724609375,0.31756216287612915,0.7477295398712158,0.3397926092147827,0.7236328125,0.5344383120536804,0.5344383120536804,0.9416018128395081,0.8903036117553711,0.591576874256134,0.2365202158689499,0.7436743378639221,0.3195227384567261,0.5817825794219971,0.44604578614234924,0.44604578614234924,0.9124057292938232,0.8213935494422913,0.499509334564209,0.17210404574871063,0.7108721733093262,0.300642728805542,0.47988224029541016,0.3817698657512665,0.3817698657512665,0.887080729007721,0.7708947658538818,0.4336283206939697,0.12140268087387085,0.7295918464660645,0.2941063344478607,0.4080629348754883,0.33759599924087524,0.33759599924087524,0.8626630902290344,0.7165354490280151,0.3789370059967041,0.08131642639636993,0.7032967209815979,0.2823840379714966,0.3641732335090637,0.29865705966949463,0.29865705966949463,0.84117192029953,0.674876868724823,0.3487684726715088,0.048922013491392136,0.6978102326393127,0.29176631569862366,0.30344828963279724,0.2598940134048462,0.2598940134048462,0.8235739469528198,0.6485686302185059,0.30602172017097473,0.02217242680490017,0.6834094524383545,0.30081892013549805,0.26653504371643066,0.673280656337738,0.41646772623062134
10:40:10,4,1.1462546586990356,0.726919949054718,0.43963852524757385,1.0,0.8617398142814636,0.7571669220924377,0.39966273307800293,2.724268674850464,0.9029199481010437,8.333333333333334e-05,7.989144550636411,0.34283024072647095,0.34283024072647095,0.8727141618728638,5.3203125,0.7571669220924377,0.39966273307800293,0.6818856596946716,0.43963852524757385,3.1669921875,0.3743676245212555,0.34283024072647095,0.7116466760635376,0.0016837590374052525,0.0,1.0010833947423667,7.991342221852392,450.48752763406503,0.6099280118942261,0.6099280118942261,0.9554114937782288,0.966796875,0.6845703125,0.3421071767807007,0.7080808281898499,0.446756511926651,0.6845703125,0.45988228917121887,0.45988228917121887,0.9215887188911438,0.8659490942955017,0.5264188051223755,0.2430730164051056,0.698305070400238,0.4661645293235779,0.5185909867286682,0.37399324774742126,0.37399324774742126,0.8970754146575928,0.8055009841918945,0.44007858633995056,0.1683645099401474,0.6829268336296082,0.44240036606788635,0.40569743514060974,0.29149705171585083,0.29149705171585083,0.8691431879997253,0.719763994216919,0.3461160361766815,0.11322983354330063,0.6598360538482666,0.4298389256000519,0.3126843571662903,0.25656092166900635,0.25656092166900635,0.8435527682304382,0.6910167932510376,0.3089832067489624,0.07257731258869171,0.6899999976158142,0.3727257549762726,0.2714708745479584,0.2143455445766449,0.2143455445766449,0.8206681609153748,0.6343873739242554,0.25,0.042050763964653015,0.6666666865348816,0.39416560530662537,0.22826087474822998,0.18913094699382782,0.18913094699382782,0.7998536825180054,0.6128712892532349,0.23663365840911865,0.018597472459077835,0.6478190422058105,0.3386681079864502,0.19405940175056458,0.627265453338623,0.34283024072647095
10:40:19,5,0.9120606780052185,0.5748714804649353,0.350369393825531,1.0,0.8909568190574646,0.7651782035827637,0.437949001789093,3.076319694519043,1.237923264503479,0.0001,8.253738185158,0.3822892904281616,0.3822892904281616,0.8692657351493835,5.3779296875,0.7651782035827637,0.437949001789093,0.6920102834701538,0.350369393825531,3.48046875,0.4154106080532074,0.3822892904281616,0.6879580020904541,0.0017021403182297945,0.0,0.9689948118747359,8.255978155881166,436.04766534363114,0.6211010813713074,0.6211010813713074,0.9621647596359253,0.9677734375,0.7021484375,0.32205119729042053,0.7144298553466797,0.3926990330219269,0.69140625,0.4772147834300995,0.4772147834300995,0.9271882772445679,0.8684985041618347,0.5338567495346069,0.2360503375530243,0.697175145149231,0.39055100083351135,0.5377821326255798,0.3946264386177063,0.3946264386177063,0.8943989872932434,0.7962598204612732,0.43897637724876404,0.17016197741031647,0.6798516511917114,0.3523460030555725,0.42322835326194763,0.3454614281654358,0.3454614281654358,0.8640056252479553,0.7235932946205139,0.4086870551109314,0.11986837536096573,0.7094133496284485,0.277662456035614,0.3721618950366974,0.30292361974716187,0.30292361974716187,0.8342880606651306,0.6864490509033203,0.3521265983581543,0.08055528253316879,0.6685879230499268,0.25452035665512085,0.32245302200317383,0.28017839789390564,0.28017839789390564,0.809928297996521,0.6706231236457825,0.32245302200317383,0.04889434576034546,0.6873156428337097,0.230472132563591,0.29080119729042053,0.2499237209558487,0.2499237209558487,0.7906529307365417,0.6388059854507446,0.3024875521659851,0.022418497130274773,0.6760124564170837,0.26261448860168457,0.26467663049697876,0.6418750286102295,0.3822892904281616
10:40:27,6,0.7749891877174377,0.49245938658714294,0.29215767979621887,1.0,0.9092828035354614,0.77182936668396,0.4718007445335388,3.345036268234253,1.8348041772842407,0.00011666666666666668,7.985421902267262,0.41998744010925293,0.41998744010925293,0.8657087683677673,5.512922286987305,0.77182936668396,0.4718007445335388,0.7227373719215393,0.29215767979621887,3.7455267906188965,0.44417405128479004,0.41998741030693054,0.6662683486938477,0.0017020644154399633,0.0,1.0015521437887658,7.987602093024179,450.6984647049446,0.6497716307640076,0.6497716307640076,0.9653981924057007,0.9642146825790405,0.7087475061416626,0.3119776248931885,0.7329896688461304,0.3431611955165863,0.7067594528198242,0.5162994861602783,0.5162994861602783,0.9290689826011658,0.8784860372543335,0.5846613645553589,0.23323146998882294,0.7233560085296631,0.32510849833488464,0.554780900478363,0.43121105432510376,0.43121105432510376,0.8940397500991821,0.8009999990463257,0.4779999852180481,0.1713249236345291,0.732833981513977,0.2951556146144867,0.4569999873638153,0.3775753378868103,0.3775753378868103,0.8564595580101013,0.7447447180747986,0.4234234094619751,0.12294416129589081,0.7217742204666138,0.23857253789901733,0.39039039611816406,0.3504165709018707,0.3504165709018707,0.8252254724502563,0.6974874138832092,0.4050251245498657,0.08417525887489319,0.7247838377952576,0.18427778780460358,0.352763831615448,0.3200114965438843,0.3200114965438843,0.8025996088981628,0.6824596524238586,0.36491936445236206,0.051995184272527695,0.7267355918884277,0.1592940092086792,0.3296371102333069,0.2903762757778168,0.2903762757778168,0.7847924828529358,0.6303030252456665,0.3333333432674408,0.02435140311717987,0.6875,0.20126591622829437,0.31313130259513855,0.6799762845039368,0.41998741030693054
10:40:34,7,0.8153505325317383,0.5180313587188721,0.30817076563835144,1.0,0.9060207605361938,0.7680672407150269,0.456582635641098,3.272906541824341,0.790238082408905,0.00013333333333333334,7.873864328023046,0.3974241018295288,0.3974241018295288,0.8288719654083252,5.50390625,0.7680672407150269,0.456582635641098,0.7137126326560974,0.30817076563835144,3.6826171875,0.44467785954475403,0.3974241018295288,0.6782400012016296,0.0017027275171130896,0.0,1.015731663928913,7.876095906132832,457.07924876801076,0.6590015292167664,0.6590015292167664,0.962486207485199,0.96875,0.7265625,0.3190150558948517,0.7419354915618896,0.34572967886924744,0.71875,0.5143200159072876,0.5143200159072876,0.9109569191932678,0.890518069267273,0.5786901116371155,0.23651349544525146,0.7387486100196838,0.3323152959346771,0.5826001763343811,0.43086928129196167,0.43086928129196167,0.862131655216217,0.8158667683601379,0.49853086471557617,0.17148810625076294,0.7334933876991272,0.2849615812301636,0.49167484045028687,0.3566669821739197,0.3566669821739197,0.8172945380210876,0.7477919459342957,0.41707557439804077,0.12064831703901291,0.7244094610214233,0.25913482904434204,0.4052993059158325,0.3035585582256317,0.3035585582256317,0.7774401903152466,0.6967615485191345,0.35721296072006226,0.0808396190404892,0.685915470123291,0.2613641023635864,0.3493621051311493,0.273992121219635,0.273992121219635,0.7482709884643555,0.6519173979759216,0.3284169137477875,0.04896127060055733,0.6636500954627991,0.24668940901756287,0.3048180937767029,0.24120329320430756,0.24120329320430756,0.7221130132675171,0.602753221988678,0.28711897134780884,0.022534204646945,0.6769983768463135,0.230002298951149,0.2576204538345337,0.6614736318588257,0.3974241018295288
10:40:42,8,1.097095251083374,0.7046602964401245,0.4125320017337799,1.0,0.8713290095329285,0.7381889820098877,0.4001687169075012,2.7550694942474365,2.421941041946411,0.00015000000000000001,7.875554020982236,0.32662487030029297,0.32662487030029297,0.7675167918205261,5.0771484375,0.7381889820098877,0.4001687169075012,0.6693333387374878,0.4125320017337799,3.1396484375,0.3752812147140503,0.32662487030029297,0.72505784034729,0.0016175115015357733,0.0,1.0155319945512673,7.877644469030201,456.9893975480703,0.574009120464325,0.574009120464325,0.9326972365379333,0.953125,0.6513671875,0.33580490946769714,0.6772540807723999,0.47637319564819336,0.6455078125,0.433061420917511,0.433061420917511,0.8571181297302246,0.8522505164146423,0.5088062882423401,0.2395871877670288,0.684270977973938,0.4297803044319153,0.5039138793945312,0.3360631763935089,0.3360631763935089,0.7953747510910034,0.7654563188552856,0.4141314923763275,0.1678379774093628,0.678205132484436,0.4082150161266327,0.3866535723209381,0.280574768781662,0.280574768781662,0.7468882203102112,0.7073891758918762,0.3566502332687378,0.11517912149429321,0.6657381653785706,0.3398091197013855,0.3221674859523773,0.24356238543987274,0.24356238543987274,0.7144500017166138,0.6367226243019104,0.3089832067489624,0.07578269392251968,0.6775193810462952,0.29123058915138245,0.28035539388656616,0.21675005555152893,0.21675005555152893,0.6759350895881653,0.6405940651893616,0.28217822313308716,0.045216139405965805,0.6383307576179504,0.2915686070919037,0.25346535444259644,0.19792243838310242,0.19792243838310242,0.646692156791687,0.6075322031974792,0.27452924847602844,0.020591976121068,0.6525285243988037,0.2574070394039154,0.22993062436580658,0.6047991514205933,0.32662487030029297
10:40:50,9,1.089491605758667,0.6816098093986511,0.4261140823364258,1.0,0.8680987358093262,0.7467021942138672,0.3993825316429138,2.789121389389038,1.0673748254776,0.0001666666666666667,7.838010957930237,0.3291546702384949,0.3291546702384949,0.7709832787513733,5.248046875,0.7467021942138672,0.3993825316429138,0.6651005744934082,0.4261140823364258,3.1884765625,0.3742632567882538,0.32915470004081726,0.7218723297119141,0.0017032360192388296,0.0,1.0203762304060848,7.840245354222134,459.1693036827382,0.5954335331916809,0.5954335331916809,0.9477969408035278,0.96484375,0.671875,0.33630043268203735,0.6862348318099976,0.46139177680015564,0.662109375,0.4316938519477844,0.4316938519477844,0.8743666410446167,0.8475073575973511,0.5043988227844238,0.2399161458015442,0.668973445892334,0.4359959363937378,0.48875856399536133,0.33436524868011475,0.33436524868011475,0.8063868880271912,0.7857142686843872,0.39823874831199646,0.16808781027793884,0.6388543248176575,0.4491257667541504,0.3855185806751251,0.28373292088508606,0.28373292088508606,0.7482811212539673,0.7207472920417786,0.33923304080963135,0.11531519889831543,0.6780354976654053,0.3619689345359802,0.33529990911483765,0.25091204047203064,0.25091204047203064,0.7045244574546814,0.6709359884262085,0.32413792610168457,0.0755939707159996,0.6725403666496277,0.3229777216911316,0.2847290635108948,0.21186749637126923,0.21186749637126923,0.6702896356582642,0.6426455974578857,0.2872655391693115,0.04464602470397949,0.6482334733009338,0.3925449550151825,0.23889437317848206,0.19232654571533203,0.19232654571533203,0.6420758962631226,0.5909090638160706,0.2667984068393707,0.02014034055173397,0.6538461446762085,0.32134339213371277,0.22035573422908783,0.6063982844352722,0.32915470004081726
10:40:58,10,1.0269402265548706,0.6544957756996155,0.3884934186935425,1.0,0.8784404397010803,0.7578770518302917,0.40344488620758057,2.846351146697998,1.5155853033065796,0.00018333333333333334,8.019801330985501,0.33378103375434875,0.33378103375434875,0.7678676843643188,5.3740234375,0.7578770518302917,0.40344488620758057,0.6799704432487488,0.3884934186935425,3.32421875,0.3891611695289612,0.33378103375434875,0.7171370983123779,0.0014104219153523445,0.0,0.9972939046986917,8.021707504987717,448.78225711441127,0.6254129409790039,0.6254129409790039,0.9587061405181885,0.966796875,0.7021484375,0.33778372406959534,0.7181817889213562,0.4094376564025879,0.6943359375,0.4547862112522125,0.4547862112522125,0.8847903609275818,0.878669261932373,0.5469667315483093,0.2413841187953949,0.7004454135894775,0.42255836725234985,0.523483395576477,0.3505094349384308,0.3505094349384308,0.8136196136474609,0.7915851473808289,0.4187867045402527,0.16873733699321747,0.6885043382644653,0.3721889555454254,0.408023476600647,0.289704829454422,0.289704829454422,0.749489963054657,0.7228207588195801,0.3672869801521301,0.11495509743690491,0.6761517524719238,0.3304462432861328,0.34280118346214294,0.2414807230234146,0.2414807230234146,0.6962060332298279,0.6849852800369263,0.3042198121547699,0.07449284195899963,0.6747850775718689,0.31620195508003235,0.30323848128318787,0.19966575503349304,0.19966575503349304,0.6539936065673828,0.6519173979759216,0.25565388798713684,0.043443676084280014,0.6591252088546753,0.3582749664783478,0.2458210438489914,0.17241905629634857,0.17241905629634857,0.6162192225456238,0.6062992215156555,0.2263779491186142,0.01920321397483349,0.6103895902633667,0.3977939486503601,0.2037401646375656,0.6190935373306274,0.33378103375434875
10:41:06,11,0.9111101627349854,0.55931556224823,0.3641931712627411,1.0,0.8894236087799072,0.7724905014038086,0.4379839599132538,3.078779697418213,1.6422653198242188,0.0002,7.86698239762336,0.3724307417869568,0.3724307417869568,0.8078675270080566,5.546875,0.7724905014038086,0.4379839599132538,0.7049389481544495,0.3641931712627411,3.48046875,0.4279881715774536,0.3724307417869568,0.6943556666374207,0.0018846867606043816,0.0,1.0166032104087432,7.869343631900847,457.4714446839344,0.6442306041717529,0.6442306041717529,0.9762735962867737,0.974609375,0.712890625,0.32663384079933167,0.7214428782463074,0.4011075496673584,0.703125,0.49550268054008484,0.49550268054008484,0.9242093563079834,0.8806262016296387,0.5606653690338135,0.23869656026363373,0.7177777886390686,0.3763974606990814,0.5665361881256104,0.3993286192417145,0.3993286192417145,0.8545670509338379,0.8192534446716309,0.4715127646923065,0.17044445872306824,0.6894484162330627,0.36812523007392883,0.44302552938461304,0.3290703296661377,0.3290703296661377,0.7903748154640198,0.7433366179466248,0.399802565574646,0.1182904839515686,0.7237715721130371,0.3031885325908661,0.3810463845729828,0.28266945481300354,0.28266945481300354,0.7407582402229309,0.7002967596054077,0.3541048467159271,0.07817097008228302,0.7076271176338196,0.29582369327545166,0.34223541617393494,0.23737671971321106,0.23737671971321106,0.7012173533439636,0.6547619104385376,0.289682537317276,0.0466163344681263,0.6727272868156433,0.3087485432624817,0.2946428656578064,0.2128702849149704,0.2128702849149704,0.6630632281303406,0.6295928359031677,0.27110227942466736,0.021147342398762703,0.6892744302749634,0.30726367235183716,0.25918570160865784,0.6428297758102417,0.3724307417869568
10:41:14,12,1.163193702697754,0.732390284538269,0.45214760303497314,1.0,0.8580458164215088,0.7465541362762451,0.3915611803531647,2.7166662216186523,1.9969121217727661,0.0002,7.904054484330118,0.31750547885894775,0.31750547885894775,0.7603474259376526,5.2041015625,0.7465541362762451,0.3915611803531647,0.6541070342063904,0.45214760303497314,3.0615234375,0.36526018381118774,0.31750547885894775,0.7289910912513733,0.0017330320551991463,0.0,1.0118524959924227,7.906290720915422,455.33362319659017,0.6091345548629761,0.6091345548629761,0.9647732973098755,0.9658203125,0.6650390625,0.34397923946380615,0.6885743141174316,0.48451754450798035,0.6650390625,0.4297714829444885,0.4297714829444885,0.8871036767959595,0.8628795146942139,0.5093045830726624,0.24222728610038757,0.6662883162498474,0.4949861764907837,0.4857982397079468,0.33103856444358826,0.33103856444358826,0.8088946342468262,0.7799606919288635,0.39390963315963745,0.167006716132164,0.6549118161201477,0.4501058757305145,0.3801571726799011,0.2663697302341461,0.2663697302341461,0.7438672184944153,0.719763994216919,0.3490658700466156,0.11243265867233276,0.6693989038467407,0.3785977065563202,0.31071779131889343,0.21911829710006714,0.21911829710006714,0.6845207214355469,0.6706114411354065,0.3086785078048706,0.07249409705400467,0.6205882430076599,0.38921058177948,0.25147929787635803,0.19319309294223785,0.19319309294223785,0.6366956233978271,0.6188119053840637,0.26336634159088135,0.04267782345414162,0.6240000128746033,0.28809884190559387,0.23762376606464386,0.16869492828845978,0.16869492828845978,0.5917249917984009,0.6033797264099121,0.24652087688446045,0.01918216608464718,0.6293245553970337,0.32270580530166626,0.22067594528198242,0.6012676954269409,0.31750547885894775
10:41:22,13,0.863897442817688,0.5331287384033203,0.3423190712928772,1.0,0.8908343315124512,0.7758182883262634,0.4434255063533783,3.1805734634399414,1.688004732131958,0.0002,8.152367455186322,0.3828182518482208,0.3828182518482208,0.7891408205032349,5.56640625,0.7758182883262634,0.4434255063533783,0.699036180973053,0.3423190712928772,3.478515625,0.41393905878067017,0.3828182518482208,0.6852457523345947,0.001744287321344018,0.0,0.9810307890087364,8.154687997186556,441.4638550539314,0.6520134210586548,0.6520134210586548,0.9680728316307068,0.9658203125,0.703125,0.32210004329681396,0.7209302186965942,0.38990724086761475,0.6962890625,0.49582138657569885,0.49582138657569885,0.9044725894927979,0.8812561631202698,0.5554465055465698,0.23667043447494507,0.7026726007461548,0.36186307668685913,0.5250245332717896,0.40223807096481323,0.40223807096481323,0.8290680050849915,0.81083744764328,0.467980295419693,0.1705343872308731,0.6780073046684265,0.33399710059165955,0.4197044372558594,0.3404388427734375,0.3404388427734375,0.7680241465568542,0.7356435656547546,0.4039604067802429,0.11978328973054886,0.7079407572746277,0.2853315472602844,0.37920790910720825,0.29072102904319763,0.29072102904319763,0.7216317653656006,0.6848364472389221,0.3528245687484741,0.08023586869239807,0.6903039216995239,0.2555641233921051,0.3171456754207611,0.26040270924568176,0.26040270924568176,0.6808537244796753,0.6871896982192993,0.32770606875419617,0.04846150055527687,0.6965317726135254,0.2770214378833771,0.28500497341156006,0.23190657794475555,0.23190657794475555,0.6469236016273499,0.6603585481643677,0.2868525981903076,0.02221451885998249,0.6892911195755005,0.23851622641086578,0.2689242959022522,0.6556525230407715,0.3828182518482208
10:41:30,14,1.1480786800384521,0.7272046804428101,0.4412597417831421,1.0,0.8664525747299194,0.7406939268112183,0.3889591097831726,2.736887216567993,0.9265236854553223,0.0002,7.892285608453676,0.31585589051246643,0.31585589051246643,0.7404001355171204,5.2373046875,0.7406939268112183,0.3889591097831726,0.667172372341156,0.4412597417831421,3.1494140625,0.37168142199516296,0.31585586071014404,0.7304811477661133,0.001700481865555048,0.0,1.0133503412738634,7.894604337867349,456.0076535732385,0.608181357383728,0.608181357383728,0.9586750268936157,0.94921875,0.66015625,0.3439672887325287,0.6954732537269592,0.4654127061367035,0.66015625,0.44086894392967224,0.44086894392967224,0.8699477314949036,0.8607842922210693,0.5245097875595093,0.24308529496192932,0.6890660524368286,0.4627993404865265,0.49705880880355835,0.33191657066345215,0.33191657066345215,0.7841411232948303,0.7870461344718933,0.40333661437034607,0.1677285134792328,0.665835440158844,0.4401582181453705,0.39744848012924194,0.26674848794937134,0.26674848794937134,0.7110549211502075,0.7190569639205933,0.3536345660686493,0.11266067624092102,0.6721311211585999,0.4001905024051666,0.3290766179561615,0.2148658037185669,0.2148658037185669,0.6573327779769897,0.665354311466217,0.2893700897693634,0.07209578156471252,0.6464496850967407,0.40718546509742737,0.27066928148269653,0.18488532304763794,0.18488532304763794,0.6177725195884705,0.626850962638855,0.263573557138443,0.04187619313597679,0.6393700838088989,0.35367780923843384,0.23395854234695435,0.15931472182273865,0.15931472182273865,0.5801108479499817,0.572844386100769,0.22398413717746735,0.01858622021973133,0.6366782188415527,0.2632049024105072,0.20911793410778046,0.6033388376235962,0.31585586071014404
10:41:38,15,1.1262682676315308,0.7149479985237122,0.4301927387714386,1.0,0.8637206554412842,0.7406784296035767,0.3882814645767212,2.7384161949157715,1.7883708477020264,0.0002,8.01384913478978,0.31272801756858826,0.31272801756858826,0.726839542388916,5.205078125,0.7406784296035767,0.3882814645767212,0.6644587516784668,0.4301927387714386,3.1484375,0.37440425157546997,0.31272801756858826,0.734565258026123,0.001665147254243493,0.0,0.9980012084371059,8.016022357856855,449.10054379669765,0.6181147694587708,0.6181147694587708,0.9588225483894348,0.9716796875,0.6796875,0.3446384072303772,0.6994974613189697,0.4430587589740753,0.6796875,0.42354142665863037,0.42354142665863037,0.8613515496253967,0.8707149624824524,0.49069538712501526,0.24258975684642792,0.6614173054695129,0.48546814918518066,0.49559256434440613,0.3269161880016327,0.3269161880016327,0.7679598927497864,0.7921568751335144,0.40784314274787903,0.16727378964424133,0.6646039485931396,0.43677741289138794,0.4009803831577301,0.26490598917007446,0.26490598917007446,0.6927893757820129,0.725220799446106,0.35721296072006226,0.11251121759414673,0.672530472278595,0.3505527377128601,0.344455361366272,0.21139933168888092,0.21139933168888092,0.641343355178833,0.6460176706314087,0.285152405500412,0.07216189801692963,0.6362252831459045,0.37588661909103394,0.2694198489189148,0.18377093970775604,0.18377093970775604,0.5985962152481079,0.6106194853782654,0.2586037218570709,0.04209185019135475,0.6441223621368408,0.3213151693344116,0.22320550680160522,0.15780960023403168,0.15780960023403168,0.5646746158599854,0.5659449100494385,0.23622047901153564,0.018733132630586624,0.6521739363670349,0.3079037666320801,0.20472441613674164,0.6029092073440552,0.31272801756858826
10:41:46,16,0.8308702111244202,0.5142210125923157,0.32678860425949097,1.0,0.897150993347168,0.776809573173523,0.4453970491886139,3.179055690765381,2.519258499145508,0.0002,7.963248173939064,0.3783285617828369,0.3783285617828369,0.7604634761810303,5.6259765625,0.776809573173523,0.4453970491886139,0.6998371481895447,0.32678860425949097,3.61328125,0.43499648571014404,0.3783285617828369,0.6891381740570068,0.001753772608935833,0.0,1.0043240324860716,7.965556674171239,451.94581461873224,0.6533787250518799,0.6533787250518799,0.9647819399833679,0.9677734375,0.7021484375,0.3217541575431824,0.7255297899246216,0.3664964437484741,0.7021484375,0.4877832233905792,0.4877832233905792,0.8790236711502075,0.8894324898719788,0.5675146579742432,0.23663273453712463,0.7018702030181885,0.349869966506958,0.5508806109428406,0.39510080218315125,0.39510080218315125,0.7935997247695923,0.8098039031028748,0.46568626165390015,0.1708265244960785,0.6997578740119934,0.2879246771335602,0.45686274766921997,0.33957815170288086,0.33957815170288086,0.7340347170829773,0.7549212574958801,0.42322835326194763,0.12009424716234207,0.7183833122253418,0.28818491101264954,0.4015747904777527,0.29219648241996765,0.29219648241996765,0.6864171028137207,0.726554811000824,0.36623889207839966,0.08027014136314392,0.7024456262588501,0.291493684053421,0.36229023337364197,0.25489211082458496,0.25489211082458496,0.647661030292511,0.6617210507392883,0.31651830673217773,0.04834951460361481,0.6711509823799133,0.24272893369197845,0.3026706278324127,0.2205432504415512,0.2205432504415512,0.6135002374649048,0.623389482498169,0.27155598998069763,0.022072667255997658,0.6613672375679016,0.2971554398536682,0.2636273503303528,0.6398120522499084,0.3783285617828369
10:41:54,17,0.8759480118751526,0.5332015156745911,0.35331571102142334,1.0,0.8921990990638733,0.7906126976013184,0.44589656591415405,3.1186094284057617,2.213904619216919,0.0002,8.259572960669175,0.3733244240283966,0.3733244240283966,0.7844058275222778,5.7021484375,0.7906126976013184,0.44589656591415405,0.700853168964386,0.35331571102142334,3.61328125,0.42959529161453247,0.373324453830719,0.6914470195770264,0.0017884892877191305,0.0,0.968302792900915,8.2618784729857,435.73625680541176,0.6712432503700256,0.6712432503700256,0.9758402109146118,0.984375,0.73046875,0.3286353051662445,0.738095223903656,0.3710213899612427,0.7265625,0.5017135143280029,0.5017135143280029,0.9054787755012512,0.9040156602859497,0.5808031558990479,0.2395373284816742,0.7139761447906494,0.38022109866142273,0.5710088014602661,0.39809107780456543,0.39809107780456543,0.8272429704666138,0.8312070369720459,0.47399410605430603,0.170344740152359,0.71074378490448,0.3441300094127655,0.4671246409416199,0.32182905077934265,0.32182905077934265,0.7608403563499451,0.7746062874794006,0.40354329347610474,0.11753993481397629,0.6937738060951233,0.33727261424064636,0.38779526948928833,0.27548617124557495,0.27548617124557495,0.7124341130256653,0.7103448510169983,0.3527093529701233,0.07734283059835434,0.6851595044136047,0.2917972505092621,0.3290640413761139,0.23761039972305298,0.23761039972305298,0.6709911227226257,0.6837944388389587,0.32114624977111816,0.04586928337812424,0.6994219422340393,0.28095611929893494,0.2865612506866455,0.20243889093399048,0.20243889093399048,0.6342311501502991,0.6422200202941895,0.2537165582180023,0.020730650052428246,0.6388888955116272,0.2944090664386749,0.233894944190979,0.6316156983375549,0.373324453830719
10:42:02,18,1.1937402486801147,0.7368746399879456,0.478048175573349,1.0,0.8512040972709656,0.7329148054122925,0.3763732314109802,2.7054591178894043,1.1536775827407837,0.0002,8.191037707263604,0.3077516555786133,0.3077516555786133,0.7299956679344177,5.246778964996338,0.7329148054122925,0.3763732314109802,0.6293556690216064,0.478048175573349,3.0138750076293945,0.3508346378803253,0.3077516555786133,0.7385237812995911,0.0017062749247998,0.0,0.9764092273467794,8.193285946035758,439.3841523060507,0.6071462035179138,0.6071462035179138,0.9619499444961548,0.9752230048179626,0.6580772995948792,0.34562408924102783,0.6697154641151428,0.4821154475212097,0.6531218886375427,0.42235082387924194,0.42235082387924194,0.8613889813423157,0.8609731793403625,0.495531290769577,0.2427215278148651,0.6585928201675415,0.524583101272583,0.47765639424324036,0.3069959282875061,0.3069959282875061,0.7682576179504395,0.781312108039856,0.3807156980037689,0.16654112935066223,0.6132315397262573,0.5323012471199036,0.36182901263237,0.25543561577796936,0.25543561577796936,0.6946372389793396,0.6973026990890503,0.3436563313007355,0.11192317306995392,0.6661891341209412,0.412120521068573,0.30369630455970764,0.2130160629749298,0.2130160629749298,0.6436177492141724,0.6492986083030701,0.2805611193180084,0.07210536301136017,0.5941358208656311,0.3864442706108093,0.24448898434638977,0.18353109061717987,0.18353109061717987,0.6033645272254944,0.5883533954620361,0.25100401043891907,0.04221196845173836,0.5955631136894226,0.33617261052131653,0.21686747670173645,0.16048134863376617,0.16048134863376617,0.5716053247451782,0.5725806355476379,0.2197580635547638,0.018872780725359917,0.5669013857841492,0.3489796817302704,0.19254031777381897,0.5696707367897034,0.3077516555786133
10:42:10,19,1.0449142456054688,0.6442051529884338,0.4158817529678345,1.0,0.8732715249061584,0.7785143852233887,0.422480046749115,2.929232120513916,0.8443388342857361,0.0002,7.853024169569835,0.356770783662796,0.356770783662796,0.8019519448280334,5.64158821105957,0.7785143852233887,0.422480046749115,0.6851170659065247,0.4158817529678345,3.377220392227173,0.41223445534706116,0.3567708134651184,0.7029054164886475,0.0016724895685911179,0.0,1.0183881481793138,7.855550964828581,458.2746666806912,0.674458384513855,0.674458384513855,0.971643328666687,0.9738767147064209,0.7178683280944824,0.34268057346343994,0.7392703890800476,0.3769383132457733,0.7199581861495972,0.501916766166687,0.501916766166687,0.906556248664856,0.902515709400177,0.5786163806915283,0.2455059289932251,0.7142857313156128,0.4344627261161804,0.5618448853492737,0.38774824142456055,0.38774824142456055,0.8428632020950317,0.8212407827377319,0.460567831993103,0.17003440856933594,0.6978232860565186,0.4110192656517029,0.4468980133533478,0.30931970477104187,0.30931970477104187,0.7841202616691589,0.7679324746131897,0.3765822649002075,0.11325386166572571,0.666208803653717,0.4718986451625824,0.37025317549705505,0.24727027118206024,0.24727027118206024,0.7395596504211426,0.6984127163887024,0.31111112236976624,0.07117822021245956,0.653030276298523,0.45295581221580505,0.30687829852104187,0.2031562626361847,0.2031562626361847,0.6996477842330933,0.6507431268692017,0.2770700752735138,0.0401344932615757,0.6688417792320251,0.448038786649704,0.26433122158050537,0.16656945645809174,0.16656945645809174,0.6648684740066528,0.6297872066497803,0.228723406791687,0.01721244677901268,0.6165540814399719,0.4160323441028595,0.2085106372833252,0.628363847732544,0.3567708134651184
10:42:18,20,1.26292884349823,0.8054251670837402,0.48172250390052795,1.0,0.8506314158439636,0.7354549169540405,0.37319502234458923,2.601996421813965,0.8485539555549622,0.0002,7.939228464849293,0.30098098516464233,0.30098098516464233,0.7579870820045471,5.1552734375,0.7354549169540405,0.37319502234458923,0.6660312414169312,0.48172250390052795,2.99609375,0.34501612186431885,0.30098098516464233,0.7418604493141174,0.0016461231280118227,0.0,1.0073650121838666,7.941510677104816,453.31425548274,0.6114131212234497,0.6114131212234497,0.9632683992385864,0.9658203125,0.6865234375,0.3539470136165619,0.7027300596237183,0.49271321296691895,0.6787109375,0.41919636726379395,0.41919636726379395,0.8766525983810425,0.8603515625,0.4970703125,0.24571849405765533,0.6651532053947449,0.5070160031318665,0.486328125,0.31368643045425415,0.31368643045425415,0.7953265905380249,0.7747306823730469,0.3986288011074066,0.16601215302944183,0.6624525785446167,0.4809539318084717,0.3663075268268585,0.2426839917898178,0.2426839917898178,0.7299466729164124,0.7082514762878418,0.316306471824646,0.10916656255722046,0.6601941585540771,0.4664898216724396,0.2779960632324219,0.19989225268363953,0.19989225268363953,0.6790950894355774,0.6647000908851624,0.2654867172241211,0.06869950145483017,0.6642012000083923,0.42274412512779236,0.22517207264900208,0.1678871065378189,0.1678871065378189,0.6445599794387817,0.6068965792655945,0.22955664992332458,0.039259716868400574,0.6477272510528564,0.40657851099967957,0.19605910778045654,0.1484529674053192,0.1484529674053192,0.6140632033348083,0.5641025900840759,0.21499013900756836,0.0171965342015028,0.6381118893623352,0.37180355191230774,0.18047337234020233,0.5997408032417297,0.30098098516464233
10:42:26,21,1.3071144819259644,0.8293549418449402,0.5046549439430237,1.0,0.846490740776062,0.7239488363265991,0.364646315574646,2.597665309906006,2.190101385116577,0.0002,7.912968937074766,0.2960929870605469,0.2960929870605469,0.7646715044975281,5.0517578125,0.7239488363265991,0.364646315574646,0.6437451243400574,0.5046549439430237,2.9501953125,0.3463647961616516,0.2960929870605469,0.7449784278869629,0.0016292370855808258,0.0,1.0107212817171456,7.91513955895789,454.8245767727155,0.5970721244812012,0.5970721244812012,0.9611884951591492,0.95703125,0.6552734375,0.35344094038009644,0.6775510311126709,0.5097202062606812,0.6484375,0.42273321747779846,0.42273321747779846,0.8855540752410889,0.8393731713294983,0.48971596360206604,0.2453523725271225,0.6581096649169922,0.5320542454719543,0.4818805158138275,0.30092838406562805,0.30092838406562805,0.8071693778038025,0.7649950981140137,0.3726646900177002,0.16551849246025085,0.6491002440452576,0.5344550609588623,0.3608652949333191,0.23566792905330658,0.23566792905330658,0.7409069538116455,0.6926108598709106,0.3083743751049042,0.10914773494005203,0.6159317493438721,0.49480366706848145,0.28768473863601685,0.19327083230018616,0.19327083230018616,0.6887611150741577,0.642011821269989,0.2633136212825775,0.06912968307733536,0.6482334733009338,0.4185362160205841,0.24753451347351074,0.1701146960258484,0.1701146960258484,0.6507977843284607,0.6067193746566772,0.24110671877861023,0.03984663262963295,0.6123778223991394,0.37998077273368835,0.20059289038181305,0.14794163405895233,0.14794163405895233,0.6143338680267334,0.5605158805847168,0.2172619104385376,0.01756415143609047,0.6194690465927124,0.39467450976371765,0.1924603134393692,0.5790218114852905,0.2960929870605469
10:42:34,22,1.2115806341171265,0.7720911502838135,0.46288207173347473,1.0,0.8595970869064331,0.7347081899642944,0.3851010203361511,2.674433469772339,1.2601808309555054,0.0002,7.937697181710973,0.31446290016174316,0.31446290016174316,0.7801296710968018,5.1611328125,0.7347081899642944,0.3851010203361511,0.6648844480514526,0.46288207173347473,3.1025390625,0.3636363744735718,0.31446290016174316,0.7322930693626404,0.0015339620877057314,0.0,1.0075686233803378,7.939905842998996,453.405880521152,0.6213813424110413,0.6213813424110413,0.9652382731437683,0.9599609375,0.673828125,0.348909854888916,0.6907426118850708,0.462281733751297,0.6630859375,0.4264233410358429,0.4264233410358429,0.8964344263076782,0.8570029139518738,0.4995102882385254,0.24444426596164703,0.6777142882347107,0.5090295672416687,0.4995102882385254,0.33380383253097534,0.33380383253097534,0.8177014589309692,0.7703630924224854,0.42394503951072693,0.16722749173641205,0.6968153119087219,0.44645556807518005,0.39842984080314636,0.26294761896133423,0.26294761896133423,0.7540354132652283,0.7013752460479736,0.3369351625442505,0.1111154556274414,0.6470588445663452,0.4543488919734955,0.30943024158477783,0.21961545944213867,0.21961545944213867,0.7097108960151672,0.6460176706314087,0.29105210304260254,0.07035810500383377,0.6636224985122681,0.3888958692550659,0.2704031467437744,0.17466819286346436,0.17466819286346436,0.6720539331436157,0.6072834730148315,0.2421259880065918,0.04023994132876396,0.6191247701644897,0.4558110237121582,0.20767717063426971,0.15911157429218292,0.15911157429218292,0.6433088779449463,0.598223090171814,0.22507403790950775,0.017704909667372704,0.632013201713562,0.3296207785606384,0.19348469376564026,0.5999871492385864,0.31446290016174316
10:42:42,23,1.2592939138412476,0.8393309116363525,0.44703614711761475,1.0,0.8536045551300049,0.699146032333374,0.3607727885246277,2.6224284172058105,1.573305606842041,0.0002,7.979201102629304,0.2948635518550873,0.2948635518550873,0.7461556792259216,4.7724609375,0.699146032333374,0.3607727885246277,0.6501802206039429,0.44703614711761475,2.8994140625,0.32787343859672546,0.29486364126205444,0.749338686466217,0.0014477744698524475,0.0,1.0023669371484212,7.981109216110781,451.0651217167895,0.5800027251243591,0.5800027251243591,0.9442278146743774,0.9423828125,0.630859375,0.34599998593330383,0.6601036190986633,0.49241146445274353,0.623046875,0.3910669982433319,0.3910669982433319,0.855995237827301,0.816046953201294,0.45009785890579224,0.24156716465950012,0.6534771919250488,0.4964904487133026,0.4305283725261688,0.3029892146587372,0.3029892146587372,0.7847625017166138,0.7387475371360779,0.38160470128059387,0.16612043976783752,0.6450331211090088,0.44084349274635315,0.34246575832366943,0.24287070333957672,0.24287070333957672,0.7208020091056824,0.6539215445518494,0.3078431487083435,0.11202333122491837,0.6581709384918213,0.3527301847934723,0.2666666805744171,0.20457826554775238,0.20457826554775238,0.6708649396896362,0.6176470518112183,0.2754901945590973,0.07250963896512985,0.644444465637207,0.32538658380508423,0.23137255012989044,0.18300914764404297,0.18300914764404297,0.6373177170753479,0.5888125896453857,0.2512266933917999,0.04262883588671684,0.6733333468437195,0.3218226134777069,0.21295388042926788,0.15755707025527954,0.15755707025527954,0.6074007153511047,0.5344488024711609,0.2263779491186142,0.01915058121085167,0.6058931946754456,0.269959419965744,0.18602362275123596,0.5882225632667542,0.29486364126205444
10:42:50,24,0.9353989362716675,0.5910302996635437,0.3586390018463135,1.0,0.8878074884414673,0.757868230342865,0.4271926283836365,3.067810297012329,0.6719737648963928,0.0002,7.918362326221541,0.3610711097717285,0.3610711097717285,0.7969512343406677,5.4267578125,0.757868230342865,0.4271926283836365,0.6902916431427002,0.3586390018463135,3.412109375,0.40117499232292175,0.3610711097717285,0.6997576355934143,0.0015364468563348055,0.0,1.0100489870724783,7.920407923171297,454.5220441826153,0.659070611000061,0.659070611000061,0.9660323262214661,0.962890625,0.7138671875,0.32958436012268066,0.7281947135925293,0.364498496055603,0.701171875,0.4801461398601532,0.4801461398601532,0.8938285112380981,0.8680351972579956,0.5522971749305725,0.23917770385742188,0.7162162065505981,0.3916108012199402,0.5483871102333069,0.37341737747192383,0.37341737747192383,0.8261974453926086,0.7976539731025696,0.43890517950057983,0.16967566311359406,0.6825980544090271,0.38412949442863464,0.4125122129917145,0.30914223194122314,0.30914223194122314,0.7772150039672852,0.7184750437736511,0.37438905239105225,0.11725341528654099,0.6816326379776001,0.3214414417743683,0.34017595648765564,0.26118290424346924,0.26118290424346924,0.7365347743034363,0.6819961071014404,0.32681018114089966,0.07722294330596924,0.6857962608337402,0.3087640702724457,0.28864970803260803,0.2337854951620102,0.2337854951620102,0.703725278377533,0.6604514122009277,0.29833170771598816,0.04609563574194908,0.6508172154426575,0.27133509516716003,0.2679097056388855,0.20867468416690826,0.20867468416690826,0.6735715270042419,0.6137930750846863,0.28374382853507996,0.020990220829844475,0.6613162159919739,0.2506769597530365,0.24729064106941223,0.6329389810562134,0.3610711097717285
10:42:58,25,0.7742986083030701,0.4684270918369293,0.31393545866012573,1.0,0.9040501713752747,0.8035488128662109,0.4803548753261566,3.3417084217071533,2.052276372909546,0.0002,7.837894577998668,0.4116981625556946,0.4116981625556946,0.8224026560783386,5.83984375,0.8035488128662109,0.4803548753261566,0.7152120471000671,0.31393545866012573,3.7861328125,0.46176594495773315,0.4116981625556946,0.670955240726471,0.0016960499342530966,0.0,1.0203882327623903,7.840153133030981,459.1747047430756,0.6920989751815796,0.6920989751815796,0.9750120639801025,0.98046875,0.7451171875,0.31888464093208313,0.7619521617889404,0.3119885325431824,0.7470703125,0.5283443927764893,0.5283443927764893,0.9111433625221252,0.908823549747467,0.6029411554336548,0.23672828078269958,0.7335490584373474,0.34258556365966797,0.5872548818588257,0.4376121163368225,0.4376121163368225,0.8514326214790344,0.8633235096931458,0.5113077759742737,0.1718325912952423,0.7118450999259949,0.31930676102638245,0.49754178524017334,0.37136316299438477,0.37136316299438477,0.8025825619697571,0.7936821579933167,0.44718658924102783,0.12101495265960693,0.6902984976768494,0.2995026707649231,0.4096742272377014,0.3155433237552643,0.3155433237552643,0.7648736834526062,0.7188118696212769,0.3831683099269867,0.08081138134002686,0.7011018991470337,0.29297763109207153,0.35445544123649597,0.280073344707489,0.280073344707489,0.736247181892395,0.6927651166915894,0.34291377663612366,0.04856973513960838,0.7024320363998413,0.26289936900138855,0.332011878490448,0.2513025104999542,0.2513025104999542,0.7120875716209412,0.6626983880996704,0.324404776096344,0.022158481180667877,0.682634711265564,0.25455039739608765,0.2986111044883728,0.6615959405899048,0.4116981625556946
10:43:06,26,1.118146538734436,0.7139127850532532,0.422956258058548,1.0,0.8683147430419922,0.7376265525817871,0.39116984605789185,2.788928747177124,1.3892313241958618,0.0002,8.155500452965498,0.3209911584854126,0.3209911584854126,0.7654401063919067,5.16796875,0.7376265525817871,0.39116984605789185,0.6515440344810486,0.422956258058548,3.1611328125,0.3681102395057678,0.3209911584854126,0.7363906502723694,0.0015091802924871445,0.0,0.9806878156036024,8.157539915060624,441.30951702162105,0.610582172870636,0.610582172870636,0.9535706639289856,0.9638671875,0.6806640625,0.3395848870277405,0.7041540145874023,0.44517379999160767,0.6787109375,0.42563867568969727,0.42563867568969727,0.8672606945037842,0.8521057963371277,0.5044074654579163,0.24081666767597198,0.657471239566803,0.4688081443309784,0.4818805158138275,0.331067830324173,0.331067830324173,0.7901513576507568,0.7901960611343384,0.4058823585510254,0.16769638657569885,0.6451612710952759,0.41350284218788147,0.386274516582489,0.2717858850955963,0.2717858850955963,0.7399095892906189,0.7033398747444153,0.341846764087677,0.11411099135875702,0.6578212380409241,0.37177544832229614,0.32220038771629333,0.22673705220222473,0.22673705220222473,0.6985394358634949,0.6439841985702515,0.29783037304878235,0.07420191913843155,0.6339969635009766,0.35343602299690247,0.2623274028301239,0.198359876871109,0.198359876871109,0.6667255163192749,0.6128712892532349,0.2752475142478943,0.043798841536045074,0.6171243786811829,0.33587580919265747,0.23366336524486542,0.17756596207618713,0.17756596207618713,0.6377969980239868,0.5920398235321045,0.22686567902565002,0.01979026384651661,0.6117647290229797,0.2758464515209198,0.2059701532125473,0.5898648500442505,0.3209911584854126
10:43:14,27,0.8441869616508484,0.5209739804267883,0.3339245617389679,1.0,0.8929067254066467,0.7752222418785095,0.4472978711128235,3.173124313354492,2.4906413555145264,0.0002,8.031182329636067,0.3826996088027954,0.3826996088027954,0.7961238026618958,5.603515625,0.7752222418785095,0.4472978711128235,0.6916636228561401,0.3339245617389679,3.572265625,0.4272611737251282,0.3826996088027954,0.685146689414978,0.0016382799949496984,0.0,0.9958019381263042,8.033726079156622,448.11087215683693,0.6592624187469482,0.6592624187469482,0.9653282165527344,0.9697265625,0.705078125,0.3236216604709625,0.7240684628486633,0.36548298597335815,0.7021484375,0.5079551339149475,0.5079551339149475,0.8956541419029236,0.8812561631202698,0.5760549306869507,0.23763936758041382,0.7227171659469604,0.34984394907951355,0.5672227740287781,0.4028121531009674,0.4028121531009674,0.8302987813949585,0.8165680766105652,0.4802761375904083,0.17048989236354828,0.7004830837249756,0.3382183313369751,0.44773176312446594,0.3377898037433624,0.3377898037433624,0.7787537574768066,0.755687415599823,0.40059345960617065,0.11921927332878113,0.7028796076774597,0.2779328525066376,0.3857566714286804,0.28915631771087646,0.28915631771087646,0.7337380051612854,0.7003968358039856,0.3611111044883728,0.07944685965776443,0.6657223701477051,0.27797937393188477,0.3273809552192688,0.2490757554769516,0.2490757554769516,0.6967611312866211,0.6583912372589111,0.3088381290435791,0.047745946794748306,0.6410256624221802,0.2800579071044922,0.2830188572406769,0.22634978592395782,0.22634978592395782,0.6678006052970886,0.6394422054290771,0.29282867908477783,0.02183699607849121,0.6542056202888489,0.26216816902160645,0.2709163427352905,0.6326195001602173,0.3826996088027954
10:43:22,28,0.9204753637313843,0.5681825876235962,0.36464595794677734,1.0,0.8882372379302979,0.7734342217445374,0.4318341016769409,3.074730157852173,0.6601501107215881,0.0002,8.16878341161646,0.36668363213539124,0.36668363213539124,0.8060515522956848,5.53515625,0.7734342217445374,0.4318341016769409,0.6867753863334656,0.36464595794677734,3.482421875,0.4140395224094391,0.36668363213539124,0.6983415484428406,0.0017827600240707397,0.0,0.979059000191652,8.171111238887534,440.5765500862434,0.644286036491394,0.644286036491394,0.968764066696167,0.974609375,0.7080078125,0.32650071382522583,0.7184368968009949,0.4119381308555603,0.7001953125,0.4874212145805359,0.4874212145805359,0.9026139974594116,0.884765625,0.5537109375,0.2380223423242569,0.7163355350494385,0.36731889843940735,0.5634765625,0.37466681003570557,0.37466681003570557,0.8379606008529663,0.8121330738067627,0.4461839497089386,0.16967160999774933,0.6698794960975647,0.3656752407550812,0.42367905378341675,0.3129967749118805,0.3129967749118805,0.7891616225242615,0.7360156774520874,0.3856722414493561,0.11812536418437958,0.6840000152587891,0.316914439201355,0.35721296072006226,0.2771226167678833,0.2771226167678833,0.7465528249740601,0.7043222188949585,0.33988213539123535,0.07867215573787689,0.672245442867279,0.29177409410476685,0.31139490008354187,0.24661967158317566,0.24661967158317566,0.7123678922653198,0.6722440719604492,0.31496062874794006,0.04733187332749367,0.6676427721977234,0.2858768701553345,0.2854330837726593,0.22053569555282593,0.22053569555282593,0.6826342344284058,0.6272189617156982,0.2712031602859497,0.021675996482372284,0.6572327017784119,0.27690666913986206,0.2534516751766205,0.6274995803833008,0.36668363213539124
10:43:30,29,1.427010178565979,0.933759868144989,0.5280323028564453,1.0,0.8378319144248962,0.7017396092414856,0.3491863012313843,2.430320978164673,1.3625164031982422,0.0002,8.198990766890347,0.27508118748664856,0.27508118748664856,0.7386234998703003,4.734375,0.7017396092414856,0.3491863012313843,0.6497400999069214,0.5280323028564453,2.8095703125,0.3254770040512085,0.27508121728897095,0.7610201835632324,0.001682935981079936,0.0,0.9754762369599893,8.201122381957248,438.96430663199516,0.5874089002609253,0.5874089002609253,0.948401689529419,0.9560546875,0.666015625,0.36295583844184875,0.6956077814102173,0.5199168920516968,0.6650390625,0.3794754147529602,0.3794754147529602,0.8491640090942383,0.8365949392318726,0.4647749364376068,0.24656149744987488,0.6456140279769897,0.6024923324584961,0.4549902081489563,0.2747279405593872,0.2747279405593872,0.7675727009773254,0.7365328073501587,0.35455435514450073,0.16355404257774353,0.6409574747085571,0.5527113080024719,0.33594515919685364,0.21746307611465454,0.21746307611465454,0.7082861065864563,0.6594700813293457,0.29244357347488403,0.10623116046190262,0.6354166865348816,0.47453510761260986,0.27477920055389404,0.176223024725914,0.176223024725914,0.6644240021705627,0.6167487502098083,0.24039408564567566,0.06626932322978973,0.6214057803153992,0.44175681471824646,0.21280787885189056,0.1511278599500656,0.1511278599500656,0.6286184787750244,0.5674876570701599,0.2187192142009735,0.03781921789050102,0.6527777910232544,0.3822385370731354,0.1704433560371399,0.13546927273273468,0.13546927273273468,0.6008161902427673,0.5355731248855591,0.2035573124885559,0.01660892367362976,0.6328413486480713,0.3346564769744873,0.16007904708385468,0.5749431252479553,0.27508121728897095
10:43:38,30,1.2646260261535645,0.8289287686347961,0.46385031938552856,1.0,0.853203535079956,0.7025583386421204,0.36238402128219604,2.5493383407592773,1.3356540203094482,0.0002,7.979010419687256,0.2893679738044739,0.2893679738044739,0.7458192110061646,4.8369140625,0.7025583386421204,0.36238402128219604,0.6424570083618164,0.46385031938552856,2.9345703125,0.3436884880065918,0.2893679440021515,0.7501634359359741,0.0017053259070962667,0.0,1.0023493317790304,7.9812493971548975,451.05719930056364,0.5652768611907959,0.5652768611907959,0.9432828426361084,0.947265625,0.6435546875,0.349910706281662,0.6804123520851135,0.511502742767334,0.64453125,0.3910805284976959,0.3910805284976959,0.8466476798057556,0.8307240605354309,0.47651663422584534,0.2428821474313736,0.6442874073982239,0.514561653137207,0.44911935925483704,0.28965088725090027,0.28965088725090027,0.772631049156189,0.7217305898666382,0.37561455368995667,0.1654091775417328,0.6457765698432922,0.4528059661388397,0.3539822995662689,0.244183748960495,0.244183748960495,0.7167061567306519,0.6669950485229492,0.31231528520584106,0.11069420725107193,0.6528803706169128,0.3851169943809509,0.29162561893463135,0.20068523287773132,0.20068523287773132,0.6790784001350403,0.6197044253349304,0.2689655125141144,0.07104881852865219,0.634340226650238,0.33488014340400696,0.24334976077079773,0.17489127814769745,0.17489127814769745,0.6469976305961609,0.5889328122138977,0.23616601526737213,0.041517287492752075,0.600671112537384,0.2771332263946533,0.21739129722118378,0.15552914142608643,0.15552914142608643,0.6118073463439941,0.5381565690040588,0.21902874112129211,0.01853764057159424,0.609576404094696,0.28810665011405945,0.2011892944574356,0.5805485248565674,0.2893679440021515
10:43:46,31,0.9044016003608704,0.5646762847900391,0.3525792062282562,1.0,0.8917797803878784,0.7596476674079895,0.435542494058609,3.097400188446045,1.0905004739761353,0.0002,7.994819285115227,0.3729764223098755,0.3729764223098755,0.8154981136322021,5.470703125,0.7596476674079895,0.435542494058609,0.6983250379562378,0.3525792062282562,3.505859375,0.4205816686153412,0.37297648191452026,0.6952441334724426,0.0014792382717132568,0.0,1.000397670098489,7.996819903841242,450.17895154431994,0.6354336738586426,0.6354336738586426,0.9619572162628174,0.970703125,0.6982421875,0.3236207664012909,0.7183098793029785,0.4021429419517517,0.697265625,0.4849746823310852,0.4849746823310852,0.9014619588851929,0.87109375,0.5478515625,0.23717211186885834,0.6928251385688782,0.38025030493736267,0.54296875,0.3928493857383728,0.3928493857383728,0.8470883369445801,0.7869012951850891,0.4633431136608124,0.17037543654441833,0.7068322896957397,0.31554391980171204,0.4486803412437439,0.3260413110256195,0.3260413110256195,0.7996171712875366,0.7230919599533081,0.4001956880092621,0.11907444894313812,0.6806495189666748,0.32489392161369324,0.37279844284057617,0.27934345602989197,0.27934345602989197,0.7629407644271851,0.6731898188591003,0.34344422817230225,0.0795060470700264,0.707848846912384,0.27736809849739075,0.31506848335266113,0.25726833939552307,0.25726833939552307,0.7321191430091858,0.6575073599815369,0.3042198121547699,0.048096634447574615,0.6701492667198181,0.26273900270462036,0.29440629482269287,0.23328565061092377,0.23328565061092377,0.7021273970603943,0.6335952877998352,0.28978389501571655,0.022154590114951134,0.7038759589195251,0.19139209389686584,0.2711198329925537,0.6445004940032959,0.37297648191452026
10:43:55,32,1.072468876838684,0.6759877800941467,0.41459599137306213,1.0,0.8725494146347046,0.7496489882469177,0.4111204743385315,2.8696935176849365,3.1552884578704834,0.0002,8.22123716888018,0.34130388498306274,0.34130388498306274,0.8101915121078491,5.296875,0.7496489882469177,0.4111204743385315,0.6604232788085938,0.41459599137306213,3.2548828125,0.38739117980003357,0.34130388498306274,0.7141351699829102,0.001739894738420844,0.0,0.9727434721821773,8.22416210314259,437.73456248197976,0.6206299066543579,0.6206299066543579,0.9623808264732361,0.953125,0.6826171875,0.33497148752212524,0.7028688788414001,0.44131550192832947,0.669921875,0.45308995246887207,0.45308995246887207,0.8918321132659912,0.8522505164146423,0.5332680940628052,0.24005569517612457,0.6900115013122559,0.4545501172542572,0.5136986374855042,0.3550862967967987,0.3550862967967987,0.8330145478248596,0.792934238910675,0.4327772259712219,0.16844582557678223,0.6806930899620056,0.38714268803596497,0.41609421372413635,0.29146626591682434,0.29146626591682434,0.7960584759712219,0.7187807559967041,0.3579154312610626,0.11546114832162857,0.6497948169708252,0.40087878704071045,0.33529990911483765,0.24979937076568604,0.24979937076568604,0.7602964043617249,0.6699507236480713,0.3211822807788849,0.07567334175109863,0.6367647051811218,0.33789923787117004,0.2926108241081238,0.21582573652267456,0.21582573652267456,0.7256353497505188,0.6495558023452759,0.2813425362110138,0.0449298620223999,0.6109422445297241,0.32721367478370667,0.24777887761592865,0.19935905933380127,0.19935905933380127,0.6996551752090454,0.6077075004577637,0.2648221254348755,0.02046266198158264,0.6162601709365845,0.256830632686615,0.23221343755722046,0.6085282564163208,0.34130388498306274
10:44:03,33,1.0499296188354492,0.6526194214820862,0.4150891602039337,1.0,0.8727060556411743,0.7487043142318726,0.4175654947757721,2.8833632469177246,1.885314702987671,0.0002,8.0120320902206,0.34933528304100037,0.34933528304100037,0.8060427904129028,5.3046875,0.7487043142318726,0.4175654947757721,0.6821328401565552,0.4150891602039337,3.2587890625,0.39683428406715393,0.34933531284332275,0.7081186175346375,0.0016282601282000542,0.0,0.9982265737419131,8.014212615089491,449.2019581838609,0.6323783993721008,0.6323783993721008,0.9651973843574524,0.9765625,0.6875,0.33425745368003845,0.7089999914169312,0.4404867887496948,0.6923828125,0.44783028960227966,0.44783028960227966,0.886633574962616,0.869012713432312,0.5151515007019043,0.23962855339050293,0.6737907528877258,0.47262880206108093,0.5102639198303223,0.3688795566558838,0.3688795566558838,0.8322809934616089,0.7852941155433655,0.4372549057006836,0.16866664588451385,0.6779026389122009,0.4153226912021637,0.4225490093231201,0.29630693793296814,0.29630693793296814,0.7869604229927063,0.6970587968826294,0.3656862676143646,0.11580298840999603,0.6694796085357666,0.3650968670845032,0.35588234663009644,0.26025521755218506,0.26025521755218506,0.7504686117172241,0.6611002087593079,0.3408644497394562,0.07600527256727219,0.6939078569412231,0.2942407429218292,0.3074656128883362,0.2345968335866928,0.2345968335866928,0.7226114273071289,0.6355599164962769,0.3074656128883362,0.045197054743766785,0.6908810138702393,0.2849588692188263,0.26424360275268555,0.20272564888000488,0.20272564888000488,0.6965839266777039,0.6141732335090637,0.26673227548599243,0.020442074164748192,0.6490384340286255,0.2940962314605713,0.2224409431219101,0.6238659024238586,0.34933531284332275
10:44:11,34,1.3731621503829956,0.8631377220153809,0.5398480892181396,1.0,0.8357280492782593,0.7448208332061768,0.3702407479286194,2.5089192390441895,3.0507404804229736,0.0002,8.091902648564428,0.30247145891189575,0.30247145891189575,0.8038074374198914,5.18359375,0.7448208332061768,0.3702407479286194,0.6515692472457886,0.5398480892181396,2.9404296875,0.3507838845252991,0.30247145891189575,0.7404586672782898,0.0018464017193764448,0.0,0.9883457826043749,8.094333117827773,444.7556021719687,0.6100157499313354,0.6100157499313354,0.9708179831504822,0.9677734375,0.677734375,0.3612658381462097,0.6861755847930908,0.5112224221229553,0.6650390625,0.4346236288547516,0.4346236288547516,0.9022849202156067,0.85546875,0.509765625,0.24945226311683655,0.6735159754753113,0.5647081732749939,0.4853515625,0.31829753518104553,0.31829753518104553,0.8359851241111755,0.7739726305007935,0.38845402002334595,0.1663593351840973,0.6814159154891968,0.5452852845191956,0.37769079208374023,0.2541937530040741,0.2541937530040741,0.7884400486946106,0.7172211408615112,0.33463796973228455,0.10712695866823196,0.6534788608551025,0.5375601649284363,0.30919766426086426,0.1981956511735916,0.1981956511735916,0.7412731647491455,0.655544638633728,0.2590775191783905,0.06519186496734619,0.6257485151290894,0.5544094443321228,0.24631991982460022,0.17318010330200195,0.17318010330200195,0.7098892331123352,0.6542239785194397,0.24066796898841858,0.035836111754179,0.6216216087341309,0.5468852519989014,0.20235756039619446,0.12591193616390228,0.12591193616390228,0.6760159134864807,0.5871921181678772,0.1783251166343689,0.01476762630045414,0.5822147727012634,0.7458476424217224,0.1665024608373642,0.5967548489570618,0.30247145891189575
10:44:19,35,1.0730750560760498,0.6737006306648254,0.4165204167366028,1.0,0.8718979358673096,0.7644656896591187,0.40081655979156494,2.8457586765289307,3.261704444885254,0.0002,7.985033759847283,0.3442176878452301,0.3442176878452301,0.8314700126647949,5.41796875,0.7644656896591187,0.40081655979156494,0.6760589480400085,0.4165204167366028,3.2578125,0.3906799852848053,0.3442176878452301,0.7110984325408936,0.001822242746129632,0.0,1.0015689315505563,7.987468209117651,450.70601919775027,0.6367893218994141,0.6367893218994141,0.9717026352882385,0.97265625,0.6962890625,0.3389831483364105,0.7148594260215759,0.43871021270751953,0.6953125,0.45612940192222595,0.45612940192222595,0.904017984867096,0.8816046714782715,0.514677107334137,0.24172450602054596,0.7025527358055115,0.4256175458431244,0.519569456577301,0.34939101338386536,0.34939101338386536,0.8561339378356934,0.7956777811050415,0.40176817774772644,0.16827991604804993,0.6604938507080078,0.4404805302619934,0.40569743514060974,0.29470294713974,0.29470294713974,0.8149884939193726,0.7234252095222473,0.3513779640197754,0.11432113498449326,0.6829931735992432,0.3636234402656555,0.3385826647281647,0.255528062582016,0.255528062582016,0.7827901244163513,0.7009900808334351,0.30792078375816345,0.07403251528739929,0.6737288236618042,0.35733819007873535,0.2960396111011505,0.21519753336906433,0.21519753336906433,0.7570183277130127,0.6335650682449341,0.27209532260894775,0.0432819239795208,0.6457680463790894,0.3670825660228729,0.2502482533454895,0.19568225741386414,0.19568225741386414,0.7301127314567566,0.6381709575653076,0.2554672062397003,0.019376853480935097,0.6230529546737671,0.32334962487220764,0.222664013504982,0.6248908638954163,0.3442176878452301
10:44:27,36,1.1434016227722168,0.7485800385475159,0.4169856309890747,1.0,0.8730946779251099,0.7305406332015991,0.4015074670314789,2.7442781925201416,0.9078195691108704,0.0002,7.866110388189554,0.32893750071525574,0.32893750071525574,0.7838029265403748,5.050302028656006,0.7305406332015991,0.4015074670314789,0.6734126806259155,0.4169856309890747,3.133802890777588,0.3739672303199768,0.3289375305175781,0.7244176268577576,0.0018041718285530806,0.0,1.0167135978579225,7.868489235173911,457.52111903606516,0.5965072512626648,0.5965072512626648,0.9462680220603943,0.9446679949760437,0.6659959554672241,0.33974727988243103,0.7060703039169312,0.46393129229545593,0.6659959554672241,0.4322268068790436,0.4322268068790436,0.8541957139968872,0.8244197964668274,0.505549967288971,0.24125918745994568,0.6952264308929443,0.41019102931022644,0.48738646507263184,0.3385964632034302,0.3385964632034302,0.8052915334701538,0.7661943435668945,0.4180161952972412,0.16782885789871216,0.6578599810600281,0.4412257969379425,0.37550607323646545,0.2863095998764038,0.2863095998764038,0.7636706233024597,0.6903553009033203,0.36243656277656555,0.11402207612991333,0.6705882549285889,0.3594510853290558,0.3238578736782074,0.24407006800174713,0.24407006800174713,0.7291665077209473,0.6700611114501953,0.3116089701652527,0.07397633045911789,0.6534954309463501,0.35427525639533997,0.28513237833976746,0.20987744629383087,0.20987744629383087,0.7043190002441406,0.6183673739433289,0.2806122303009033,0.04354396462440491,0.6666666865348816,0.29042285680770874,0.24183674156665802,0.19016338884830475,0.19016338884830475,0.6805309057235718,0.5955055952072144,0.2614913284778595,0.01962224394083023,0.6432247161865234,0.28057339787483215,0.23289071023464203,0.6179741621017456,0.3289375305175781
10:44:34,37,0.8419788479804993,0.5360248684883118,0.31823286414146423,1.0,0.9014680981636047,0.7509820461273193,0.4365881085395813,3.130187511444092,2.1461775302886963,0.0002,7.918594265822321,0.36759400367736816,0.36759400367736816,0.7887623310089111,5.2724609375,0.7509820461273193,0.4365881085395813,0.7007285356521606,0.31823286414146423,3.521484375,0.4149831533432007,0.3675939440727234,0.6946356296539307,0.0016203310806304216,0.0,1.010007480082112,7.920733418082818,454.50336603695035,0.6240230798721313,0.6240230798721313,0.9589290618896484,0.9658203125,0.6953125,0.32051926851272583,0.7087967395782471,0.392580509185791,0.6845703125,0.46452245116233826,0.46452245116233826,0.8708678483963013,0.8660801649093628,0.5513196587562561,0.234911248087883,0.722347617149353,0.3400983214378357,0.5376344323158264,0.369832307100296,0.369832307100296,0.8107842803001404,0.7637255191802979,0.43039214611053467,0.16954419016838074,0.7060333490371704,0.2937490940093994,0.4166666567325592,0.32066860795021057,0.32066860795021057,0.7673144340515137,0.7298624515533447,0.3958742618560791,0.1200871393084526,0.6796770095825195,0.26120758056640625,0.36542239785194397,0.28590571880340576,0.28590571880340576,0.7302345037460327,0.6525590419769287,0.34547245502471924,0.08144333958625793,0.7164404392242432,0.20250540971755981,0.31889763474464417,0.2621310353279114,0.2621310353279114,0.7018861174583435,0.6427165269851685,0.3316929042339325,0.05007483437657356,0.6937212944030762,0.19096679985523224,0.30314961075782776,0.24285739660263062,0.24285739660263062,0.6788294315338135,0.6330366134643555,0.3026706278324127,0.023419950157403946,0.667187511920929,0.1749708354473114,0.2749752700328827,0.6418883800506592,0.3675939440727234
10:44:42,38,1.5659314393997192,1.0177520513534546,0.5872597694396973,1.0,0.8259823322296143,0.6971821188926697,0.3357633650302887,2.3322479724884033,1.9927493333816528,0.0002,7.865786008769646,0.258119136095047,0.258119136095047,0.7508323192596436,4.8544921875,0.6971821188926697,0.3357633650302887,0.6310074329376221,0.5872597694396973,2.80859375,0.31193047761917114,0.258119136095047,0.7740193009376526,0.001782578183338046,0.0,1.0167601038962668,7.8681293348781765,457.5420467533201,0.5812011957168579,0.5812011957168579,0.9527573585510254,0.958984375,0.669921875,0.3750475347042084,0.7006109952926636,0.5349633693695068,0.6728515625,0.372964471578598,0.372964471578598,0.8572595119476318,0.8416422009468079,0.4701857268810272,0.25096234679222107,0.65389084815979,0.6442826390266418,0.4643206298351288,0.2667080760002136,0.2667080760002136,0.7765787243843079,0.7421568632125854,0.3529411852359772,0.16258640587329865,0.6446499228477478,0.593938410282135,0.34019607305526733,0.20128490030765533,0.20128490030765533,0.7283750176429749,0.656862735748291,0.2647058963775635,0.10226716101169586,0.5985074639320374,0.6385703682899475,0.24803921580314636,0.14852824807167053,0.14852824807167053,0.6814963817596436,0.5978367924690247,0.21730579435825348,0.061326801776885986,0.5871710777282715,0.6386657357215881,0.17994099855422974,0.12622720003128052,0.12622720003128052,0.6438701152801514,0.5714285969734192,0.19113300740718842,0.033600814640522,0.6034482717514038,0.5479291677474976,0.1428571492433548,0.1064542829990387,0.1064542829990387,0.6128441691398621,0.5078895688056946,0.18047337234020233,0.014208977110683918,0.5650485157966614,0.4795651137828827,0.13116370141506195,0.5583581328392029,0.258119136095047
10:44:50,39,0.982416033744812,0.5987362861633301,0.3968580365180969,1.0,0.883440375328064,0.7918602824211121,0.43261513113975525,2.97169828414917,1.9013912677764893,0.0002,8.032712301937863,0.36429545283317566,0.36429545283317566,0.8206316828727722,5.7158203125,0.7918602824211121,0.43261513113975525,0.6907345056533813,0.3968580365180969,3.4609375,0.411068856716156,0.36429545283317566,0.6991977095603943,0.001650824910029769,0.0,0.9956677189389022,8.034809051081538,448.05047352250597,0.6370058655738831,0.6370058655738831,0.964223325252533,0.958984375,0.703125,0.3344564139842987,0.7250509262084961,0.41132020950317383,0.6953125,0.50328528881073,0.50328528881073,0.8986037969589233,0.8961802124977112,0.5719882249832153,0.24261964857578278,0.7333333492279053,0.3610939085483551,0.5680705308914185,0.3994829058647156,0.3994829058647156,0.8497976064682007,0.8271119594573975,0.4744597375392914,0.17072871327400208,0.7232779264450073,0.39852631092071533,0.46463653445243835,0.3177493214607239,0.3177493214607239,0.8077473044395447,0.784023642539978,0.3915187418460846,0.11578743904829025,0.6754717230796814,0.42079439759254456,0.36489152908325195,0.26280930638313293,0.26280930638313293,0.7708507776260376,0.7302371263504028,0.3280632495880127,0.0743996798992157,0.6589986681938171,0.41587144136428833,0.2964426875114441,0.22504109144210815,0.22504109144210815,0.7391135692596436,0.6891757845878601,0.28699105978012085,0.04302305355668068,0.6527377367019653,0.4004628658294678,0.25422045588493347,0.1982717365026474,0.1982717365026474,0.7103762030601501,0.6527363061904907,0.26567164063453674,0.01898505538702011,0.6326219439506531,0.35527241230010986,0.22686567902565002,0.6343235969543457,0.36429545283317566
10:44:58,40,0.8883132934570312,0.5560883283615112,0.34454017877578735,1.0,0.8908640146255493,0.7604210376739502,0.4329824447631836,3.1070258617401123,0.6630622744560242,0.0002,8.024467027978972,0.3721821904182434,0.3721821904182434,0.8050006031990051,5.37890625,0.7604210376739502,0.4329824447631836,0.6878921985626221,0.34454017877578735,3.466796875,0.4129122793674469,0.3721821904182434,0.6983816027641296,0.001566688995808363,0.0,0.9966879897283181,8.026584129082039,448.5095953777431,0.62750244140625,0.62750244140625,0.9632471203804016,0.970703125,0.6796875,0.3225595951080322,0.6941649913787842,0.41047370433807373,0.673828125,0.4813045859336853,0.4813045859336853,0.8938913941383362,0.8649706244468689,0.5499021410942078,0.23665779829025269,0.7104072570800781,0.36124464869499207,0.5283757448196411,0.3919369578361511,0.3919369578361511,0.834185779094696,0.8029412031173706,0.4578431248664856,0.1703941822052002,0.6898657083511353,0.32459786534309387,0.43529412150382996,0.32329967617988586,0.32329967617988586,0.7900670170783997,0.7423795461654663,0.38053098320961,0.11950740218162537,0.6794701814651489,0.283841997385025,0.3736479878425598,0.29010066390037537,0.29010066390037537,0.7464975118637085,0.6847290396690369,0.3527093529701233,0.08007350564002991,0.6906474828720093,0.24369123578071594,0.32315272092819214,0.2548310458660126,0.2548310458660126,0.7145207524299622,0.64891517162323,0.31854042410850525,0.04845444858074188,0.6702127456665039,0.25203442573547363,0.2879684269428253,0.23289209604263306,0.23289209604263306,0.6901489496231079,0.6051332950592041,0.28825271129608154,0.022353047505021095,0.6688417792320251,0.2072904407978058,0.2645606994628906,0.633126974105835,0.3721821904182434
10:45:06,41,0.9192355275154114,0.547613263130188,0.38290274143218994,1.0,0.8797500729560852,0.8118950724601746,0.4567260444164276,3.056220054626465,0.6664012670516968,0.0002,8.101045110728592,0.3954159617424011,0.3954159617424011,0.8548709750175476,5.865234375,0.8118950724601746,0.4567260444164276,0.6985141634941101,0.38290274143218994,3.462890625,0.42923271656036377,0.3954159617424011,0.6760440468788147,0.00183952902443707,0.0,0.9872371656512382,8.103422640822828,444.2567245430572,0.6627315878868103,0.6627315878868103,0.9768049716949463,0.9775390625,0.716796875,0.3267357647418976,0.721278727054596,0.39658790826797485,0.7060546875,0.5077586770057678,0.5077586770057678,0.9261183142662048,0.9090019464492798,0.5675146579742432,0.23908624053001404,0.7072120308876038,0.39593732357025146,0.5528375506401062,0.41399654746055603,0.41399654746055603,0.8810611367225647,0.8354554176330566,0.474045068025589,0.17089414596557617,0.6998827457427979,0.3778330981731415,0.450538694858551,0.3550487756729126,0.3550487756729126,0.8445726037025452,0.7958782911300659,0.41609421372413635,0.11851020157337189,0.712700366973877,0.3466246426105499,0.3866535723209381,0.3114057779312134,0.3114057779312134,0.8113150000572205,0.7586206793785095,0.373399019241333,0.07799267768859863,0.6870129704475403,0.37516140937805176,0.34384235739707947,0.28183138370513916,0.28183138370513916,0.7841023206710815,0.7248520851135254,0.3589743673801422,0.04619690775871277,0.6857143044471741,0.3332235813140869,0.30177515745162964,0.23177003860473633,0.23177003860473633,0.7582704424858093,0.6794871687889099,0.2869822382926941,0.020584089681506157,0.6618287563323975,0.3932246267795563,0.2593688368797302,0.6470662355422974,0.3954159617424011
10:45:15,42,0.9433901309967041,0.5727524161338806,0.38285207748413086,1.0,0.8798136115074158,0.7990996241569519,0.4561057984828949,3.050830602645874,0.7424953579902649,0.0002,8.278118184069172,0.38980522751808167,0.38980522751808167,0.8506578803062439,5.7451171875,0.7990996241569519,0.4561057984828949,0.7068662047386169,0.38285207748413086,3.4775390625,0.43809792399406433,0.38980522751808167,0.6837387084960938,0.0016837706789374352,0.0,0.9661526346689876,8.280265159904957,434.7686856010444,0.6768556237220764,0.6768556237220764,0.9783199429512024,0.974609375,0.7314453125,0.3316105306148529,0.7454909682273865,0.37127456068992615,0.7275390625,0.517976701259613,0.517976701259613,0.9268653988838196,0.9060665369033813,0.5792563557624817,0.24155257642269135,0.7235420942306519,0.39261865615844727,0.5861057043075562,0.42138779163360596,0.42138779163360596,0.8800481557846069,0.8370952010154724,0.49754661321640015,0.17097114026546478,0.7139507532119751,0.39030227065086365,0.4818449318408966,0.3457412123680115,0.3457412123680115,0.8403576016426086,0.7812808156013489,0.4197044372558594,0.11681804805994034,0.6897855997085571,0.37864863872528076,0.3891625702381134,0.2947803735733032,0.2947803735733032,0.8039363622665405,0.7361660003662109,0.35573121905326843,0.07565432786941528,0.6953020095825195,0.3684535026550293,0.3270750939846039,0.2487129122018814,0.2487129122018814,0.7718541026115417,0.6910890936851501,0.31782177090644836,0.04398699849843979,0.6819484233856201,0.4142492413520813,0.2930693030357361,0.21712122857570648,0.21712122857570648,0.7500320672988892,0.6630218625068665,0.2852882742881775,0.019406314939260483,0.6761619448661804,0.40946877002716064,0.2554672062397003,0.6487070918083191,0.38980522751808167
10:45:23,43,0.9504157304763794,0.6023618578910828,0.36325591802597046,1.0,0.8879823684692383,0.7411582469940186,0.4180639684200287,3.001779317855835,1.0435912609100342,0.0002,8.19751946022734,0.35810452699661255,0.35810452699661255,0.8030928373336792,5.2265625,0.7411582469940186,0.4180639684200287,0.6937262415885925,0.36325591802597046,3.3818359375,0.39411017298698425,0.35810452699661255,0.7022470831871033,0.001736341044306755,0.0,0.9756393417832112,8.19975133985281,439.03770380244504,0.6251229643821716,0.6251229643821716,0.9601012468338013,0.9619140625,0.6767578125,0.32808953523635864,0.7055837512016296,0.4065667390823364,0.6787109375,0.4614456295967102,0.4614456295967102,0.8879379630088806,0.8511263728141785,0.5181195139884949,0.23797732591629028,0.70540851354599,0.3980455696582794,0.5269343852996826,0.3709162771701813,0.3709162771701813,0.8285154104232788,0.7652259469032288,0.44302552938461304,0.16937041282653809,0.7124518752098083,0.333541601896286,0.41355597972869873,0.31438517570495605,0.31438517570495605,0.7893609404563904,0.7140039205551147,0.36883628368377686,0.11771733313798904,0.7016574740409851,0.33352920413017273,0.3451676666736603,0.27148422598838806,0.27148422598838806,0.7470166087150574,0.6455445289611816,0.3366336524486542,0.07816226035356522,0.6717791557312012,0.2841959595680237,0.2861386239528656,0.24096643924713135,0.24096643924713135,0.7162021398544312,0.641791045665741,0.30547264218330383,0.047055017203092575,0.6759690046310425,0.24324068427085876,0.26567164063453674,0.21637433767318726,0.21637433767318726,0.6882696151733398,0.6029850840568542,0.2716417908668518,0.021627990528941154,0.6666666865348816,0.22521273791790009,0.23582088947296143,0.632785975933075,0.35810452699661255
10:45:31,44,0.8440060615539551,0.5298503041267395,0.32539117336273193,1.0,0.8983706831932068,0.7764739394187927,0.4502003490924835,3.1834442615509033,0.6856972575187683,0.0002,8.00077429274097,0.3901457190513611,0.3901457190513611,0.8302881717681885,5.6315789222717285,0.7764739394187927,0.4502003490924835,0.7034648060798645,0.32539117336273193,3.6295928955078125,0.4361763000488281,0.3901457190513611,0.6784419417381287,0.0017985731828957796,0.0,0.9996125965192365,8.00310042896308,449.8256684336564,0.6602532267570496,0.6602532267570496,0.9664064645767212,0.9602780342102051,0.7239324450492859,0.32263174653053284,0.7456049919128418,0.33198803663253784,0.7159880995750427,0.50104820728302,0.50104820728302,0.9057998061180115,0.8723828792572021,0.5623130798339844,0.23715545237064362,0.7302857041358948,0.3366888761520386,0.5583250522613525,0.40893295407295227,0.40893295407295227,0.8616159558296204,0.811188817024231,0.46853145956993103,0.17069625854492188,0.692118227481842,0.34352949261665344,0.46353647112846375,0.34262359142303467,0.34262359142303467,0.8171733617782593,0.7555110454559326,0.39278557896614075,0.11952200531959534,0.6949602365493774,0.29486945271492004,0.39378756284713745,0.30567166209220886,0.30567166209220886,0.781475841999054,0.7271815538406372,0.3781343996524811,0.07981870323419571,0.6882758736610413,0.30353406071662903,0.34804412722587585,0.26733797788619995,0.26733797788619995,0.7511355876922607,0.6636455059051514,0.3192346394062042,0.048134706914424896,0.6540212631225586,0.2760303020477295,0.28902316093444824,0.24005094170570374,0.24005094170570374,0.725318193435669,0.6410515904426575,0.30131447315216064,0.022041069343686104,0.6955835819244385,0.31184321641921997,0.27906978130340576,0.6477367281913757,0.3901457190513611
10:45:39,45,1.052494764328003,0.6505100727081299,0.41737765073776245,1.0,0.8717731237411499,0.764374315738678,0.39797067642211914,2.8119699954986572,0.7178312540054321,0.0002,8.107622335199267,0.33385077118873596,0.33385077118873596,0.8114278316497803,5.4970703125,0.764374315738678,0.39797067642211914,0.6642699241638184,0.41737765073776245,3.2939453125,0.3888106048107147,0.3338507413864136,0.7184969782829285,0.0015165491495281458,0.0,0.9864703011058219,8.109722098102793,443.91163549761984,0.6125239133834839,0.6125239133834839,0.9670020341873169,0.970703125,0.6796875,0.3389313220977783,0.7022132873535156,0.4503689408302307,0.6826171875,0.45862632989883423,0.45862632989883423,0.9022307991981506,0.8794117569923401,0.54313725233078,0.2418917566537857,0.7201783657073975,0.4035871624946594,0.5392156839370728,0.35155391693115234,0.35155391693115234,0.8460785746574402,0.8013765811920166,0.4237954914569855,0.16841809451580048,0.6773006319999695,0.40427663922309875,0.41494593024253845,0.2826358675956726,0.2826358675956726,0.7951505184173584,0.747035562992096,0.34090909361839294,0.1139850988984108,0.6335979104042053,0.4265783131122589,0.3290513753890991,0.23299428820610046,0.23299428820610046,0.7543275952339172,0.6888008117675781,0.28939545154571533,0.07382703572511673,0.631654679775238,0.39522334933280945,0.2794846296310425,0.2109755277633667,0.2109755277633667,0.7212439775466919,0.6481664776802063,0.27254706621170044,0.043506938964128494,0.6360856294631958,0.33096936345100403,0.2527254819869995,0.18155059218406677,0.18155059218406677,0.6899513006210327,0.6099502444267273,0.22985073924064636,0.01943984441459179,0.6084828972816467,0.3233793377876282,0.21691542863845825,0.6001817584037781,0.3338507413864136
10:45:47,46,1.178409457206726,0.7419438362121582,0.4570517838001251,1.0,0.8607717156410217,0.741813063621521,0.37990161776542664,2.6990246772766113,1.4718472957611084,0.0002,7.924245782662183,0.3134059011936188,0.3134059011936188,0.7922025918960571,5.16796875,0.741813063621521,0.37990161776542664,0.6542251110076904,0.4570517838001251,3.0791015625,0.3613492548465729,0.3134059011936188,0.7335803508758545,0.0017198834102600813,0.0,1.0092792206695116,7.9264487330801785,454.1756493012802,0.6032294034957886,0.6032294034957886,0.9578534364700317,0.970703125,0.66796875,0.34408503770828247,0.6790744662284851,0.4803502857685089,0.66015625,0.41811710596084595,0.41811710596084595,0.8828361630439758,0.8765915632247925,0.4936336874961853,0.2418663650751114,0.6692737340927124,0.5128956437110901,0.48481881618499756,0.3254217505455017,0.3254217505455017,0.8279104232788086,0.7897838950157166,0.40569743514060974,0.16667243838310242,0.677860677242279,0.45732831954956055,0.39390963315963745,0.25976699590682983,0.25976699590682983,0.7760856747627258,0.7057086825370789,0.32185038924217224,0.11226793378591537,0.6387726664543152,0.41975656151771545,0.31003937125205994,0.216994047164917,0.216994047164917,0.7313087582588196,0.6591132879257202,0.2817733883857727,0.07269751280546188,0.6307922005653381,0.3469507098197937,0.24532020092010498,0.18871928751468658,0.18871928751468658,0.699829638004303,0.5944609045982361,0.24431255459785461,0.04295942559838295,0.6256239414215088,0.2873389422893524,0.22255192697048187,0.17725910246372223,0.17725910246372223,0.6665164232254028,0.592079222202301,0.23960396647453308,0.019451264292001724,0.6321070194244385,0.28668615221977234,0.20792078971862793,0.5926414728164673,0.3134059011936188
10:45:55,47,1.0296614170074463,0.6661986708641052,0.38109156489372253,1.0,0.883840799331665,0.7164514064788818,0.39065131545066833,2.8900632858276367,1.5352826118469238,0.0002,8.185861927224323,0.3236026167869568,0.3236026167869568,0.7451291084289551,5.05078125,0.7164514064788818,0.39065131545066833,0.6632053256034851,0.38109156489372253,3.212890625,0.36538460850715637,0.3236026465892792,0.7298275828361511,0.0016719687264412642,0.0,0.9770386101181012,8.188008045079187,439.6673745531456,0.5853002667427063,0.5853002667427063,0.9402310848236084,0.951171875,0.6572265625,0.32922235131263733,0.6765913963317871,0.450042188167572,0.64453125,0.4075305759906769,0.4075305759906769,0.8369439840316772,0.8308895230293274,0.48875856399536133,0.2362881898880005,0.6729411482810974,0.4407321810722351,0.4652981460094452,0.3270331621170044,0.3270331621170044,0.7715390920639038,0.7539215683937073,0.4049019515514374,0.16782456636428833,0.6736021041870117,0.36546945571899414,0.38333332538604736,0.27273082733154297,0.27273082733154297,0.7223835587501526,0.6853490471839905,0.3421829044818878,0.11715328693389893,0.6571018695831299,0.2970607578754425,0.30776795744895935,0.2374575138092041,0.2374575138092041,0.6765456199645996,0.6213017702102661,0.2958579957485199,0.07866644859313965,0.6539682745933533,0.23235704004764557,0.2633136212825775,0.2269410490989685,0.2269410490989685,0.6450756788253784,0.5986193418502808,0.28994083404541016,0.048249997198581696,0.6787479519844055,0.19353114068508148,0.2534516751766205,0.20479518175125122,0.20479518175125122,0.620110034942627,0.5701581239700317,0.25197628140449524,0.022595154121518135,0.6135181784629822,0.16681714355945587,0.23616601526737213,0.6012362241744995,0.3236026465892792
10:46:03,48,1.1055015325546265,0.6959691643714905,0.42787259817123413,1.0,0.8635609149932861,0.7604488134384155,0.40659186244010925,2.762160301208496,1.5468212366104126,0.0002,7.857867000857368,0.33260801434516907,0.33260801434516907,0.7851226925849915,5.39453125,0.7604488134384155,0.40659186244010925,0.6866469979286194,0.42787259817123413,3.1416015625,0.38036465644836426,0.33260804414749146,0.7180117964744568,0.0016613658517599106,0.0,1.0177797395462467,7.860246858093888,458.000882795811,0.6356309652328491,0.6356309652328491,0.9626628160476685,0.9716796875,0.69921875,0.3448905348777771,0.717587947845459,0.43698829412460327,0.697265625,0.45037853717803955,0.45037853717803955,0.8832799792289734,0.89453125,0.5224609375,0.24399197101593018,0.6768559217453003,0.4695148766040802,0.5126953125,0.3529900908470154,0.3529900908470154,0.8186097145080566,0.7945205569267273,0.43248531222343445,0.16824062168598175,0.703201949596405,0.3883313834667206,0.39823874831199646,0.2880154550075531,0.2880154550075531,0.7694360017776489,0.756624162197113,0.3591756522655487,0.11252541095018387,0.6796368360519409,0.4125867187976837,0.32580962777137756,0.23582428693771362,0.23582428693771362,0.7250771522521973,0.6787819266319275,0.3133595287799835,0.07152349501848221,0.6816208362579346,0.4009524881839752,0.2779960632324219,0.19286100566387177,0.19286100566387177,0.682406485080719,0.639053225517273,0.2662721872329712,0.04094436392188072,0.6435185074806213,0.3822445571422577,0.2337278127670288,0.16803549230098724,0.16803549230098724,0.6510565876960754,0.5837462544441223,0.2487611472606659,0.01788373664021492,0.6893039345741272,0.32635220885276794,0.21209117770195007,0.6215052604675293,0.33260804414749146
10:46:11,49,1.6450815200805664,1.1210236549377441,0.5718684792518616,1.0,0.8261626362800598,0.6676511764526367,0.3178621530532837,2.27298641204834,2.254058599472046,0.0002,7.8805785570293665,0.2420971691608429,0.2420971691608429,0.6865540742874146,4.4599609375,0.6676511764526367,0.3178621530532837,0.6052243709564209,0.5718684792518616,2.634765625,0.2960618734359741,0.2420971691608429,0.7860637307167053,0.001823880011215806,0.0,1.0148599066899695,7.882861414924264,456.6869580104863,0.5256620049476624,0.5256620049476624,0.9027627110481262,0.8994140625,0.591796875,0.3704197406768799,0.6471226811408997,0.5789998769760132,0.58203125,0.33353930711746216,0.33353930711746216,0.7899291515350342,0.7923604249954224,0.4152791500091553,0.24760106205940247,0.6131026148796082,0.6427027583122253,0.3986288011074066,0.24962076544761658,0.24962076544761658,0.7260131239891052,0.7123152613639832,0.3221674859523773,0.16217964887619019,0.611341655254364,0.5537682175636292,0.30049261450767517,0.18561585247516632,0.18561585247516632,0.6603615880012512,0.6163707971572876,0.26035502552986145,0.10402704030275345,0.5888000130653381,0.5223002433776855,0.23570019006729126,0.1603378802537918,0.1603378802537918,0.6170954704284668,0.6179664134979248,0.2507403790950775,0.06417109072208405,0.5910543203353882,0.46120163798332214,0.2132280319929123,0.12594729661941528,0.12594729661941528,0.5724282264709473,0.5498519539833069,0.19842053949832916,0.03601890429854393,0.5709156394004822,0.4869869351387024,0.18361303210258484,0.10980495065450668,0.10980495065450668,0.5336183905601501,0.4811881184577942,0.18217821419239044,0.015582609921693802,0.5823045372962952,0.3815273344516754,0.15445543825626373,0.5371229648590088,0.2420971691608429
10:46:19,50,1.2644176483154297,0.8106875419616699,0.47966518998146057,1.0,0.8519335389137268,0.7248595356941223,0.3699438273906708,2.617570638656616,1.7526323795318604,0.0002,7.890489675570279,0.3029504120349884,0.3029504120349884,0.7668880820274353,4.9677734375,0.7248595356941223,0.3699438273906708,0.6388297080993652,0.47966518998146057,2.9501953125,0.3414325714111328,0.30295035243034363,0.742965579032898,0.0015551429241895676,0.0,1.0136161603051814,7.892533991951495,456.1272721373316,0.5885267853736877,0.5885267853736877,0.9552377462387085,0.9677734375,0.6455078125,0.3469194769859314,0.6639757752418518,0.5245651602745056,0.642578125,0.39558202028274536,0.39558202028274536,0.86090487241745,0.813725471496582,0.4637254774570465,0.24217325448989868,0.6566265225410461,0.5191555619239807,0.44607841968536377,0.3089253306388855,0.3089253306388855,0.793596625328064,0.7455795407295227,0.3880157172679901,0.16641277074813843,0.6521739363670349,0.4401249885559082,0.35559922456741333,0.2552858293056488,0.2552858293056488,0.7425550222396851,0.7111984491348267,0.326129674911499,0.11198168247938156,0.6160221099853516,0.45454245805740356,0.2946954667568207,0.2222628891468048,0.2222628891468048,0.7029290199279785,0.6515747904777527,0.27952754497528076,0.07210768014192581,0.6329305171966553,0.3630475699901581,0.24901574850082397,0.18678148090839386,0.18678148090839386,0.671056866645813,0.6065088510513306,0.258382648229599,0.041901033371686935,0.6162601709365845,0.33685994148254395,0.2209073007106781,0.15968234837055206,0.15968234837055206,0.6391354203224182,0.5742574334144592,0.22475247085094452,0.018504172563552856,0.6120689511299133,0.33377140760421753,0.17722772061824799,0.5803737640380859,0.30295035243034363
10:46:27,51,1.1051783561706543,0.728060245513916,0.3986889123916626,1.0,0.8773525953292847,0.7087719440460205,0.39592981338500977,2.8115286827087402,0.9006450772285461,0.0002,8.11663048597984,0.32681891322135925,0.32681891322135925,0.7564541101455688,4.98828125,0.7087719440460205,0.39592981338500977,0.6831682920455933,0.3986889123916626,3.1591796875,0.3657543957233429,0.32681891322135925,0.7269359230995178,0.001881311647593975,0.0,0.9853389471782903,8.119033580180258,443.40252623023065,0.6092261075973511,0.6092261075973511,0.9466234445571899,0.939453125,0.6640625,0.3375789225101471,0.7016631960868835,0.4369848072528839,0.6591796875,0.4295547306537628,0.4295547306537628,0.8516398668289185,0.8148873448371887,0.49657198786735535,0.24051304161548615,0.6802884340286255,0.4449963867664337,0.474045068025589,0.3393994867801666,0.3393994867801666,0.7880513072013855,0.7379783987998962,0.41707557439804077,0.16816940903663635,0.6835106611251831,0.3811914920806885,0.36997056007385254,0.2823629677295685,0.2823629677295685,0.7338172197341919,0.6876227855682373,0.3634577691555023,0.11481940001249313,0.7057142853736877,0.3204197585582733,0.32318270206451416,0.24119645357131958,0.24119645357131958,0.6923921704292297,0.6407480239868164,0.31496062874794006,0.07483839243650436,0.6743471622467041,0.33437177538871765,0.2736220359802246,0.20268943905830383,0.20268943905830383,0.6576171517372131,0.5842364430427551,0.2630541920661926,0.044186558574438095,0.6509274840354919,0.28087615966796875,0.23743842542171478,0.1799238622188568,0.1799238622188568,0.6223980784416199,0.5533596873283386,0.24901185929775238,0.01989424042403698,0.6714285612106323,0.24515122175216675,0.2193675935268402,0.6233564615249634,0.32681891322135925
10:46:35,52,1.000265121459961,0.6400149464607239,0.3768267333507538,1.0,0.8811725378036499,0.745869517326355,0.41865023970603943,2.9546074867248535,1.1236166954040527,0.0002,7.885162373073399,0.3511606454849243,0.3511606454849243,0.7789166569709778,5.158203125,0.745869517326355,0.41865023970603943,0.6799324154853821,0.3768267333507538,3.265625,0.39064687490463257,0.3511606454849243,0.7091713547706604,0.00167635059915483,0.0,1.0142712529594682,7.887436399934813,456.4220638317607,0.61118483543396,0.61118483543396,0.9556032419204712,0.958984375,0.66015625,0.3285766839981079,0.6883910298347473,0.4297480285167694,0.66015625,0.4628838002681732,0.4628838002681732,0.8776335716247559,0.8514174222946167,0.541544497013092,0.23779042065143585,0.6865671873092651,0.4096042215824127,0.5210165977478027,0.3589310944080353,0.3589310944080353,0.8045067191123962,0.7933398485183716,0.43192946910858154,0.16873832046985626,0.6592592597007751,0.3936910033226013,0.40646424889564514,0.30055537819862366,0.30055537819862366,0.7548312544822693,0.707149863243103,0.3731635510921478,0.11740787327289581,0.6745152473449707,0.30319705605506897,0.34182173013687134,0.2626541256904602,0.2626541256904602,0.7162532806396484,0.6692836284637451,0.32875367999076843,0.07827656716108322,0.6950146555900574,0.23288856446743011,0.29244357347488403,0.24429231882095337,0.24429231882095337,0.6858453750610352,0.6430678367614746,0.31170108914375305,0.047371912747621536,0.6666666865348816,0.26373544335365295,0.2694198489189148,0.21551673114299774,0.21551673114299774,0.6560620069503784,0.5958701968193054,0.2812192738056183,0.021838298067450523,0.6881188154220581,0.19466982781887054,0.24090461432933807,0.6302003264427185,0.3511606454849243
10:46:43,53,0.8919757008552551,0.5603172779083252,0.34451451897621155,1.0,0.8937985897064209,0.75087571144104,0.42370742559432983,3.1245744228363037,0.9279627799987793,0.0002,7.874089672695845,0.36173006892204285,0.36173006892204285,0.7806940674781799,5.3798828125,0.75087571144104,0.42370742559432983,0.6908005475997925,0.34451451897621155,3.4775390625,0.4162813425064087,0.36173006892204285,0.6984444260597229,0.0018261268269270658,0.0,1.0156831946815712,7.87647175998427,457.05743760670697,0.6400980949401855,0.6400980949401855,0.9593757390975952,0.958984375,0.6962890625,0.3246983289718628,0.7240325808525085,0.3754843771457672,0.693359375,0.48092490434646606,0.48092490434646606,0.8872893452644348,0.8681640625,0.5517578125,0.23723837733268738,0.7030371427536011,0.37254223227500916,0.55078125,0.371439665555954,0.371439665555954,0.8118453025817871,0.8072407245635986,0.43150684237480164,0.16968899965286255,0.6739394068717957,0.35750195384025574,0.4461839497089386,0.3160872161388397,0.3160872161388397,0.7598862648010254,0.7254902124404907,0.3803921639919281,0.11868900060653687,0.6702702641487122,0.32220280170440674,0.3705882430076599,0.26387935876846313,0.26387935876846313,0.7155641317367554,0.6575073599815369,0.3238469064235687,0.07936488091945648,0.6925373077392578,0.24766036868095398,0.3052011728286743,0.23775222897529602,0.23775222897529602,0.6799371838569641,0.6505905389785767,0.30610236525535583,0.04806503280997276,0.6762481331825256,0.2215796411037445,0.29035434126853943,0.21864672005176544,0.21864672005176544,0.6482829451560974,0.5849802494049072,0.27272728085517883,0.022255336865782738,0.6807432174682617,0.19433651864528656,0.2539525628089905,0.6365296244621277,0.36173006892204285
10:46:51,54,0.8733524084091187,0.5477038621902466,0.3368679881095886,1.0,0.8946515321731567,0.7742615938186646,0.4416314959526062,3.1799941062927246,0.9133202433586121,0.0002,7.8650162948761135,0.3816605508327484,0.3816605508327484,0.8117020726203918,5.6337890625,0.7742615938186646,0.4416314959526062,0.7009990811347961,0.3368679881095886,3.6123046875,0.42180028557777405,0.3816605508327484,0.6895356178283691,0.0016537460032850504,0.0,1.016882840561861,7.867179660126567,457.5972782528375,0.6755133867263794,0.6755133867263794,0.9637218117713928,0.9638671875,0.7333984375,0.32570716738700867,0.7507598996162415,0.32398733496665955,0.7236328125,0.4995747208595276,0.4995747208595276,0.8974073529243469,0.8834475874900818,0.5700293779373169,0.23869727551937103,0.6995565295219421,0.38539159297943115,0.5582761764526367,0.3999607563018799,0.3999607563018799,0.8406920433044434,0.8074656128883362,0.4538310468196869,0.17095205187797546,0.7043795585632324,0.3370918333530426,0.4499017596244812,0.33716702461242676,0.33716702461242676,0.7950616478919983,0.746798038482666,0.3980295658111572,0.11889588832855225,0.7097625136375427,0.2990031838417053,0.3802955746650696,0.2904280126094818,0.2904280126094818,0.7574445009231567,0.709073007106781,0.3461538553237915,0.07851161807775497,0.6703755259513855,0.31641849875450134,0.31459566950798035,0.24860301613807678,0.24860301613807678,0.7279414534568787,0.6716122627258301,0.3125618100166321,0.04646076261997223,0.6789396405220032,0.31398749351501465,0.2680514454841614,0.2150929719209671,0.2150929719209671,0.6964133381843567,0.6335650682449341,0.27209532260894775,0.02077529951930046,0.6692789793014526,0.3212611973285675,0.2522343695163727,0.650626003742218,0.3816605508327484
10:46:59,55,1.0832931995391846,0.7056208848953247,0.39708101749420166,1.0,0.8732701539993286,0.7235178351402283,0.3932284414768219,2.797595262527466,2.3739101886749268,0.0002,7.952147196279839,0.3232549726963043,0.3232549726963043,0.7352739572525024,5.08203125,0.7235178351402283,0.3932284414768219,0.6683495044708252,0.39708101749420166,3.17578125,0.37384095788002014,0.3232550024986267,0.7310425639152527,0.0017134130466729403,0.0,1.0057281380785357,7.954435892868787,452.5776621353411,0.598905622959137,0.598905622959137,0.9353174567222595,0.951171875,0.6591796875,0.3364872634410858,0.7002053260803223,0.44032278656959534,0.666015625,0.4247245490550995,0.4247245490550995,0.8416661024093628,0.8258317112922668,0.4921722114086151,0.23964422941207886,0.6753554344177246,0.4184738099575043,0.48532289266586304,0.3303191661834717,0.3303191661834717,0.7617417573928833,0.7708129286766052,0.40842312574386597,0.16769245266914368,0.6493011713027954,0.40941721200942993,0.3917727768421173,0.2731448709964752,0.2731448709964752,0.7080985903739929,0.6998031735420227,0.34547245502471924,0.11496436595916748,0.6666666865348816,0.34571343660354614,0.31889763474464417,0.24105897545814514,0.24105897545814514,0.6650643348693848,0.6400394439697266,0.30670610070228577,0.07565099000930786,0.668721079826355,0.2919026017189026,0.2830374836921692,0.20468054711818695,0.20468054711818695,0.6316388249397278,0.5998023748397827,0.2756916880607605,0.04504977539181709,0.6507413387298584,0.2687699496746063,0.2440711408853531,0.18556949496269226,0.18556949496269226,0.5995755195617676,0.572844386100769,0.26065412163734436,0.020510884001851082,0.6505190134048462,0.24999964237213135,0.22299306094646454,0.6092363595962524,0.3232550024986267
10:47:06,56,1.0050832033157349,0.6517795324325562,0.36950621008872986,1.0,0.8856523036956787,0.7296047210693359,0.4060835540294647,2.8922336101531982,3.058210611343384,0.0002,7.920768593205139,0.3314317464828491,0.3314317464828491,0.7392126321792603,5.18359375,0.7296047210693359,0.4060835540294647,0.6854947209358215,0.36950621008872986,3.310546875,0.3860386908054352,0.3314317762851715,0.7207143306732178,0.0016671139746904373,0.0,1.0097217189623218,7.922975063091144,454.3747735330448,0.6134457588195801,0.6134457588195801,0.9314620494842529,0.95703125,0.6845703125,0.332118958234787,0.7071428298950195,0.39030295610427856,0.677734375,0.4234543442726135,0.4234543442726135,0.8349321484565735,0.854207456111908,0.5078278183937073,0.23821550607681274,0.6827033162117004,0.43224796652793884,0.4921722114086151,0.3375099301338196,0.3375099301338196,0.7632026076316833,0.7690802216529846,0.4109589159488678,0.16844095289707184,0.6857506632804871,0.3687085509300232,0.395303338766098,0.2857162058353424,0.2857162058353424,0.7100364565849304,0.6823529601097107,0.3686274588108063,0.1167248785495758,0.6968390941619873,0.30391567945480347,0.3382352888584137,0.24994288384914398,0.24994288384914398,0.6743941903114319,0.6391347050666809,0.3294001817703247,0.07733739912509918,0.6738461256027222,0.2591761648654938,0.2979350984096527,0.21576890349388123,0.21576890349388123,0.6430793404579163,0.6141732335090637,0.2854330837726593,0.04621598497033119,0.6682692170143127,0.28152117133140564,0.2618110179901123,0.1912306696176529,0.1912306696176529,0.6149731874465942,0.5883514285087585,0.25271472334861755,0.020946301519870758,0.6711409687995911,0.26774728298187256,0.2359328716993332,0.620165228843689,0.3314317762851715
10:47:14,57,0.9937818050384521,0.6094639301300049,0.39834311604499817,1.0,0.8746815919876099,0.7704941034317017,0.42462098598480225,2.9259490966796875,3.032944917678833,0.0002,7.955483546014875,0.34856027364730835,0.34856027364730835,0.7802087068557739,5.525390625,0.7704941034317017,0.42462098598480225,0.674804151058197,0.39834311604499817,3.345703125,0.398512065410614,0.34856027364730835,0.7082749605178833,0.001587296137586236,0.0,1.0053267788642164,7.957611562917009,452.39705048889743,0.6377147436141968,0.6377147436141968,0.9643959403038025,0.9755859375,0.6982421875,0.3343263268470764,0.7167167067527771,0.41457146406173706,0.69921875,0.4652675688266754,0.4652675688266754,0.889815092086792,0.8895405530929565,0.5464320778846741,0.2404576689004898,0.6747252941131592,0.44452014565467834,0.5307917594909668,0.3691178262233734,0.3691178262233734,0.8168081045150757,0.8129284977912903,0.46327129006385803,0.1690347045660019,0.6686747074127197,0.3863944709300995,0.42605289816856384,0.295539915561676,0.295539915561676,0.7584909796714783,0.7495088577270508,0.3752455711364746,0.11569854617118835,0.6697247624397278,0.36552128195762634,0.34774067997932434,0.2600206434726715,0.2600206434726715,0.7154243588447571,0.6958661675453186,0.3405511677265167,0.07564052939414978,0.6605374813079834,0.34142979979515076,0.3001968562602997,0.216582253575325,0.216582253575325,0.6730144619941711,0.6640316247940063,0.2865612506866455,0.04470194876194,0.6547619104385376,0.29300549626350403,0.25889328122138977,0.19115205109119415,0.19115205109119415,0.6399189233779907,0.6019802093505859,0.2574257552623749,0.02014041505753994,0.6595394611358643,0.28236153721809387,0.22178217768669128,0.613819420337677,0.34856027364730835
10:47:22,58,0.9310501217842102,0.5893542766571045,0.3551871180534363,1.0,0.8919311761856079,0.7591261267662048,0.4381959140300751,3.0065555572509766,3.6273889541625977,0.0002,7.857464500237256,0.3588951826095581,0.3588951826095581,0.7851071357727051,5.4375,0.7591261267662048,0.4381959140300751,0.6943928599357605,0.3551871180534363,3.5078125,0.4077519476413727,0.3588951826095581,0.7028792500495911,0.0016537958290427923,0.0,1.0178657265565192,7.859582842094824,458.0395769504336,0.64789879322052,0.64789879322052,0.9634287357330322,0.96484375,0.7119140625,0.3320063352584839,0.7358299493789673,0.36951521039009094,0.7099609375,0.4874427318572998,0.4874427318572998,0.8898167014122009,0.8873653411865234,0.56611168384552,0.24037042260169983,0.7251655459403992,0.366020530462265,0.5523996353149414,0.3798554539680481,0.3798554539680481,0.8185311555862427,0.8080708384513855,0.4724409580230713,0.1697351336479187,0.6954932808876038,0.37111493945121765,0.437992125749588,0.3087863326072693,0.3087863326072693,0.7647756338119507,0.7384008169174194,0.39387956261634827,0.11664210259914398,0.6697860956192017,0.33810219168663025,0.35636723041534424,0.26368436217308044,0.26368436217308044,0.722352147102356,0.6811881065368652,0.3594059348106384,0.07623692601919174,0.7063953280448914,0.2986867129802704,0.303960382938385,0.22150415182113647,0.22150415182113647,0.6821954250335693,0.6252484917640686,0.29522863030433655,0.04486765339970589,0.6470588445663452,0.30315715074539185,0.2564612329006195,0.19636408984661102,0.19636408984661102,0.6498228311538696,0.6029850840568542,0.26169154047966003,0.020141394808888435,0.6452144980430603,0.2639177143573761,0.22985073924064636,0.6274889707565308,0.3588951826095581
10:47:30,59,0.8128026127815247,0.5010617971420288,0.32220548391342163,1.0,0.8996548652648926,0.7707982063293457,0.46486788988113403,3.259253740310669,0.9610108137130737,0.0002,7.876798338023946,0.3976040184497833,0.3976040184497833,0.7981962561607361,5.53515625,0.7707982063293457,0.46486788988113403,0.6995441913604736,0.32220548391342163,3.6005859375,0.4406970143318176,0.39760395884513855,0.6833900213241577,0.001649299869313836,0.0,1.015356687217542,7.879004590911791,456.91050924789386,0.6482292413711548,0.6482292413711548,0.961124062538147,0.9638671875,0.7041015625,0.31645408272743225,0.7254306077957153,0.3549048602581024,0.69921875,0.4965657889842987,0.4965657889842987,0.8897573947906494,0.875,0.5693359375,0.2348458170890808,0.7042410969734192,0.35402804613113403,0.5458984375,0.41110432147979736,0.41110432147979736,0.8244588375091553,0.7827788591384888,0.4882583022117615,0.17110386490821838,0.7149999737739563,0.3003910779953003,0.463796466588974,0.35320815443992615,0.35320815443992615,0.7744616866111755,0.7502458095550537,0.4198623299598694,0.1215159222483635,0.6920052170753479,0.29330986738204956,0.39823007583618164,0.3111128807067871,0.3111128807067871,0.7383698225021362,0.7117472887039185,0.3780848979949951,0.08228981494903564,0.6699029207229614,0.27402281761169434,0.3445212244987488,0.2898772060871124,0.2898772060871124,0.7098932862281799,0.6590684056282043,0.35579782724380493,0.05039229616522789,0.6902255415916443,0.22343936562538147,0.32804757356643677,0.268197625875473,0.268197625875473,0.6853882074356079,0.6484607458114624,0.3336643576622009,0.023398200049996376,0.6860643029212952,0.2328108698129654,0.29990068078041077,0.646319568157196,0.39760395884513855
10:47:38,60,1.18699312210083,0.746951699256897,0.4609008729457855,1.0,0.8576800227165222,0.7474733591079712,0.38461539149284363,2.687384843826294,0.9300062656402588,0.0002,7.856266474118456,0.3107292354106903,0.3107292354106903,0.7836138010025024,5.3505859375,0.7474733591079712,0.38461539149284363,0.6582159399986267,0.4609008729457855,3.10546875,0.3578045964241028,0.3107292354106903,0.7336068749427795,0.0016412020195275545,0.0,1.0180096345328973,7.858471794985235,458.1043355398038,0.6267222166061401,0.6267222166061401,0.9629378914833069,0.97265625,0.697265625,0.35093942284584045,0.7108433842658997,0.4595959782600403,0.6904296875,0.44464170932769775,0.44464170932769775,0.897361159324646,0.878669261932373,0.523483395576477,0.24549832940101624,0.6726058125495911,0.4891681671142578,0.5039138793945312,0.32108834385871887,0.32108834385871887,0.819646954536438,0.7821393609046936,0.38763493299484253,0.16669541597366333,0.683814287185669,0.4607863128185272,0.3866535723209381,0.25609126687049866,0.25609126687049866,0.7663004398345947,0.7305801510810852,0.33824974298477173,0.11019738763570786,0.6527590751647949,0.43292689323425293,0.3008849620819092,0.20620359480381012,0.20620359480381012,0.7175611257553101,0.6663385629653931,0.2824803292751312,0.06954379379749298,0.6144756078720093,0.4500461220741272,0.2460629940032959,0.17159591615200043,0.17159591615200043,0.6765004396438599,0.635108470916748,0.24358974397182465,0.039754290133714676,0.6164596080780029,0.4065234363079071,0.2120315581560135,0.14457757771015167,0.14457757771015167,0.6420472860336304,0.5632411241531372,0.21541501581668854,0.01737133227288723,0.6140350699424744,0.4197908937931061,0.16007904708385468,0.5943654775619507,0.3107292354106903
10:47:46,61,1.2625641822814941,0.8128728866577148,0.4762924611568451,1.0,0.8557318449020386,0.7172752618789673,0.36853933334350586,2.6199705600738525,2.3488175868988037,0.0002,7.9198304049205035,0.2956049144268036,0.2956049144268036,0.7586625218391418,4.888671875,0.7172752618789673,0.36853933334350586,0.6479341983795166,0.4762924611568451,2.9208984375,0.3356741666793823,0.2956049144268036,0.7471657991409302,0.0016678101383149624,0.0,1.009839240237729,7.922053017187864,454.427658106978,0.5898114442825317,0.5898114442825317,0.9531989693641663,0.9658203125,0.6611328125,0.3479992747306824,0.6774519681930542,0.5205536484718323,0.654296875,0.40348872542381287,0.40348872542381287,0.8698002696037292,0.8472086191177368,0.4809010624885559,0.24190281331539154,0.6612716913223267,0.5371271967887878,0.45837414264678955,0.2878439426422119,0.2878439426422119,0.7908002734184265,0.743614912033081,0.35952848196029663,0.16500376164913177,0.6248348951339722,0.49179139733314514,0.32318270206451416,0.24145862460136414,0.24145862460136414,0.7361339330673218,0.6899606585502625,0.3198818862438202,0.11098391562700272,0.6490727663040161,0.3884570896625519,0.27854329347610474,0.20091888308525085,0.20091888308525085,0.6888654828071594,0.625,0.2775590419769287,0.0720314159989357,0.6456692814826965,0.3163928985595703,0.23720473051071167,0.1801891028881073,0.1801891028881073,0.6485634446144104,0.5808678269386292,0.2544378638267517,0.042697273194789886,0.6417657136917114,0.2614016830921173,0.21499013900756836,0.16180573403835297,0.16180573403835297,0.6202353239059448,0.5647873282432556,0.22255192697048187,0.019381556659936905,0.6147110462188721,0.2674799859523773,0.1790306568145752,0.5790138840675354,0.2956049144268036
10:47:54,62,0.8941615223884583,0.5779159665107727,0.3303699195384979,1.0,0.8982589244842529,0.7403454780578613,0.4291532039642334,3.1326427459716797,2.6560137271881104,0.0002,8.045501572079957,0.3682275712490082,0.3682275712490082,0.8009029626846313,5.1845703125,0.7403454780578613,0.4291532039642334,0.6930956244468689,0.3303699195384979,3.4453125,0.4071057438850403,0.3682275712490082,0.6991512775421143,0.0016333968378603458,0.0,0.9940638042249058,8.04777315701358,447.3287119012076,0.6235355138778687,0.6235355138778687,0.9570688605308533,0.9462890625,0.6845703125,0.3203312158584595,0.7151702642440796,0.3882809579372406,0.6767578125,0.4664820730686188,0.4664820730686188,0.8956294059753418,0.8393731713294983,0.5239960551261902,0.2351306974887848,0.691948652267456,0.37119823694229126,0.5190989375114441,0.3835917115211487,0.3835917115211487,0.8333560824394226,0.7607843279838562,0.44509804248809814,0.17008820176124573,0.7048969268798828,0.2942236363887787,0.41960784792900085,0.32395195960998535,0.32395195960998535,0.7822643518447876,0.7207472920417786,0.3844641149044037,0.12029273062944412,0.6862210035324097,0.2809189558029175,0.3569321632385254,0.2870625853538513,0.2870625853538513,0.7442877292633057,0.6709359884262085,0.35172414779663086,0.08134140819311142,0.6784141063690186,0.24531029164791107,0.32019704580307007,0.257312536239624,0.257312536239624,0.708358108997345,0.6317867636680603,0.32477790117263794,0.04972327873110771,0.699999988079071,0.18281935155391693,0.28430405259132385,0.2320682853460312,0.2320682853460312,0.6826404929161072,0.6092977523803711,0.28585559129714966,0.02309246174991131,0.6623376607894897,0.21953415870666504,0.2690405547618866,0.6397432684898376,0.3682275712490082
10:48:02,63,0.8587096929550171,0.5338907241821289,0.33718496561050415,1.0,0.897899866104126,0.7672426104545593,0.44641101360321045,3.227431297302246,3.2326364517211914,0.0002,8.081539890728891,0.3880731761455536,0.3880731761455536,0.8330346941947937,5.419921875,0.7672426104545593,0.44641101360321045,0.701940655708313,0.33718496561050415,3.525390625,0.4246383011341095,0.3880731761455536,0.6833943128585815,0.0016759173013269901,0.0,0.9896473538445925,8.083687556907535,445.3413092300666,0.6613665819168091,0.6613665819168091,0.9722745418548584,0.95703125,0.7138671875,0.32103341817855835,0.7336734533309937,0.36384791135787964,0.7021484375,0.5132617950439453,0.5132617950439453,0.9158673882484436,0.8882352709770203,0.5764706134796143,0.23652547597885132,0.7273730635643005,0.33256590366363525,0.563725471496582,0.39387235045433044,0.39387235045433044,0.8695307374000549,0.8007850646972656,0.4553483724594116,0.17041651904582977,0.6752451062202454,0.39047667384147644,0.43964672088623047,0.34268033504486084,0.34268033504486084,0.8224221467971802,0.7448478937149048,0.4003925323486328,0.12004494667053223,0.7061923742294312,0.2889153063297272,0.38469088077545166,0.29712975025177,0.29712975025177,0.7783229351043701,0.6909449100494385,0.34153541922569275,0.08056140691041946,0.7022792100906372,0.2689243257045746,0.32972440123558044,0.25786635279655457,0.25786635279655457,0.7474381923675537,0.6640316247940063,0.3231225311756134,0.048776861280202866,0.663690447807312,0.27602189779281616,0.28260868787765503,0.24631787836551666,0.24631787836551666,0.7227915525436401,0.6214073300361633,0.31020811200141907,0.022641435265541077,0.6858054399490356,0.21965627372264862,0.2656095027923584,0.6518359184265137,0.3880731761455536
10:48:10,64,1.2708982229232788,0.8138885498046875,0.4848683774471283,1.0,0.8542138934135437,0.7063191533088684,0.36752137541770935,2.6411561965942383,3.9669628143310547,0.0002,7.833113598171622,0.3004889190196991,0.3004889190196991,0.7744913697242737,4.8486328125,0.7063191533088684,0.36752137541770935,0.6343979239463806,0.4848683774471283,2.9501953125,0.3344542384147644,0.3004889190196991,0.7417590022087097,0.0016329600475728512,0.0,1.0209820226301767,7.83559340192005,459.4419101835795,0.5886138677597046,0.5886138677597046,0.9534602761268616,0.95703125,0.66015625,0.34668728709220886,0.6775510311126709,0.5161508321762085,0.6484375,0.40672555565834045,0.40672555565834045,0.8766341209411621,0.8466796875,0.4736328125,0.24230468273162842,0.6320645809173584,0.5501560568809509,0.462890625,0.30591729283332825,0.30591729283332825,0.8120065927505493,0.7208619117736816,0.3780607283115387,0.16591531038284302,0.6209239363670349,0.47695767879486084,0.3398628830909729,0.24189676344394684,0.24189676344394684,0.7531180381774902,0.6653581857681274,0.30618253350257874,0.11140065640211105,0.6386430859565735,0.4516686201095581,0.28066733479499817,0.21689441800117493,0.21689441800117493,0.710902988910675,0.6119843125343323,0.2966601252555847,0.0721522867679596,0.6581059098243713,0.3145830035209656,0.2455795705318451,0.1791916936635971,0.1791916936635971,0.6728335618972778,0.5919370651245117,0.23598819971084595,0.04241567850112915,0.5813953280448914,0.3216037452220917,0.1819075644016266,0.1612335592508316,0.1612335592508316,0.6401101350784302,0.5473372936248779,0.21893490850925446,0.019124004989862442,0.6054053902626038,0.272128701210022,0.1785009801387787,0.5808815360069275,0.3004889190196991
10:48:18,65,0.5238322615623474,0.3209892809391022,0.2069043666124344,1.0,0.9356499910354614,0.8325737118721008,0.5502886772155762,4.012388229370117,0.7792274355888367,0.0002,7.975868889363483,0.5027780532836914,0.5027780532836914,0.8759247660636902,6.140756130218506,0.8325737118721008,0.5502886772155762,0.7779197096824646,0.2069043666124344,4.415966510772705,0.5379824042320251,0.5027781128883362,0.6113061904907227,0.001722562126815319,0.0,1.0027426383831375,7.978118904866278,451.23418727241193,0.7535814046859741,0.7535814046859741,0.9758453369140625,0.9768907427787781,0.7951680421829224,0.299587607383728,0.8129032254219055,0.21623843908309937,0.7941176295280457,0.6141154766082764,0.6141154766082764,0.9416170120239258,0.9144667387008667,0.6610348224639893,0.2312197983264923,0.7736720442771912,0.22373612225055695,0.6557550430297852,0.5297913551330566,0.5297913551330566,0.9023438692092896,0.8591101765632629,0.5826271176338196,0.17442595958709717,0.7817509174346924,0.19899286329746246,0.5656779408454895,0.47020119428634644,0.47020119428634644,0.8678557872772217,0.800000011920929,0.5223404169082642,0.12729045748710632,0.7792553305625916,0.17808760702610016,0.4968084990978241,0.421342670917511,0.421342670917511,0.8403883576393127,0.7970085740089417,0.4711538553237915,0.08784792572259903,0.7640750408172607,0.20001071691513062,0.4540598392486572,0.3759380877017975,0.3759380877017975,0.8118122816085815,0.7513397932052612,0.4190782308578491,0.05430992320179939,0.7631954550743103,0.19704799354076385,0.4126473665237427,0.3473864793777466,0.3473864793777466,0.7881720662117004,0.7247312068939209,0.3935483992099762,0.025318186730146408,0.7596439123153687,0.18270450830459595,0.3795698881149292,0.734090268611908,0.5027781128883362
10:48:26,66,1.1443613767623901,0.7437557578086853,0.4231182038784027,1.0,0.8698238730430603,0.7249018549919128,0.39007291197776794,2.7545359134674072,1.4777709245681763,0.0002,8.396367458859459,0.3216138482093811,0.3216138482093811,0.7773611545562744,4.9609375,0.7249018549919128,0.39007291197776794,0.6605415940284729,0.4231182038784027,3.0849609375,0.3623107075691223,0.3216138482093811,0.7278924584388733,0.0017672572284936905,0.0,0.952525388106834,8.398726270068437,428.6364246480753,0.5954017043113708,0.5954017043113708,0.9464485049247742,0.9501953125,0.6572265625,0.33780422806739807,0.6824254989624023,0.49383819103240967,0.6484375,0.41867896914482117,0.41867896914482117,0.8740777969360352,0.837890625,0.498046875,0.23963043093681335,0.6689976453781128,0.4828062355518341,0.46875,0.3291824758052826,0.3291824758052826,0.8109920024871826,0.7463271021842957,0.4094025492668152,0.1672608107328415,0.6876640319824219,0.37664344906806946,0.3829578757286072,0.2727147936820984,0.2727147936820984,0.7588062882423401,0.690873384475708,0.33954858779907227,0.1145515888929367,0.6463068127632141,0.32153812050819397,0.3081452548503876,0.24083282053470612,0.24083282053470612,0.7159940600395203,0.6548672318458557,0.30776795744895935,0.07533248513936996,0.6561561822891235,0.28988295793533325,0.27138644456863403,0.20227015018463135,0.20227015018463135,0.6796783208847046,0.5940886735916138,0.2610837519168854,0.04491981491446495,0.6351575255393982,0.27111750841140747,0.23743842542171478,0.18884222209453583,0.18884222209453583,0.6528012752532959,0.5968379378318787,0.2539525628089905,0.02050073817372322,0.6258277893066406,0.2393784523010254,0.21541501581668854,0.6071490049362183,0.3216138482093811
10:48:34,67,1.0496437549591064,0.6561650633811951,0.4101965129375458,1.0,0.8728591799736023,0.7542456388473511,0.40631580352783203,2.9080278873443604,1.3572094440460205,0.0002,8.054644542979077,0.347657710313797,0.347657710313797,0.8110316395759583,5.4345703125,0.7542456388473511,0.40631580352783203,0.6721250414848328,0.4101965129375458,3.2734375,0.3922806978225708,0.347657710313797,0.7110207080841064,0.0016933418810367584,0.0,0.9929310308330785,8.056954361964017,446.81896387488536,0.6395247578620911,0.6395247578620911,0.9659957885742188,0.9697265625,0.689453125,0.3366546928882599,0.7089627385139465,0.4198053777217865,0.6875,0.4815818965435028,0.4815818965435028,0.9021068215370178,0.8863859176635742,0.5416258573532104,0.24189619719982147,0.7027624249458313,0.4271637797355652,0.5416258573532104,0.36653226613998413,0.36653226613998413,0.8400418162345886,0.8029412031173706,0.44019606709480286,0.1690981686115265,0.6764346957206726,0.4186131954193115,0.42450979351997375,0.2922874987125397,0.2922874987125397,0.7956907153129578,0.71512770652771,0.3457760214805603,0.11489847302436829,0.666208803653717,0.3798258602619171,0.33889979124069214,0.24672678112983704,0.24672678112983704,0.7554519772529602,0.6702755689620972,0.30216535925865173,0.07446284592151642,0.6255506873130798,0.37192949652671814,0.2805117964744568,0.21055135130882263,0.21055135130882263,0.7219122052192688,0.6222879886627197,0.26824456453323364,0.043580617755651474,0.6592710018157959,0.3659711182117462,0.241617351770401,0.19259651005268097,0.19259651005268097,0.6936327219009399,0.6096838116645813,0.25296443700790405,0.01940900646150112,0.6337115168571472,0.36336520314216614,0.22727273404598236,0.6177206635475159,0.347657710313797
10:48:42,68,1.3708425760269165,0.8923295736312866,0.5083616971969604,1.0,0.8428147435188293,0.7084912061691284,0.3466666638851166,2.4775822162628174,1.267277717590332,0.0002,8.056405666749924,0.27787405252456665,0.27787405252456665,0.7368254065513611,4.9560546875,0.7084912061691284,0.3466666638851166,0.6327258348464966,0.5083616971969604,2.8720703125,0.3274385929107666,0.27787405252456665,0.7603352069854736,0.0014123220462352037,0.0,0.9927649769035243,8.058302001096308,446.74423960658595,0.5579649209976196,0.5579649209976196,0.9333824515342712,0.9443359375,0.623046875,0.35545584559440613,0.6525335907936096,0.5536667704582214,0.6162109375,0.3826591968536377,0.3826591968536377,0.8417747616767883,0.8442703485488892,0.45249754190444946,0.24494010210037231,0.6415313482284546,0.5554295182228088,0.45347699522972107,0.28809720277786255,0.28809720277786255,0.7664056420326233,0.7278978228569031,0.3614931106567383,0.16535161435604095,0.6558704376220703,0.454377681016922,0.3447937071323395,0.23560087382793427,0.23560087382793427,0.7138079404830933,0.6886051297187805,0.31827113032341003,0.1090625748038292,0.6504992842674255,0.4260484576225281,0.28192535042762756,0.18129286170005798,0.18129286170005798,0.6643110513687134,0.6299212574958801,0.24409449100494385,0.06869488209486008,0.598437488079071,0.44101640582084656,0.21948818862438202,0.16065745055675507,0.16065745055675507,0.6323391795158386,0.5714285969734192,0.21970443427562714,0.03930600360035896,0.6068965792655945,0.39805543422698975,0.198029562830925,0.1356523334980011,0.1356523334980011,0.6031823754310608,0.5498519539833069,0.2043435275554657,0.017188966274261475,0.5978456139564514,0.36850616335868835,0.17472852766513824,0.5665960311889648,0.27787405252456665
10:48:50,69,1.2019482851028442,0.7639530897140503,0.46198704838752747,1.0,0.8585155606269836,0.7361247539520264,0.3930026590824127,2.6517133712768555,1.7214640378952026,0.0002,7.998274313751608,0.3101023733615875,0.3101023733615875,0.7544776201248169,5.052734375,0.7361247539520264,0.3930026590824127,0.646306574344635,0.46198704838752747,3.0126953125,0.3622312843799591,0.3101023733615875,0.7338144183158875,0.001618389505892992,0.0,0.9999469685611597,8.000424274010584,449.97613585252185,0.5677074193954468,0.5677074193954468,0.9298756718635559,0.94921875,0.64453125,0.34245696663856506,0.6707819104194641,0.52239590883255,0.63671875,0.4280034899711609,0.4280034899711609,0.8513286113739014,0.8442703485488892,0.5220372080802917,0.24144744873046875,0.6821345686912537,0.4664321541786194,0.5004897117614746,0.3145836591720581,0.3145836591720581,0.786925733089447,0.7524557709693909,0.3948919475078583,0.16663630306720734,0.6370757222175598,0.472973495721817,0.37328094244003296,0.2616935968399048,0.2616935968399048,0.7318902611732483,0.7133004665374756,0.3487684726715088,0.11286010593175888,0.6325966715812683,0.4318023920059204,0.31133005023002625,0.2242496758699417,0.2242496758699417,0.6922348737716675,0.6617357134819031,0.31065088510513306,0.07339905202388763,0.6423248648643494,0.3383488059043884,0.27218934893608093,0.19449760019779205,0.19449760019779205,0.6558710932731628,0.6242603659629822,0.2790926992893219,0.043461404740810394,0.6224328875541687,0.2786121666431427,0.2337278127670288,0.1762608289718628,0.1762608289718628,0.6303460001945496,0.6043521165847778,0.24727992713451385,0.019738685339689255,0.6137479543685913,0.24054788053035736,0.20375865697860718,0.5828513503074646,0.3101023733615875
10:48:58,70,0.8529803156852722,0.5442841649055481,0.3202929198741913,1.0,0.9009174108505249,0.7494385242462158,0.42462098598480225,3.1787102222442627,1.6664994955062866,0.0002,7.9521032988559455,0.3640039265155792,0.3640039265155792,0.7656344771385193,5.3173828125,0.7494385242462158,0.42462098598480225,0.6866454482078552,0.3202929198741913,3.5244140625,0.40903985500335693,0.3640039265155792,0.7044705748558044,0.0017308250535279512,0.0,1.005737233713024,7.954363954951987,452.5817551708608,0.6192454099655151,0.6192454099655151,0.943281352519989,0.9609375,0.67578125,0.3186197280883789,0.7052845358848572,0.3801277279853821,0.677734375,0.4617267847061157,0.4617267847061157,0.861923098564148,0.8677766919136047,0.5308520793914795,0.23435014486312866,0.6794582605361938,0.36271610856056213,0.5249755382537842,0.3784233033657074,0.3784233033657074,0.8007299900054932,0.7988224029541016,0.44749754667282104,0.1699473261833191,0.6891891956329346,0.29628393054008484,0.4406280815601349,0.3121303915977478,0.3121303915977478,0.7396789193153381,0.7207472920417786,0.37954768538475037,0.12054663151502609,0.6657571792602539,0.27535492181777954,0.3579154312610626,0.2797151207923889,0.2797151207923889,0.6988478302955627,0.6505905389785767,0.33464565873146057,0.08210049569606781,0.7186081409454346,0.1836201250553131,0.312992125749588,0.24976128339767456,0.24976128339767456,0.6655727624893188,0.6246305704116821,0.2985221743583679,0.050597671419382095,0.6640378832817078,0.2128852754831314,0.2827586233615875,0.24395804107189178,0.24395804107189178,0.6468902826309204,0.6195651888847351,0.3023715317249298,0.023838048800826073,0.6778309345245361,0.16205480694770813,0.26284584403038025,0.6326339244842529,0.3640039265155792
10:49:06,71,0.7970339059829712,0.5058624744415283,0.3020017147064209,1.0,0.9068771600723267,0.7663341164588928,0.46325698494911194,3.269695997238159,2.0509603023529053,0.0002,7.881830423604697,0.3929276466369629,0.3929276466369629,0.7850506901741028,5.4599609375,0.7663341164588928,0.46325698494911194,0.7152548432350159,0.3020017147064209,3.654296875,0.44442883133888245,0.3929276466369629,0.6794093251228333,0.00151578220538795,0.0,1.0147375117172486,7.883812224958092,456.6318802727619,0.6555785536766052,0.6555785536766052,0.9407339096069336,0.95703125,0.7236328125,0.31705671548843384,0.75,0.3430159091949463,0.7177734375,0.4912366569042206,0.4912366569042206,0.8657695651054382,0.8670576810836792,0.5640273690223694,0.23446859419345856,0.7102593183517456,0.34884652495384216,0.563049852848053,0.4001496434211731,0.4001496434211731,0.8100065588951111,0.7913810014724731,0.47110676765441895,0.17054347693920135,0.7054455280303955,0.3038235604763031,0.450538694858551,0.3498803675174713,0.3498803675174713,0.7662932276725769,0.7335299849510193,0.4237954914569855,0.12134138494729996,0.7332439422607422,0.23010432720184326,0.40707963705062866,0.30537620186805725,0.30537620186805725,0.72966468334198,0.673247754573822,0.3692004084587097,0.08238586783409119,0.7199413776397705,0.19969652593135834,0.3534057140350342,0.2820645272731781,0.2820645272731781,0.7041155695915222,0.6735904812812805,0.3531157374382019,0.05058813467621803,0.7121879458427429,0.19704662263393402,0.31750741600990295,0.2616308033466339,0.2616308033466339,0.6754602193832397,0.6646825671195984,0.3333333432674408,0.02361580729484558,0.6611940264701843,0.19891357421875,0.2966269850730896,0.6582226753234863,0.3929276466369629
10:49:14,72,0.830581784248352,0.49785882234573364,0.34164974093437195,1.0,0.8925415873527527,0.8119214773178101,0.47657784819602966,3.238924741744995,1.946761965751648,0.0002,7.90849574492313,0.41059261560440063,0.41059261560440063,0.8203782439231873,5.9736328125,0.8119214773178101,0.47657784819602966,0.7167040705680847,0.34164974093437195,3.6455078125,0.45035064220428467,0.41059261560440063,0.6718441843986511,0.0017040048260241747,0.0,1.0112431785046312,7.911054600961506,455.059430327084,0.6843500137329102,0.6843500137329102,0.9651133418083191,0.9833984375,0.7373046875,0.3224363625049591,0.7497517466545105,0.3423876464366913,0.7373046875,0.5329084396362305,0.5329084396362305,0.9025359749794006,0.9188660979270935,0.6041055917739868,0.2385626882314682,0.7234042286872864,0.3554074764251709,0.5835776925086975,0.4410662055015564,0.4410662055015564,0.8460362553596497,0.8444226980209351,0.5166340470314026,0.17202049493789673,0.7195828557014465,0.32327353954315186,0.47651663422584534,0.3632858693599701,0.3632858693599701,0.8041591644287109,0.7960784435272217,0.4362744987010956,0.11961958557367325,0.6995074152946472,0.3696357309818268,0.406862735748291,0.3167237937450409,0.3167237937450409,0.7667093276977539,0.7440944910049438,0.3828740119934082,0.07894160598516464,0.7169312238693237,0.33507266640663147,0.3484252095222473,0.2808719277381897,0.2808719277381897,0.7385605573654175,0.7176702618598938,0.3494570553302765,0.04706759378314018,0.685006856918335,0.2947961986064911,0.31194472312927246,0.2509385049343109,0.2509385049343109,0.7170912623405457,0.6758893132209778,0.30533596873283386,0.021351618692278862,0.7090643048286438,0.29247647523880005,0.28359684348106384,0.6659876108169556,0.41059261560440063
10:49:22,73,0.8527657389640808,0.5194581747055054,0.34363341331481934,1.0,0.8928855657577515,0.803712010383606,0.46386387944221497,3.145230770111084,1.5149354934692383,0.0002,8.158521378878504,0.3915133476257324,0.3915133476257324,0.8120388984680176,5.75390625,0.803712010383606,0.46386387944221497,0.7104618549346924,0.34363341331481934,3.572265625,0.4416479170322418,0.3915133476257324,0.6783563494682312,0.0014294337015599012,0.0,0.9803309392888419,8.16050955792889,441.1489226799788,0.6548095345497131,0.6548095345497131,0.9588228464126587,0.966796875,0.7177734375,0.32297658920288086,0.7363636493682861,0.3600181043148041,0.7119140625,0.49757513403892517,0.49757513403892517,0.899320125579834,0.878669261932373,0.5606653690338135,0.2375103086233139,0.7216035723686218,0.3603719472885132,0.5567514896392822,0.41976305842399597,0.41976305842399597,0.8451838493347168,0.8429833054542542,0.49362120032310486,0.17113097012043,0.7147846221923828,0.32682451605796814,0.47006869316101074,0.34553930163383484,0.34553930163383484,0.7960615754127502,0.8035363554954529,0.4204322099685669,0.1195172443985939,0.6955990195274353,0.35550978779792786,0.3948919475078583,0.3041743338108063,0.3041743338108063,0.7578337788581848,0.7393879294395447,0.3770977258682251,0.07943698763847351,0.7009345889091492,0.2995571792125702,0.3494570553302765,0.2722841203212738,0.2722841203212738,0.724345862865448,0.7115956544876099,0.35579782724380493,0.04768753796815872,0.6949860453605652,0.28307268023490906,0.3181367814540863,0.24134565889835358,0.24134565889835358,0.6992032527923584,0.6792452931404114,0.31678253412246704,0.0217403806746006,0.6973684430122375,0.267324298620224,0.28500497341156006,0.6509581208229065,0.3915133476257324
10:49:30,74,1.1224077939987183,0.7108567357063293,0.431592732667923,1.0,0.8665429949760437,0.7514734864234924,0.40808308124542236,2.7844455242156982,0.7102437615394592,0.0002,7.950444967020303,0.33365398645401,0.33365398645401,0.7825393080711365,5.298828125,0.7514734864234924,0.40808308124542236,0.684407114982605,0.431592732667923,3.171875,0.3802975118160248,0.33365398645401,0.7210068702697754,0.0017809486016631126,0.0,1.0059295961082801,7.952842853963375,452.66831824872605,0.6234918832778931,0.6234918832778931,0.9542416334152222,0.9482421875,0.677734375,0.342389851808548,0.7198764085769653,0.42925894260406494,0.6826171875,0.45413151383399963,0.45413151383399963,0.8777919411659241,0.8561643958091736,0.5225048661231995,0.24348677694797516,0.6800000071525574,0.46142128109931946,0.49608609080314636,0.3617144227027893,0.3617144227027893,0.8196690678596497,0.7913810014724731,0.4280117452144623,0.1688307672739029,0.6819307208061218,0.415149986743927,0.40058764815330505,0.28906896710395813,0.28906896710395813,0.7678192853927612,0.7313725352287292,0.37745097279548645,0.1132030040025711,0.6689007878303528,0.43587273359298706,0.34117648005485535,0.23502716422080994,0.23502716422080994,0.7190380692481995,0.6791338324546814,0.31889763474464417,0.07210744917392731,0.6840579509735107,0.3812543451786041,0.29035434126853943,0.19791021943092346,0.19791021943092346,0.6816680431365967,0.6620553135871887,0.2865612506866455,0.041632041335105896,0.658208966255188,0.44887787103652954,0.2401185780763626,0.16993755102157593,0.16993755102157593,0.6544804573059082,0.58852618932724,0.24134519696235657,0.018350111320614815,0.6857143044471741,0.35378605127334595,0.20672601461410522,0.6191337704658508,0.33365398645401
10:49:38,75,1.1141058206558228,0.6877967119216919,0.4440818727016449,1.0,0.8680047988891602,0.776414155960083,0.4198053181171417,2.862165689468384,1.8869860172271729,0.0002,7.85873396275565,0.35623905062675476,0.35623905062675476,0.8373124599456787,5.50390625,0.776414155960083,0.4198053181171417,0.672420084476471,0.4440818727016449,3.3271484375,0.4034419655799866,0.35623905062675476,0.7035343050956726,0.001779190730303526,0.0,1.0176726197876897,7.861074224114418,457.95267890446036,0.6653237342834473,0.6653237342834473,0.9685071110725403,0.9658203125,0.7197265625,0.3443666696548462,0.7381193041801453,0.3910306990146637,0.712890625,0.507986843585968,0.507986843585968,0.9172994494438171,0.8901960849761963,0.5764706134796143,0.2461918741464615,0.7301762104034424,0.4395933151245117,0.5607843399047852,0.3912535309791565,0.3912535309791565,0.8700573444366455,0.8082596063613892,0.4601770043373108,0.16994088888168335,0.683698296546936,0.4396766126155853,0.44542771577835083,0.30639100074768066,0.30639100074768066,0.8268954753875732,0.7747035622596741,0.3695652186870575,0.11265527456998825,0.641581654548645,0.5215379595756531,0.3646245002746582,0.25207072496414185,0.25207072496414185,0.7890952229499817,0.7301587462425232,0.3125,0.0706014558672905,0.626358687877655,0.5141132473945618,0.30158731341362,0.20193558931350708,0.20193558931350708,0.757917582988739,0.6447761058807373,0.2666666805744171,0.03953638672828674,0.6342592835426331,0.5654776692390442,0.2497512400150299,0.16045400500297546,0.16045400500297546,0.7273476123809814,0.6151545643806458,0.22532403469085693,0.016707463189959526,0.601296603679657,0.624599039554596,0.18045862019062042,0.6168563961982727,0.35623905062675476
10:49:46,76,1.2391678094863892,0.7853060960769653,0.4782356917858124,1.0,0.8530749678611755,0.7342873215675354,0.3742985427379608,2.6561567783355713,2.5988566875457764,0.0002,7.912841103505343,0.31153014302253723,0.31153014302253723,0.7918777465820312,5.15625,0.7342873215675354,0.3742985427379608,0.6530378460884094,0.4782356917858124,3.0537109375,0.3552188575267792,0.31153014302253723,0.7342170476913452,0.0016914601437747478,0.0,1.010731258964534,7.915061426116154,454.8290665340403,0.6103227734565735,0.6103227734565735,0.9558568000793457,0.962890625,0.6689453125,0.34967783093452454,0.6987829804420471,0.46836572885513306,0.6728515625,0.4319959580898285,0.4319959580898285,0.8867048621177673,0.853515625,0.490234375,0.24515871703624725,0.6659038662910461,0.4991525709629059,0.494140625,0.32596948742866516,0.32596948742866516,0.8345842361450195,0.7561214566230774,0.39373162388801575,0.16707056760787964,0.6386010646820068,0.5332333445549011,0.3731635510921478,0.2644236087799072,0.2644236087799072,0.7782669067382812,0.7128810286521912,0.3372664749622345,0.11067274957895279,0.6634482741355896,0.45655936002731323,0.3008849620819092,0.2117196023464203,0.2117196023464203,0.7331133484840393,0.6561576128005981,0.26798030734062195,0.06988491863012314,0.6351351141929626,0.43319106101989746,0.2502463161945343,0.17689599096775055,0.17689599096775055,0.6927689909934998,0.6262327432632446,0.24063116312026978,0.039992548525333405,0.6125984191894531,0.4045814871788025,0.2080867886543274,0.1552327424287796,0.1552327424287796,0.6589688658714294,0.5686081051826477,0.21717670559883118,0.01754261925816536,0.6267361044883728,0.33684781193733215,0.18262585997581482,0.592018187046051,0.31153014302253723
10:49:54,77,1.0090678930282593,0.6233158111572266,0.4004875123500824,1.0,0.8775643110275269,0.7786965370178223,0.42242467403411865,2.9830732345581055,1.743043065071106,0.0002,7.811115787131712,0.36342722177505493,0.36342722177505493,0.8227580785751343,5.5791015625,0.7786965370178223,0.42242467403411865,0.6913247108459473,0.4004875123500824,3.3955078125,0.404765248298645,0.3634272515773773,0.7040140628814697,0.0016469359397888184,0.0,1.0238985519216135,7.813274064101279,460.7543483647261,0.6579155325889587,0.6579155325889587,0.9711902737617493,0.97265625,0.7119140625,0.33486902713775635,0.7218875288963318,0.39393046498298645,0.703125,0.5025091171264648,0.5025091171264648,0.9166944622993469,0.900390625,0.5654296875,0.24196775257587433,0.7190889120101929,0.4245431125164032,0.5576171875,0.3809109330177307,0.3809109330177307,0.8600531816482544,0.81640625,0.4443359375,0.16965776681900024,0.6626794338226318,0.43259164690971375,0.4326171875,0.31539180874824524,0.31539180874824524,0.8060736060142517,0.7627450823783875,0.385294109582901,0.11534873396158218,0.6953727602958679,0.3927174210548401,0.3607843220233917,0.2641504406929016,0.2641504406929016,0.7645800709724426,0.6958661675453186,0.3277558982372284,0.07470301538705826,0.695898175239563,0.36078065633773804,0.2933070957660675,0.22202782332897186,0.22202782332897186,0.7318940162658691,0.6640394330024719,0.2699507474899292,0.04384751617908478,0.6750741600990295,0.3145446479320526,0.2541871964931488,0.19692784547805786,0.19692784547805786,0.7061353921890259,0.6353754997253418,0.24802371859550476,0.019606254994869232,0.6485225558280945,0.3153209686279297,0.22727273404598236,0.6346731781959534,0.3634272515773773
10:50:02,78,1.0599631071090698,0.6817463636398315,0.3968743085861206,1.0,0.8781967163085938,0.7341309189796448,0.39788880944252014,2.840445041656494,0.8697509169578552,0.0002,8.026906805112958,0.32970309257507324,0.32970309257507324,0.7867177128791809,5.0947265625,0.7341309189796448,0.39788880944252014,0.6713957190513611,0.3968743085861206,3.22265625,0.3802955746650696,0.32970309257507324,0.7240390181541443,0.0016616410575807095,0.0,0.9963780551685588,8.0290808880236,448.37012482585146,0.6043292880058289,0.6043292880058289,0.9536874294281006,0.9609375,0.662109375,0.3354584574699402,0.6869918704032898,0.44525375962257385,0.66015625,0.4404835104942322,0.4404835104942322,0.8772265911102295,0.8578431606292725,0.5029411911964417,0.23990295827388763,0.6868571639060974,0.4306868314743042,0.5009803771972656,0.34280335903167725,0.34280335903167725,0.8125779628753662,0.7487733364105225,0.42001962661743164,0.16834838688373566,0.6802096962928772,0.37392693758010864,0.40333661437034607,0.28566452860832214,0.28566452860832214,0.7661998271942139,0.7253937125205994,0.3553149700164795,0.11536855250597,0.6580732464790344,0.34667181968688965,0.33759841322898865,0.22849597036838531,0.22849597036838531,0.7263537049293518,0.6462450623512268,0.29347825050354004,0.07553592324256897,0.6559633016586304,0.3172544538974762,0.2806324064731598,0.21228252351284027,0.21228252351284027,0.6955369710922241,0.6114965081214905,0.29137760400772095,0.04496980831027031,0.6790924072265625,0.24484053254127502,0.25569871068000793,0.1884888857603073,0.1884888857603073,0.6715819835662842,0.5830845832824707,0.254726380109787,0.020415833219885826,0.6365187764167786,0.24817533791065216,0.21791045367717743,0.6132833361625671,0.32970309257507324
10:50:10,79,0.8722150325775146,0.5413432717323303,0.3420664072036743,1.0,0.8963585495948792,0.7850655913352966,0.4533660113811493,3.2087132930755615,1.2852022647857666,0.0002,7.896278988337144,0.3944190740585327,0.3944190740585327,0.8380166292190552,5.6696696281433105,0.7850655913352966,0.4533660113811493,0.705471932888031,0.3420664072036743,3.636636734008789,0.4343376159667969,0.3944190740585327,0.6810910105705261,0.0017002611421048641,0.0,1.0128476134327402,7.898522831965238,455.7814260447331,0.6780393719673157,0.6780393719673157,0.9663453698158264,0.9679679870605469,0.7317317128181458,0.3251529932022095,0.7487073540687561,0.35525330901145935,0.7247247099876404,0.539310872554779,0.539310872554779,0.9184184074401855,0.904618501663208,0.6064257025718689,0.23944157361984253,0.724750280380249,0.3389555513858795,0.595381498336792,0.42347216606140137,0.42347216606140137,0.8712530136108398,0.8398791551589966,0.491440087556839,0.1712556630373001,0.7158273458480835,0.36056292057037354,0.4682779312133789,0.34830978512763977,0.34830978512763977,0.8262290954589844,0.7686868906021118,0.3979797959327698,0.11881758272647858,0.704336404800415,0.3306325078010559,0.38383838534355164,0.2964143455028534,0.2964143455028534,0.7889991402626038,0.703441321849823,0.3572874367237091,0.07831524312496185,0.696402907371521,0.28166383504867554,0.33704453706741333,0.2502720355987549,0.2502720355987549,0.7593278288841248,0.655521810054779,0.3039513826370239,0.04630419611930847,0.6661514639854431,0.31050267815589905,0.28267475962638855,0.21987773478031158,0.21987773478031158,0.7328137159347534,0.6514227390289307,0.2794715464115143,0.02071274071931839,0.6505460143089294,0.3693735599517822,0.24288618564605713,0.6566336750984192,0.3944190740585327
10:50:18,80,1.2744483947753906,0.8232449889183044,0.47869765758514404,1.0,0.8512237071990967,0.7089887857437134,0.3678370714187622,2.5806496143341064,0.9429774880409241,0.0002,7.871541852131486,0.2941274642944336,0.2941274642944336,0.7531357407569885,4.9287109375,0.7089887857437134,0.3678370714187622,0.6418383717536926,0.47869765758514404,2.9091796875,0.3365168571472168,0.2941274642944336,0.7459615468978882,0.0017746398225426674,0.0,1.0160281072851058,7.873797922162339,457.2126482782976,0.5881597995758057,0.5881597995758057,0.937553882598877,0.9521484375,0.6650390625,0.3509849011898041,0.6820513010025024,0.48869025707244873,0.6494140625,0.4027356207370758,0.4027356207370758,0.8430888056755066,0.8264706134796143,0.48725488781929016,0.2434028685092926,0.6595492362976074,0.5159462690353394,0.4686274528503418,0.2874859869480133,0.2874859869480133,0.7839407920837402,0.7419038414955139,0.3591756522655487,0.16512666642665863,0.6269841194152832,0.5340469479560852,0.33366045355796814,0.2389422059059143,0.2389422059059143,0.7309255599975586,0.6801180839538574,0.312992125749588,0.11010121554136276,0.6382055282592773,0.4069592356681824,0.2824803292751312,0.20110714435577393,0.20110714435577393,0.6876523494720459,0.6334975361824036,0.2778325080871582,0.07060456275939941,0.6298600435256958,0.3944779932498932,0.2344827651977539,0.17984192073345184,0.17984192073345184,0.6554532647132874,0.5788954496383667,0.2455621361732483,0.0413174107670784,0.6337308287620544,0.3271425664424896,0.20216962695121765,0.1570400446653366,0.1570400446653366,0.6307000517845154,0.5464426875114441,0.2233201563358307,0.018462371081113815,0.5913200974464417,0.36105287075042725,0.18083004653453827,0.5809664726257324,0.2941274642944336
10:50:26,81,1.0877043008804321,0.6904952526092529,0.4150822162628174,1.0,0.8714608550071716,0.7543908953666687,0.40494590997695923,2.8418216705322266,1.5239741802215576,0.0002,8.021122035104781,0.3344389796257019,0.3344389796257019,0.7847897410392761,5.3623046875,0.7543908953666687,0.40494590997695923,0.6682808995246887,0.4150822162628174,3.2958984375,0.38920894265174866,0.3344390094280243,0.7196031212806702,0.001633516512811184,0.0,0.9970900310041313,8.023347693029791,448.6905139518591,0.6368252038955688,0.6368252038955688,0.9510115385055542,0.9638671875,0.6982421875,0.3419402837753296,0.7183383703231812,0.3983388841152191,0.693359375,0.459395170211792,0.459395170211792,0.8750823736190796,0.8719452619552612,0.5386119484901428,0.2436920404434204,0.6961883306503296,0.4323675036430359,0.5229716300964355,0.3654286563396454,0.3654286563396454,0.8143351674079895,0.7845249772071838,0.44466209411621094,0.16915059089660645,0.6841447949409485,0.4205755293369293,0.42703232169151306,0.28446638584136963,0.28446638584136963,0.7664283514022827,0.7364798188209534,0.3618485629558563,0.11337282508611679,0.6515353918075562,0.44927978515625,0.33923304080963135,0.22913777828216553,0.22913777828216553,0.7265124320983887,0.6735700368881226,0.29388558864593506,0.07216782122850418,0.6471449732780457,0.38393262028694153,0.2840236723423004,0.19513234496116638,0.19513234496116638,0.6937179565429688,0.6435643434524536,0.26237624883651733,0.04151250794529915,0.6230769157409668,0.37558412551879883,0.24257425963878632,0.16497772932052612,0.16497772932052612,0.6627693772315979,0.6021825671195984,0.2291666716337204,0.018163815140724182,0.6177924275398254,0.45462915301322937,0.2093254029750824,0.607428789138794,0.3344390094280243
10:50:34,82,0.9644055366516113,0.5976994037628174,0.38068848848342896,1.0,0.879772424697876,0.7747583985328674,0.4277909994125366,2.9536306858062744,2.6229958534240723,0.0002,7.987409382825717,0.35414212942123413,0.35414212942123413,0.8007150292396545,5.5283203125,0.7747583985328674,0.4277909994125366,0.6873983144760132,0.38068848848342896,3.3935546875,0.4093010127544403,0.35414212942123413,0.7028266787528992,0.0018329387530684471,0.0,1.001261394221636,7.989921559114009,450.5676273997362,0.6414583921432495,0.6414583921432495,0.9673460721969604,0.9765625,0.712890625,0.3340274691581726,0.7080000042915344,0.4092353582382202,0.69140625,0.48748162388801575,0.48748162388801575,0.905918300151825,0.8991184830665588,0.5729677081108093,0.24111859500408173,0.7287581562995911,0.39129912853240967,0.5533790588378906,0.3804657459259033,0.3804657459259033,0.8403937220573425,0.7952987551689148,0.45739471912384033,0.16959549486637115,0.7167487740516663,0.3482009470462799,0.4495592415332794,0.29533180594444275,0.29533180594444275,0.7812541127204895,0.7382352948188782,0.3656862676143646,0.11571243405342102,0.6679946780204773,0.372793972492218,0.3578431308269501,0.26059237122535706,0.26059237122535706,0.7404363751411438,0.7173699736595154,0.33856722712516785,0.07539547979831696,0.6429548859596252,0.3454977869987488,0.31108930706977844,0.22363078594207764,0.22363078594207764,0.6980544328689575,0.6689587235450745,0.2946954667568207,0.04431888833642006,0.6872246861457825,0.3257911205291748,0.2701375186443329,0.18775084614753723,0.18775084614753723,0.6700341701507568,0.625984251499176,0.25,0.019831541925668716,0.6320754885673523,0.31951016187667847,0.22933070361614227,0.6228963732719421,0.35414212942123413
10:50:42,83,1.422226071357727,0.9294882416725159,0.5266650915145874,1.0,0.8376041650772095,0.7034385800361633,0.34764912724494934,2.440307855606079,1.7827742099761963,0.0002,8.174436111701652,0.2743159830570221,0.2743159830570221,0.7497978210449219,4.8447265625,0.7034385800361633,0.34764912724494934,0.6270949840545654,0.5266650915145874,2.8369140625,0.3253333270549774,0.2743159830570221,0.7608587741851807,0.0016806169878691435,0.0,0.9783960535950713,8.176647862186655,440.2782241177821,0.5752650499343872,0.5752650499343872,0.9373738765716553,0.951171875,0.6494140625,0.36211857199668884,0.675564706325531,0.531822681427002,0.642578125,0.38672393560409546,0.38672393560409546,0.8427770137786865,0.8305583000183105,0.474045068025589,0.24703384935855865,0.6521226167678833,0.559565544128418,0.4554358422756195,0.28125837445259094,0.28125837445259094,0.7796037793159485,0.7333333492279053,0.36764705181121826,0.16425393521785736,0.6296791434288025,0.53056800365448,0.34215685725212097,0.22168418765068054,0.22168418765068054,0.7255553603172302,0.6660118103027344,0.2996070683002472,0.10658897459506989,0.6253687143325806,0.4964878559112549,0.26522594690322876,0.17988784611225128,0.17988784611225128,0.6833074688911438,0.6141732335090637,0.24901574850082397,0.0663456916809082,0.6089743375778198,0.4698479175567627,0.22539369761943817,0.14271070063114166,0.14271070063114166,0.6515893936157227,0.5607107877731323,0.2043435275554657,0.037412647157907486,0.5933098793029785,0.46427634358406067,0.17966435849666595,0.12901754677295685,0.12901754677295685,0.6257171034812927,0.5646594166755676,0.18558736145496368,0.016246365383267403,0.559440553188324,0.4095155894756317,0.16288252174854279,0.5615395903587341,0.2743159830570221
10:50:50,84,0.8669524192810059,0.5369411706924438,0.341392457485199,1.0,0.894814670085907,0.7819253206253052,0.45818132162094116,3.19606351852417,0.8005366325378418,0.0002,8.374967151554301,0.396017462015152,0.396017462015152,0.8235622048377991,5.6318359375,0.7819253206253052,0.45818132162094116,0.717875063419342,0.341392457485199,3.61328125,0.43292170763015747,0.396017462015152,0.6774958968162537,0.0016497201286256313,0.0,0.9549894174255668,8.37705617886968,429.74523784150506,0.6749083995819092,0.6749083995819092,0.9649081230163574,0.97265625,0.728515625,0.3249637484550476,0.7429718971252441,0.3586592674255371,0.72265625,0.5343758463859558,0.5343758463859558,0.9061154723167419,0.9020568132400513,0.5964740514755249,0.23939408361911774,0.754614531993866,0.31963831186294556,0.5837414264678955,0.4212263226509094,0.4212263226509094,0.8556796312332153,0.8147059082984924,0.4882352948188782,0.1714046597480774,0.7039711475372314,0.3701454997062683,0.47058823704719543,0.35274651646614075,0.35274651646614075,0.8066858053207397,0.7652259469032288,0.4341846704483032,0.11892477422952652,0.7060333490371704,0.3304486870765686,0.40275049209594727,0.29963576793670654,0.29963576793670654,0.7743993997573853,0.7000983357429504,0.35889872908592224,0.07825317978858948,0.7036516666412354,0.31080520153045654,0.334316611289978,0.2555564343929291,0.2555564343929291,0.7433555126190186,0.6699507236480713,0.31527093052864075,0.0462331660091877,0.7117646932601929,0.3310137391090393,0.2689655125141144,0.22992125153541565,0.22992125153541565,0.711597204208374,0.6458951830863953,0.2818991243839264,0.02082643285393715,0.6814701557159424,0.27584603428840637,0.2433234453201294,0.6685323119163513,0.396017462015152
10:50:58,85,1.3592023849487305,0.8773519992828369,0.5123041272163391,1.0,0.8440930843353271,0.7027746438980103,0.35299888253211975,2.519334077835083,0.8998677730560303,0.0002,8.139056615997106,0.2851763665676117,0.2851763665676117,0.7629019021987915,4.869140625,0.7027746438980103,0.35299888253211975,0.638484537601471,0.5123041272163391,2.927734375,0.3319787085056305,0.2851763665676117,0.7536329030990601,0.0019801948219537735,0.0,0.9826059092111112,8.141616008011624,442.17265914500007,0.5820825099945068,0.5820825099945068,0.9498857259750366,0.9580078125,0.6513671875,0.356548011302948,0.6717634797096252,0.5385618805885315,0.6435546875,0.3965829908847809,0.3965829908847809,0.8635137677192688,0.8287671208381653,0.463796466588974,0.2458607256412506,0.654073178768158,0.5428801774978638,0.465753436088562,0.29450908303260803,0.29450908303260803,0.7917665839195251,0.7345739603042603,0.3721841275691986,0.16556069254875183,0.6653333306312561,0.4929368793964386,0.3516160547733307,0.23637111485004425,0.23637111485004425,0.736738383769989,0.6470588445663452,0.30882352590560913,0.10865379869937897,0.6560605764389038,0.41893190145492554,0.28431373834609985,0.18870872259140015,0.18870872259140015,0.6964731812477112,0.6221786141395569,0.25711482763290405,0.06793702393770218,0.6056782603263855,0.49826541543006897,0.23258095979690552,0.15471656620502472,0.15471656620502472,0.6633100509643555,0.5624385476112366,0.20747296512126923,0.0386098250746727,0.5751748085021973,0.4444984495639801,0.1868239939212799,0.14039964973926544,0.14039964973926544,0.6364408731460571,0.5636722445487976,0.20730502903461456,0.016829945147037506,0.6024518609046936,0.4438994526863098,0.15597236156463623,0.5745388865470886,0.2851763665676117
10:51:06,86,1.1361422538757324,0.7259117364883423,0.4309699535369873,1.0,0.871572732925415,0.736204981803894,0.38640204071998596,2.7923452854156494,1.9749112129211426,0.0002,8.125895676203072,0.32506781816482544,0.32506781816482544,0.782768189907074,5.177734375,0.736204981803894,0.38640204071998596,0.6655831933021545,0.4309699535369873,3.2119140625,0.373592346906662,0.32506781816482544,0.7263964414596558,0.0017720682080835104,0.0,0.9842088818843123,8.1283558269497,442.89399684794057,0.6147797703742981,0.6147797703742981,0.9524295330047607,0.958984375,0.6708984375,0.3412426710128784,0.6975560188293457,0.4519311189651489,0.6689453125,0.4366387724876404,0.4366387724876404,0.8797721862792969,0.8303921818733215,0.4931372404098511,0.24248284101486206,0.6977567672729492,0.43562051653862,0.499019593000412,0.34685876965522766,0.34685876965522766,0.8157510161399841,0.7581120729446411,0.4051130712032318,0.16856826841831207,0.6757457852363586,0.41542384028434753,0.39036381244659424,0.2822435796260834,0.2822435796260834,0.7658743858337402,0.7209072709083557,0.3500986099243164,0.11380700767040253,0.6580027341842651,0.3845841884613037,0.3293885588645935,0.22941656410694122,0.22941656410694122,0.7208479046821594,0.6758893132209778,0.2964426875114441,0.07304847985506058,0.6345029473304749,0.43977880477905273,0.2707509994506836,0.1941075474023819,0.1941075474023819,0.6841009855270386,0.6211671829223633,0.2551928758621216,0.04230239987373352,0.6289808750152588,0.41178828477859497,0.24035608768463135,0.16601699590682983,0.16601699590682983,0.656849205493927,0.583499014377594,0.2286282330751419,0.018548302352428436,0.6371380090713501,0.39483627676963806,0.21073558926582336,0.6049753427505493,0.32506781816482544
10:51:15,87,0.806638240814209,0.4921460747718811,0.32380497455596924,1.0,0.8981274962425232,0.7873684167861938,0.4597894847393036,3.264186143875122,0.6622800230979919,0.0002,8.090833242051303,0.39642733335494995,0.39642733335494995,0.8245412111282349,5.7353515625,0.7873684167861938,0.4597894847393036,0.7112299203872681,0.32380497455596924,3.6806640625,0.44603508710861206,0.39642733335494995,0.6774098873138428,0.0015050757210701704,0.0,0.9885088965571165,8.092997471103445,444.8290034507024,0.6672363877296448,0.6672363877296448,0.9741612672805786,0.9814453125,0.7177734375,0.3198489844799042,0.7283582091331482,0.35813015699386597,0.71484375,0.5225992202758789,0.5225992202758789,0.9181557297706604,0.9032257795333862,0.5953079462051392,0.23675203323364258,0.7251082062721252,0.3316301107406616,0.5796676278114319,0.4069831073284149,0.4069831073284149,0.8648236393928528,0.8331697583198547,0.4690873324871063,0.17103593051433563,0.6937573552131653,0.34202131628990173,0.46123650670051575,0.3568838834762573,0.3568838834762573,0.8130192160606384,0.7713444828987122,0.4229636788368225,0.12066204100847244,0.7086514234542847,0.2659066319465637,0.4102060794830322,0.3014200031757355,0.3014200031757355,0.7688066363334656,0.6961652040481567,0.36283186078071594,0.08079735934734344,0.7259886860847473,0.27117854356765747,0.3539822995662689,0.27732500433921814,0.27732500433921814,0.7329821586608887,0.6850937604904175,0.34353405237197876,0.048712391406297684,0.698847234249115,0.2555755078792572,0.3228035569190979,0.23843640089035034,0.23843640089035034,0.6969625949859619,0.6376237869262695,0.302970290184021,0.022191163152456284,0.6878882050514221,0.23528966307640076,0.2752475142478943,0.658729076385498,0.39642733335494995
10:51:23,88,0.7176812887191772,0.4324219524860382,0.292867511510849,1.0,0.9097614884376526,0.8048849105834961,0.4896125793457031,3.4537248611450195,0.6305823922157288,0.0002,8.256442832294852,0.42836612462997437,0.42836612462997437,0.8362209796905518,5.9150390625,0.8048849105834961,0.4896125793457031,0.7268922328948975,0.292867511510849,3.9150390625,0.47571587562561035,0.42836615443229675,0.6567749977111816,0.0016668362077325583,0.0,0.9686703472559157,8.258743568090722,435.90165626516205,0.694138765335083,0.694138765335083,0.9796900153160095,0.974609375,0.74609375,0.3143061697483063,0.7665330767631531,0.3047690987586975,0.74609375,0.5464200377464294,0.5464200377464294,0.9237453937530518,0.9098922610282898,0.6052889227867126,0.23559817671775818,0.7287405729293823,0.3226485550403595,0.6052889227867126,0.45776987075805664,0.45776987075805664,0.8715006709098816,0.8341511487960815,0.5240432024002075,0.17251433432102203,0.7411764860153198,0.2806496024131775,0.5073601603507996,0.39238226413726807,0.39238226413726807,0.8246479034423828,0.7925270199775696,0.45821040868759155,0.12239927798509598,0.7121587991714478,0.27761173248291016,0.443461149930954,0.33561280369758606,0.33561280369758606,0.7830373644828796,0.7539370059967041,0.40354329347610474,0.08234374970197678,0.6984333992004395,0.2645706534385681,0.38779526948928833,0.29691800475120544,0.29691800475120544,0.7477620840072632,0.6916255950927734,0.3527093529701233,0.049916744232177734,0.7222222089767456,0.21917814016342163,0.33497536182403564,0.2718506157398224,0.2718506157398224,0.7209696769714355,0.6749011874198914,0.3339920938014984,0.022921597585082054,0.7027818560600281,0.24628134071826935,0.3013834059238434,0.6712355017662048,0.42836615443229675
10:51:31,89,1.049973487854004,0.6602619886398315,0.40767326951026917,1.0,0.8721612095832825,0.7472233772277832,0.4089694917201996,2.8933494091033936,1.0768885612487793,0.0002,8.225701517891139,0.34737178683280945,0.34737178683280945,0.7948172688484192,5.3115234375,0.7472233772277832,0.4089694917201996,0.671872079372406,0.40767326951026917,3.244140625,0.38521018624305725,0.34737178683280945,0.7112070918083191,0.0017589819617569447,0.0,0.9722795144764583,8.228086554212496,437.5257815144062,0.6331883668899536,0.6331883668899536,0.9627814888954163,0.9521484375,0.6826171875,0.33628731966018677,0.7128205299377441,0.43716126680374146,0.6787109375,0.46959927678108215,0.46959927678108215,0.8905020356178284,0.8561643958091736,0.5391389727592468,0.24152228236198425,0.6937142610549927,0.4153999388217926,0.5136986374855042,0.371646523475647,0.371646523475647,0.82701176404953,0.7766895294189453,0.43976494669914246,0.16931982338428497,0.6784363389015198,0.39755934476852417,0.41821742057800293,0.3036213517189026,0.3036213517189026,0.7774339914321899,0.7399411201477051,0.3680078387260437,0.11517423391342163,0.6618037223815918,0.3834916651248932,0.35623160004615784,0.24605989456176758,0.24605989456176758,0.7323449850082397,0.6617357134819031,0.3076923191547394,0.07452797144651413,0.6363636255264282,0.351166695356369,0.2800788879394531,0.21676115691661835,0.21676115691661835,0.6961499452590942,0.6362735629081726,0.27750247716903687,0.04369213432073593,0.65887850522995,0.32293668389320374,0.23984143137931824,0.18474316596984863,0.18474316596984863,0.6732633709907532,0.6025896668434143,0.24203187227249146,0.01947622559964657,0.6314049363136292,0.41106897592544556,0.2031872570514679,0.6219548583030701,0.34737178683280945
10:51:39,90,0.9607309699058533,0.603805422782898,0.3712322413921356,1.0,0.8846100568771362,0.7634453773498535,0.42352941632270813,2.9864389896392822,0.7853043079376221,0.0002,8.063036924228072,0.3580043613910675,0.3580043613910675,0.797736406326294,5.451171875,0.7634453773498535,0.42352941632270813,0.6945514678955078,0.3712322413921356,3.384765625,0.3998599350452423,0.3580043613910675,0.7006801962852478,0.0017952483613044024,0.0,0.9919006773009987,8.065323658986017,446.35530478544945,0.6317925453186035,0.6317925453186035,0.9600251913070679,0.96875,0.693359375,0.33034998178482056,0.711693525314331,0.41426005959510803,0.6904296875,0.477804571390152,0.477804571390152,0.893711268901825,0.8719452619552612,0.5268816947937012,0.2397184669971466,0.7062780261039734,0.3691868782043457,0.5298142433166504,0.38017451763153076,0.38017451763153076,0.8265805840492249,0.7964774966239929,0.44031310081481934,0.16999691724777222,0.6965602040290833,0.3636377453804016,0.4197651743888855,0.3148432672023773,0.3148432672023773,0.7807799577713013,0.7431372404098511,0.38823530077934265,0.11717821657657623,0.6767809987068176,0.35204699635505676,0.3549019694328308,0.269010454416275,0.269010454416275,0.7406501770019531,0.6859666109085083,0.336604505777359,0.07688119262456894,0.721030056476593,0.27593159675598145,0.30618253350257874,0.22615447640419006,0.22615447640419006,0.7063913345336914,0.665683388710022,0.3008849620819092,0.0453941710293293,0.6514032483100891,0.3402160406112671,0.2546705901622772,0.20354913175106049,0.20354913175106049,0.6741102933883667,0.6098521947860718,0.27586206793785095,0.020481018349528313,0.6865912675857544,0.26247742772102356,0.24039408564567566,0.6381120085716248,0.3580043613910675
10:51:47,91,0.8262312412261963,0.5090352892875671,0.327163428068161,1.0,0.8984957337379456,0.7999710440635681,0.4625850319862366,3.2994141578674316,0.6634380221366882,0.0002,7.921227437211201,0.40569937229156494,0.40569937229156494,0.8243310451507568,5.773092269897461,0.7999710440635681,0.4625850319862366,0.7049031853675842,0.327163428068161,3.6797189712524414,0.44854536652565,0.40569937229156494,0.672409176826477,0.0014331582933664322,0.0,1.0096882142590944,7.923237972892821,454.3596964165925,0.6998961567878723,0.6998961567878723,0.9658201932907104,0.9728915691375732,0.7530120611190796,0.32252803444862366,0.7739937901496887,0.30967068672180176,0.7530120611190796,0.5195893049240112,0.5195893049240112,0.9032098650932312,0.8873239159584045,0.573440670967102,0.2380879670381546,0.6961451172828674,0.36375436186790466,0.5633803009986877,0.42659470438957214,0.42659470438957214,0.8532288074493408,0.8304742574691772,0.4843592345714569,0.1715627759695053,0.70595383644104,0.3448518216609955,0.4762865900993347,0.3653716444969177,0.3653716444969177,0.8079788088798523,0.7852076888084412,0.4214792251586914,0.11986569315195084,0.7058064341545105,0.30212974548339844,0.40526849031448364,0.3119000196456909,0.3119000196456909,0.7763971090316772,0.7497456669807434,0.3682604134082794,0.07934530824422836,0.6770691871643066,0.33095720410346985,0.3438453674316406,0.27012157440185547,0.27012157440185547,0.7459245324134827,0.690816342830658,0.327551007270813,0.04723053798079491,0.6824224591255188,0.2816377282142639,0.3153061270713806,0.2399946004152298,0.2399946004152298,0.7140353918075562,0.6789366006851196,0.30368098616600037,0.02137964405119419,0.6671686768531799,0.2699737548828125,0.2760736048221588,0.6577109694480896,0.40569937229156494
10:51:55,92,0.9504280090332031,0.6036319136619568,0.3609345257282257,1.0,0.8865662813186646,0.7469187378883362,0.42240896821022034,2.9961752891540527,1.6228699684143066,0.0002,7.994748579803854,0.35295119881629944,0.35295119881629944,0.7840348482131958,5.396484375,0.7469187378883362,0.42240896821022034,0.6849803328514099,0.3609345257282257,3.3798828125,0.3977591097354889,0.35295116901397705,0.7083415389060974,0.001798019977286458,0.0,1.0003627125040093,7.997099352069199,450.1632206268042,0.6185431480407715,0.6185431480407715,0.9511608481407166,0.953125,0.6923828125,0.327553927898407,0.7172130942344666,0.41215604543685913,0.68359375,0.46018946170806885,0.46018946170806885,0.8808763027191162,0.8621701002120972,0.5298142433166504,0.23794136941432953,0.6995464563369751,0.3830937445163727,0.528836727142334,0.3688459098339081,0.3688459098339081,0.8194632530212402,0.7915851473808289,0.4471624195575714,0.16967712342739105,0.6773794889450073,0.34277331829071045,0.42270058393478394,0.3131120502948761,0.3131120502948761,0.7648184299468994,0.7313725352287292,0.3843137323856354,0.11792842298746109,0.7010723948478699,0.2993103265762329,0.35196077823638916,0.25949862599372864,0.25949862599372864,0.7219091653823853,0.6611002087593079,0.3172888159751892,0.07821595668792725,0.6641901731491089,0.3011244237422943,0.2799607217311859,0.23568476736545563,0.23568476736545563,0.6886816024780273,0.6322517395019531,0.29891839623451233,0.04710286855697632,0.6625194549560547,0.24428506195545197,0.2654867172241211,0.21231670677661896,0.21231670677661896,0.6594340801239014,0.5944882035255432,0.2844488322734833,0.021580351516604424,0.6490066051483154,0.25207412242889404,0.24901574850082397,0.6270783543586731,0.35295116901397705
10:52:03,93,1.0178909301757812,0.6348304748535156,0.3986569344997406,1.0,0.8767028450965881,0.7452354431152344,0.40568944811820984,2.8905725479125977,1.7316259145736694,0.0002,7.955865975935012,0.3342137634754181,0.3342137634754181,0.7777576446533203,5.3330078125,0.7452354431152344,0.40568944811820984,0.6650996804237366,0.3986569344997406,3.2802734375,0.38228699564933777,0.3342137932777405,0.718016505241394,0.0016668702010065317,0.0,1.0052601075676693,7.9581393310800195,452.36704840545116,0.6187947392463684,0.6187947392463684,0.9611095786094666,0.9755859375,0.6904296875,0.3330046832561493,0.6916916966438293,0.4520362317562103,0.6748046875,0.43306082487106323,0.43306082487106323,0.8748295903205872,0.8639921545982361,0.514677107334137,0.2385229766368866,0.6670441627502441,0.4450392425060272,0.49510762095451355,0.34439748525619507,0.34439748525619507,0.8078600168228149,0.8011752963066101,0.4309500455856323,0.16816399991512299,0.6748166084289551,0.38087135553359985,0.40842312574386597,0.2820877730846405,0.2820877730846405,0.7563769221305847,0.7198824882507324,0.35553377866744995,0.11609749495983124,0.646258533000946,0.33687594532966614,0.33006855845451355,0.24525661766529083,0.24525661766529083,0.7121245861053467,0.6591355800628662,0.31532415747642517,0.07687975466251373,0.6721311211585999,0.25504782795906067,0.2907662093639374,0.2181442826986313,0.2181442826986313,0.6771654486656189,0.6171259880065918,0.2805117964744568,0.04616750031709671,0.6331738233566284,0.2762666940689087,0.2460629940032959,0.19503793120384216,0.19503793120384216,0.6526601314544678,0.5769230723381042,0.2495069056749344,0.021163459867239,0.6529914736747742,0.24388879537582397,0.22781065106391907,0.6046393513679504,0.3342137932777405
10:52:11,94,0.8210993409156799,0.5229345560073853,0.30952075123786926,1.0,0.9073774814605713,0.7649536728858948,0.45015445351600647,3.2409045696258545,0.5675172805786133,0.0002,8.016666971845552,0.38734525442123413,0.38734525442123413,0.7991687059402466,5.400390625,0.7649536728858948,0.45015445351600647,0.7200807929039001,0.30952075123786926,3.60546875,0.4307778775691986,0.3873453438282013,0.6824457049369812,0.0016289667692035437,0.0,0.9976485193663954,8.018856185022742,448.94183371487793,0.6624408960342407,0.6624408960342407,0.9534088969230652,0.9501953125,0.7197265625,0.31867173314094543,0.760534405708313,0.32914450764656067,0.72265625,0.4788258969783783,0.4788258969783783,0.8770154118537903,0.8578431606292725,0.545098066329956,0.23488807678222656,0.7131428718566895,0.3662804067134857,0.5362744927406311,0.39558348059654236,0.39558348059654236,0.8268241882324219,0.7803921699523926,0.4637254774570465,0.1705586463212967,0.7261306643486023,0.2872487008571625,0.44509804248809814,0.3427371680736542,0.3427371680736542,0.7847954630851746,0.740667998790741,0.4007858633995056,0.12090467661619186,0.721485435962677,0.2768115699291229,0.3870334029197693,0.3063969016075134,0.3063969016075134,0.7442983984947205,0.7103448510169983,0.37832513451576233,0.08182381093502045,0.708737850189209,0.2477005124092102,0.3418719172477722,0.27447012066841125,0.27447012066841125,0.7141159772872925,0.6745561957359314,0.34023669362068176,0.04999235272407532,0.6988304257392883,0.21585139632225037,0.3086785078048706,0.24750159680843353,0.24750159680843353,0.691368818283081,0.637982189655304,0.2997032701969147,0.02316066436469555,0.6945736408233643,0.20740102231502533,0.2700296640396118,0.6583482623100281,0.3873453438282013
10:52:19,95,1.2315728664398193,0.7717036008834839,0.48324382305145264,1.0,0.8509504795074463,0.7385025024414062,0.3801177740097046,2.6836681365966797,2.5821692943573,0.0002,8.091333907097578,0.31518521904945374,0.31518521904945374,0.7924578785896301,5.2060546875,0.7385025024414062,0.3801177740097046,0.6512246131896973,0.48324382305145264,3.0029296875,0.3547391891479492,0.31518515944480896,0.7323378920555115,0.0014843952376395464,0.0,0.9884609998567271,8.09338962403126,444.8074499355272,0.6130025386810303,0.6130025386810303,0.9557250142097473,0.96484375,0.67578125,0.3471164405345917,0.6872469782829285,0.4872479736804962,0.6630859375,0.42870327830314636,0.42870327830314636,0.8851756453514099,0.8521057963371277,0.48971596360206604,0.24380707740783691,0.6563218235969543,0.5191434621810913,0.4681684672832489,0.3280979096889496,0.3280979096889496,0.8307125568389893,0.7649363279342651,0.4035259485244751,0.16729816794395447,0.6722151041030884,0.4759038984775543,0.3770813047885895,0.2677415907382965,0.2677415907382965,0.7770183682441711,0.7105004787445068,0.344455361366272,0.11165962368249893,0.6560773253440857,0.43468862771987915,0.31108930706977844,0.21879425644874573,0.21879425644874573,0.7323154807090759,0.6719056963920593,0.2799607217311859,0.0710718184709549,0.621345043182373,0.4875648617744446,0.2534381151199341,0.18704968690872192,0.18704968690872192,0.6962763667106628,0.625,0.2549212574958801,0.040966253727674484,0.6330708861351013,0.43993666768074036,0.22440944612026215,0.15981091558933258,0.15981091558933258,0.6678475141525269,0.5774925947189331,0.2092793732881546,0.018080521374940872,0.6034188270568848,0.34874212741851807,0.18262585997581482,0.5920095443725586,0.31518515944480896
10:52:27,96,0.9506374597549438,0.6037929058074951,0.36084526777267456,1.0,0.8830493688583374,0.7519271373748779,0.4179397225379944,3.00486421585083,0.9923097491264343,0.0002,8.156229512300342,0.3527173101902008,0.3527173101902008,0.8011273145675659,5.384765625,0.7519271373748779,0.4179397225379944,0.6823858618736267,0.36084526777267456,3.359375,0.3906096816062927,0.3527173101902008,0.7071222066879272,0.0015917625278234482,0.0,0.9805972223113892,8.158293556189165,441.26875004012516,0.6170133352279663,0.6170133352279663,0.9605580568313599,0.958984375,0.6767578125,0.3270598351955414,0.686354398727417,0.40423527359962463,0.658203125,0.4622964560985565,0.4622964560985565,0.8929349780082703,0.8522505164146423,0.5293542146682739,0.23780398070812225,0.6865671873092651,0.3944346606731415,0.5009784698486328,0.3715707063674927,0.3715707063674927,0.8325625061988831,0.7933398485183716,0.4554358422756195,0.16977842152118683,0.6987654566764832,0.33199918270111084,0.41429969668388367,0.3116670250892639,0.3116670250892639,0.7858422994613647,0.7460784316062927,0.37254902720451355,0.11823461949825287,0.6767411231994629,0.31350359320640564,0.3529411852359772,0.26656582951545715,0.26656582951545715,0.7426258325576782,0.6709233522415161,0.33595284819602966,0.07853397727012634,0.6778916716575623,0.2786153256893158,0.31041258573532104,0.2321307212114334,0.2321307212114334,0.7105628848075867,0.6368110179901123,0.29035434126853943,0.04710705578327179,0.6692426800727844,0.27176111936569214,0.26279526948928833,0.20499646663665771,0.20499646663665771,0.6807909607887268,0.6025640964508057,0.2623274028301239,0.021482165902853012,0.6743044257164001,0.2785604000091553,0.23175542056560516,0.6311070919036865,0.3527173101902008
10:52:35,97,0.9905893802642822,0.6164647936820984,0.38923195004463196,1.0,0.8833472728729248,0.7673487663269043,0.42393237352371216,2.9919116497039795,1.1818455457687378,0.0002,7.817459073616192,0.3597397208213806,0.3597397208213806,0.8248908519744873,5.378990650177002,0.7673487663269043,0.42393237352371216,0.6840579509735107,0.38923195004463196,3.406797170639038,0.40391460061073303,0.3597397208213806,0.7010448575019836,0.0016505762469023466,0.0,1.0230615703934818,7.819666217081249,460.37770667706684,0.6498222351074219,0.6498222351074219,0.9699243903160095,0.9649845361709595,0.716786801815033,0.33275875449180603,0.7363927364349365,0.393664687871933,0.710607647895813,0.4797074496746063,0.4797074496746063,0.9123064875602722,0.8761609792709351,0.5490196347236633,0.24074900150299072,0.6996466517448425,0.418000191450119,0.5397316813468933,0.3819214999675751,0.3819214999675751,0.8560191988945007,0.797520637512207,0.45351240038871765,0.17005449533462524,0.696891188621521,0.37754589319229126,0.43698346614837646,0.32220277190208435,0.32220277190208435,0.8124161958694458,0.7572613954544067,0.39522820711135864,0.11664532124996185,0.6780821681022644,0.3339748680591583,0.3672199249267578,0.26573970913887024,0.26573970913887024,0.7718785405158997,0.7135416865348816,0.31979167461395264,0.07581251859664917,0.651094913482666,0.38163691759109497,0.30416667461395264,0.2208438515663147,0.2208438515663147,0.7370784282684326,0.6356993913650513,0.2828809916973114,0.04429943859577179,0.6535303592681885,0.38664859533309937,0.25260961055755615,0.1921265423297882,0.1921265423297882,0.7110284566879272,0.6215932965278625,0.24423480033874512,0.019680436700582504,0.6391230821609497,0.41637927293777466,0.20964360237121582,0.6255214810371399,0.3597397208213806
10:52:43,98,1.083173155784607,0.6841824054718018,0.4170219600200653,1.0,0.8707336783409119,0.7459269762039185,0.3896067440509796,2.8212013244628906,2.2956724166870117,0.0002,7.914746870752424,0.32747235894203186,0.32747235894203186,0.7943229079246521,5.255859375,0.7459269762039185,0.3896067440509796,0.6688005924224854,0.4170219600200653,3.1630859375,0.36221909523010254,0.32747235894203186,0.7245643138885498,0.0016164802946150303,0.0,1.010488613233004,7.916962047107518,454.7198759548518,0.6015544533729553,0.6015544533729553,0.9609628915786743,0.9541015625,0.6494140625,0.3363437056541443,0.6867963075637817,0.4642525911331177,0.654296875,0.4370911419391632,0.4370911419391632,0.8907096982002258,0.8698630332946777,0.5058708190917969,0.23996666073799133,0.674915611743927,0.45264512300491333,0.4882583022117615,0.33186599612236023,0.33186599612236023,0.8251705169677734,0.774288535118103,0.3994112014770508,0.167845219373703,0.6704689264297485,0.40738946199417114,0.3817467987537384,0.28330472111701965,0.28330472111701965,0.7721472978591919,0.712598443031311,0.3523622155189514,0.11504263430833817,0.7030386924743652,0.3418785631656647,0.31397637724876404,0.23685847222805023,0.23685847222805023,0.7358508706092834,0.6679803133010864,0.29950737953186035,0.07546374946832657,0.6519173979759216,0.33421313762664795,0.2502463161945343,0.21088704466819763,0.21088704466819763,0.7010166049003601,0.6495558023452759,0.2724580466747284,0.04493182525038719,0.651975691318512,0.28944480419158936,0.2319841980934143,0.18680062890052795,0.18680062890052795,0.6714921593666077,0.5895153284072876,0.24431255459785461,0.02040613628923893,0.6241610646247864,0.25720131397247314,0.21068249642848969,0.6082144379615784,0.32747235894203186
10:52:51,99,1.4211201667785645,0.9370102286338806,0.5182766914367676,1.0,0.8447731733322144,0.6895790696144104,0.3447159230709076,2.476273775100708,1.1577764749526978,0.0002,7.7959037269465625,0.2719586193561554,0.2719586193561554,0.7325122356414795,4.734631061553955,0.6895790696144104,0.3447159230709076,0.6335111856460571,0.5182766914367676,2.8719263076782227,0.32749485969543457,0.2719586193561554,0.7647906541824341,0.001524567138403654,0.0,1.0259094718165083,7.797959001036361,461.6592623174287,0.5790511965751648,0.5790511965751648,0.9411583542823792,0.9467213153839111,0.6506147384643555,0.36053693294525146,0.6829004287719727,0.5275065302848816,0.6465163826942444,0.37866735458374023,0.37866735458374023,0.8426721692085266,0.8182751536369324,0.46714580059051514,0.24626001715660095,0.6587201952934265,0.5474340915679932,0.46098563075065613,0.27365031838417053,0.27365031838417053,0.7643250823020935,0.7081192135810852,0.34840700030326843,0.1642657369375229,0.6313498020172119,0.5799309611320496,0.32374101877212524,0.22221772372722626,0.22221772372722626,0.7045699954032898,0.6502057909965515,0.3086419701576233,0.10727278143167496,0.6408227682113647,0.4357089400291443,0.28600823879241943,0.17725978791713715,0.17725978791713715,0.6586865782737732,0.5971074104309082,0.24690082669258118,0.06693187355995178,0.6297577619552612,0.4442538619041443,0.21694214642047882,0.14380548894405365,0.14380548894405365,0.622442364692688,0.5708376169204712,0.20579110085964203,0.038088902831077576,0.5887681245803833,0.37511390447616577,0.19027921557426453,0.12531766295433044,0.12531766295433044,0.5905747413635254,0.5321576595306396,0.1815352737903595,0.01664375141263008,0.5516569018363953,0.3938678801059723,0.16390042006969452,0.5649977326393127,0.2719586193561554
10:52:59,100,1.1814194917678833,0.7833812832832336,0.4219059348106384,1.0,0.8671721816062927,0.7069448232650757,0.37636515498161316,2.6692912578582764,1.1603871583938599,0.0002,8.045121379895136,0.2983423173427582,0.2983423173427582,0.7201231122016907,4.890625,0.7069448232650757,0.37636515498161316,0.6522083878517151,0.4219059348106384,3.015625,0.3567627966403961,0.2983423173427582,0.7469504475593567,0.0015775125939399004,0.0,0.994133245069492,8.047211014898494,447.3599602812714,0.5578248500823975,0.5578248500823975,0.9245399832725525,0.9345703125,0.630859375,0.33994847536087036,0.6666666865348816,0.49945947527885437,0.623046875,0.3950735628604889,0.3950735628604889,0.827618420124054,0.8173828125,0.474609375,0.23980335891246796,0.6726403832435608,0.4554046094417572,0.474609375,0.30897340178489685,0.30897340178489685,0.7516680359840393,0.7407044768333435,0.39823874831199646,0.16673602163791656,0.6618229746818542,0.38245755434036255,0.35420742630958557,0.25052398443222046,0.25052398443222046,0.6962119340896606,0.6803921461105347,0.3323529362678528,0.11380574852228165,0.64985591173172,0.34507641196250916,0.31078431010246277,0.21360139548778534,0.21360139548778534,0.6440988183021545,0.6211972236633301,0.2875367999076843,0.0747036263346672,0.6287519931793213,0.2875410318374634,0.2630029320716858,0.1922512650489807,0.1922512650489807,0.6113280057907104,0.602753221988678,0.2704031467437744,0.04465312883257866,0.6492658853530884,0.27116823196411133,0.24877089262008667,0.1678229570388794,0.1678229570388794,0.5831801295280457,0.5492125749588013,0.2381889820098877,0.020349683240056038,0.616487443447113,0.23015980422496796,0.22047244012355804,0.5888921618461609,0.2983423173427582
10:53:07,101,1.16810941696167,0.7512785792350769,0.43952053785324097,1.0,0.8677566647529602,0.7280504703521729,0.38106590509414673,2.6599278450012207,2.8772025108337402,0.0002,7.874018408358097,0.30052244663238525,0.30052244663238525,0.7348392605781555,5.0068359375,0.7280504703521729,0.38106590509414673,0.6580620408058167,0.43952053785324097,3.05859375,0.36227208375930786,0.30052244663238525,0.7422531843185425,0.00162157928571105,0.0,1.0156793374994895,7.876501671969891,457.0557018747703,0.5758901834487915,0.5758901834487915,0.9307879209518433,0.9521484375,0.662109375,0.34297823905944824,0.6861538290977478,0.48472997546195984,0.6533203125,0.3998710811138153,0.3998710811138153,0.8403737545013428,0.8445748090744019,0.4789833724498749,0.24056801199913025,0.6793981194496155,0.4699535667896271,0.47800585627555847,0.29556554555892944,0.29556554555892944,0.7632464170455933,0.7490196228027344,0.36764705181121826,0.16585226356983185,0.6609947681427002,0.46163076162338257,0.3607843220233917,0.24540889263153076,0.24540889263153076,0.7055338621139526,0.6830225586891174,0.3316977322101593,0.11261402070522308,0.6738505959510803,0.3705917000770569,0.3238469064235687,0.21446926891803741,0.21446926891803741,0.6646286845207214,0.6502463221549988,0.2975369393825531,0.07372312992811203,0.6287878751754761,0.3149491846561432,0.2738916277885437,0.19155025482177734,0.19155025482177734,0.6317434906959534,0.6177340149879456,0.26798030734062195,0.04402817413210869,0.6092504262924194,0.2953413724899292,0.23152709007263184,0.17779789865016937,0.17779789865016937,0.6048384308815002,0.5966469645500183,0.258382648229599,0.020236138254404068,0.6429752111434937,0.22802793979644775,0.21104536950588226,0.5832350254058838,0.30052244663238525
10:53:15,102,1.1753442287445068,0.76015305519104,0.43807584047317505,1.0,0.864605188369751,0.7321003079414368,0.3861566483974457,2.669180393218994,3.5032639503479004,0.0002,7.899799386272207,0.3085698187351227,0.3085698187351227,0.7462279796600342,5.0712890625,0.7321003079414368,0.3861566483974457,0.6729186773300171,0.43807584047317505,3.0966796875,0.36359813809394836,0.3085697591304779,0.7355280518531799,0.0016817129217088223,0.0,1.0123889176765068,7.902101514860988,455.5750129544281,0.6014907956123352,0.6014907956123352,0.9390769600868225,0.9580078125,0.666015625,0.3475586175918579,0.6952089667320251,0.4717916250228882,0.666015625,0.4339749813079834,0.4339749813079834,0.8515809774398804,0.8543499708175659,0.5249266624450684,0.24390782415866852,0.7139587998390198,0.4290790557861328,0.5268816947937012,0.31103330850601196,0.31103330850601196,0.7806659936904907,0.7747306823730469,0.3907933533191681,0.1665031462907791,0.6396965980529785,0.4776584506034851,0.38099902868270874,0.2574880123138428,0.2574880123138428,0.721640408039093,0.7107843160629272,0.3450980484485626,0.1111799106001854,0.6772413849830627,0.4067908227443695,0.3176470696926117,0.20877985656261444,0.20877985656261444,0.6775177121162415,0.6306483149528503,0.28094303607940674,0.07103855162858963,0.65887850522995,0.35016125440597534,0.24263261258602142,0.1806323379278183,0.1806323379278183,0.6410205364227295,0.6062992215156555,0.24704724550247192,0.04133109748363495,0.6428571343421936,0.32779979705810547,0.218503937125206,0.16366150975227356,0.16366150975227356,0.6097775101661682,0.5871921181678772,0.24532020092010498,0.01848086342215538,0.6610738039016724,0.28127673268318176,0.18916256725788116,0.6016805171966553,0.3085697591304779
10:53:23,103,1.0052133798599243,0.6232460737228394,0.3966183066368103,1.0,0.8781809210777283,0.7732639908790588,0.41594040393829346,2.938775062561035,1.2141468524932861,0.0002,7.926775533007458,0.34949827194213867,0.34949827194213867,0.8028966784477234,5.4736328125,0.7732639908790588,0.41594040393829346,0.6769677996635437,0.3966183066368103,3.3662109375,0.40624120831489563,0.34949827194213867,0.7071645259857178,0.0015915392432361841,0.0,1.0089600333823183,7.928956286981702,454.0320150220432,0.6371337175369263,0.6371337175369263,0.9616848826408386,0.97265625,0.6962890625,0.3351958692073822,0.7178714871406555,0.41127049922943115,0.6982421875,0.4770565330982208,0.4770565330982208,0.8928220868110657,0.8845401406288147,0.5587084293365479,0.24139569699764252,0.7046459913253784,0.40852090716362,0.5518590807914734,0.3684556484222412,0.3684556484222412,0.8341705203056335,0.8098039031028748,0.42352941632270813,0.16947220265865326,0.65617436170578,0.4041139483451843,0.41862744092941284,0.3044460415840149,0.3044460415840149,0.7873205542564392,0.7573673725128174,0.3821218013763428,0.11553642898797989,0.7003890872001648,0.3403673470020294,0.3752455711364746,0.24696111679077148,0.24696111679077148,0.7488036751747131,0.7110453844070435,0.3136094808578491,0.07485927641391754,0.6407766938209534,0.4034135043621063,0.2968441843986511,0.21536213159561157,0.21536213159561157,0.7110785245895386,0.6564356684684753,0.2772277295589447,0.04391366243362427,0.6395173668861389,0.34282034635543823,0.2693069279193878,0.1915198266506195,0.1915198266506195,0.680671215057373,0.6163021922111511,0.25447314977645874,0.01962694711983204,0.6516128778457642,0.3408989906311035,0.22763419151306152,0.618800938129425,0.34949827194213867
10:53:30,104,1.2643661499023438,0.8142520785331726,0.4757176339626312,1.0,0.8537850975990295,0.7276816964149475,0.3639814555644989,2.575021505355835,1.7719330787658691,0.0002,7.957430701004341,0.29264888167381287,0.29264888167381287,0.769035279750824,5.0595703125,0.7276816964149475,0.3639814555644989,0.6483771204948425,0.4757176339626312,3.0146484375,0.33994096517562866,0.29264894127845764,0.7482010722160339,0.0014788981061428785,0.0,1.005079673673732,7.959567992016673,452.2858531531794,0.6010954976081848,0.6010954976081848,0.9546791315078735,0.9560546875,0.6669921875,0.35593825578689575,0.6935648918151855,0.4716724753379822,0.6630859375,0.40868979692459106,0.40868979692459106,0.8742215633392334,0.8493150472640991,0.5019569396972656,0.24642705917358398,0.6739631295204163,0.5165135264396667,0.47847357392311096,0.3065941035747528,0.3065941035747528,0.803337574005127,0.7605495452880859,0.38076546788215637,0.16615207493305206,0.6490322351455688,0.47616806626319885,0.3689891993999481,0.24226923286914825,0.24226923286914825,0.7506515979766846,0.7214567065238953,0.31102362275123596,0.10889434814453125,0.6480218172073364,0.43552467226982117,0.2923228442668915,0.1935538649559021,0.1935538649559021,0.705615222454071,0.6377097964286804,0.2645606994628906,0.0678866058588028,0.6424148678779602,0.4254944324493408,0.22803553938865662,0.1538093388080597,0.1538093388080597,0.6639295816421509,0.5875371098518372,0.20870424807071686,0.03819193318486214,0.6060606241226196,0.46922072768211365,0.17705242335796356,0.13717536628246307,0.13717536628246307,0.6268039345741272,0.5763888955116272,0.2083333283662796,0.01650971733033657,0.5834767818450928,0.4181051254272461,0.1656745970249176,0.5778840184211731,0.29264894127845764
10:53:38,105,1.1578819751739502,0.7235904335975647,0.45448681712150574,1.0,0.8576953411102295,0.7552427649497986,0.3890218138694763,2.713134527206421,0.6683796644210815,0.0002,7.90475480328314,0.3258907198905945,0.3258907198905945,0.8087697625160217,5.326171875,0.7552427649497986,0.3890218138694763,0.6563548445701599,0.45448681712150574,3.091796875,0.3666432201862335,0.32589074969291687,0.7247616052627563,0.0015476199332624674,0.0,1.0117802597495889,7.906855192035437,455.301116887315,0.6151120066642761,0.6151120066642761,0.9650623798370361,0.9716796875,0.685546875,0.3442753553390503,0.705527663230896,0.47367388010025024,0.685546875,0.43632254004478455,0.43632254004478455,0.8997015953063965,0.8795298933982849,0.49657198786735535,0.2427690625190735,0.653674840927124,0.5083357095718384,0.4887365400791168,0.33899733424186707,0.33899733424186707,0.8380290865898132,0.7826942205429077,0.4011799395084381,0.1672944873571396,0.6633166074752808,0.41853129863739014,0.38249754905700684,0.27344465255737305,0.27344465255737305,0.795734703540802,0.7228797078132629,0.3362919092178345,0.11239443719387054,0.6384720206260681,0.442781537771225,0.3116370737552643,0.22935347259044647,0.22935347259044647,0.752539873123169,0.6640316247940063,0.2954545319080353,0.07232552766799927,0.6532738208770752,0.36157119274139404,0.2667984068393707,0.20648078620433807,0.20648078620433807,0.7189894914627075,0.6455445289611816,0.2683168351650238,0.04219476133584976,0.6303681135177612,0.3513128459453583,0.22673267126083374,0.17617598176002502,0.17617598176002502,0.6877754926681519,0.6156901717185974,0.2343594878911972,0.018746403977274895,0.624193549156189,0.33427292108535767,0.19860972464084625,0.5985827445983887,0.32589074969291687
10:53:46,106,1.1961448192596436,0.7834300994873047,0.4358886480331421,1.0,0.8641510605812073,0.70783531665802,0.36343514919281006,2.644958257675171,1.2977228164672852,0.0002,7.774520323611796,0.29559171199798584,0.29559171199798584,0.7395367622375488,5.032854080200195,0.70783531665802,0.36343514919281006,0.6516572833061218,0.4358886480331421,3.0164270401000977,0.3458757698535919,0.29559171199798584,0.7471672296524048,0.0017947899177670479,0.0,1.0286930085220924,7.776858531869948,462.9118538349416,0.5687881112098694,0.5687881112098694,0.9308469295501709,0.9445585012435913,0.6437371373176575,0.3435709476470947,0.676086962223053,0.5022962093353271,0.6396303772926331,0.3835144340991974,0.3835144340991974,0.8335842490196228,0.8314491510391235,0.45426514744758606,0.24099145829677582,0.6365883946418762,0.4781755805015564,0.45734840631484985,0.31461724638938904,0.31461724638938904,0.7737289071083069,0.7456230521202087,0.38825953006744385,0.1667882204055786,0.689226508140564,0.39334431290626526,0.36354273557662964,0.2487352043390274,0.2487352043390274,0.7233846783638,0.6625387072563171,0.3178534507751465,0.11280318349599838,0.6697819232940674,0.362269788980484,0.297213613986969,0.21129228174686432,0.21129228174686432,0.673518180847168,0.6325051784515381,0.27743270993232727,0.07319917529821396,0.6563011407852173,0.28859272599220276,0.25569358468055725,0.18061725795269012,0.18061725795269012,0.6366586685180664,0.5773624181747437,0.2377985417842865,0.043164800852537155,0.597122311592102,0.3064752519130707,0.21079958975315094,0.15765397250652313,0.15765397250652313,0.6016101837158203,0.556711733341217,0.22060354053974152,0.019482271745800972,0.6112149357795715,0.2902783453464508,0.192507803440094,0.5841849446296692,0.29559171199798584
10:53:54,107,0.8519343733787537,0.5418519377708435,0.3223668932914734,1.0,0.8993576169013977,0.752253532409668,0.44366195797920227,3.1705777645111084,0.5584100484848022,0.0002,7.967560511548072,0.3764757215976715,0.3764757215976715,0.794285774230957,5.287109375,0.752253532409668,0.44366195797920227,0.6985583305358887,0.3223668932914734,3.484375,0.41450703144073486,0.3764757215976715,0.6909931898117065,0.0014552075881510973,0.0,1.0038145210409857,7.969599793897942,451.7165344684435,0.6237002611160278,0.6237002611160278,0.9520756006240845,0.9541015625,0.69140625,0.3186245560646057,0.7215967178344727,0.37634456157684326,0.6875,0.4754593074321747,0.4754593074321747,0.8814002871513367,0.8599412441253662,0.5386875867843628,0.23462942242622375,0.6902050375938416,0.3590061068534851,0.5161606073379517,0.3790999948978424,0.3790999948978424,0.8204434514045715,0.7866273522377014,0.461160272359848,0.17003603279590607,0.6974999904632568,0.30213847756385803,0.420845627784729,0.3356489837169647,0.3356489837169647,0.7794946432113647,0.7169625163078308,0.4043392539024353,0.12086611241102219,0.6960110068321228,0.25946617126464844,0.36785009503364563,0.29828405380249023,0.29828405380249023,0.7357801198959351,0.6811881065368652,0.36039602756500244,0.08209102600812912,0.6918604373931885,0.23146797716617584,0.33564355969429016,0.26949238777160645,0.26949238777160645,0.7056819796562195,0.6448412537574768,0.3313491940498352,0.05036073550581932,0.6769230961799622,0.20603393018245697,0.2916666567325592,0.2485651969909668,0.2485651969909668,0.6812423467636108,0.6172962188720703,0.3131212592124939,0.023392047733068466,0.7085345983505249,0.22918036580085754,0.2763419449329376,0.6473975777626038,0.3764757215976715
10:54:02,108,0.7394166588783264,0.44848868250846863,0.298810750246048,1.0,0.9090843200683594,0.8062834739685059,0.4761904776096344,3.4490957260131836,1.6477292776107788,0.0002,7.9414569940418005,0.42447414994239807,0.42447414994239807,0.8542131185531616,5.8173828125,0.8062834739685059,0.4761904776096344,0.7102918028831482,0.298810750246048,3.830078125,0.46182024478912354,0.42447414994239807,0.6603445410728455,0.0015474995598196983,0.0,1.0071149784175495,7.943482294911519,453.2017402878972,0.6813832521438599,0.6813832521438599,0.9740602970123291,0.9716796875,0.73046875,0.31350135803222656,0.7497487664222717,0.32030150294303894,0.7275390625,0.5374462604522705,0.5374462604522705,0.9298328757286072,0.8941176533699036,0.5872548818588257,0.23496109247207642,0.7149122953414917,0.3218643069267273,0.5676470398902893,0.4483577013015747,0.4483577013015747,0.8817706108093262,0.847740650177002,0.5,0.17233861982822418,0.7265353202819824,0.2950579822063446,0.49410608410835266,0.3837362825870514,0.3837362825870514,0.8436815142631531,0.7731755375862122,0.4329388439655304,0.12267246097326279,0.7257652878761292,0.24726183712482452,0.433925062417984,0.3398200571537018,0.3398200571537018,0.8088452816009521,0.7514851689338684,0.39801979064941406,0.08295533061027527,0.6719367504119873,0.2585550844669342,0.3643564283847809,0.30586716532707214,0.30586716532707214,0.7825528383255005,0.7132936716079712,0.363095223903656,0.05040884017944336,0.7051460146903992,0.2440054565668106,0.3373015820980072,0.26884111762046814,0.26884111762046814,0.7554332613945007,0.68824702501297,0.3157370388507843,0.023162227123975754,0.6570188403129578,0.3261415958404541,0.30179283022880554,0.6644567847251892,0.42447414994239807
10:54:10,109,1.1247467994689941,0.7163997292518616,0.42959997057914734,1.0,0.8622949123382568,0.7267637252807617,0.37178051471710205,2.7435994148254395,1.1654516458511353,0.0002,7.992542594205588,0.3067918121814728,0.3067918121814728,0.7711560130119324,4.9970703125,0.7267637252807617,0.37178051471710205,0.6379044651985168,0.42959997057914734,2.9775390625,0.34420493245124817,0.3067918121814728,0.7369669079780579,0.001627642661333084,0.0,1.000656035849636,7.994755154009908,450.2952161323361,0.575589656829834,0.575589656829834,0.9551365971565247,0.9619140625,0.6318359375,0.33771446347236633,0.6436548233032227,0.5041609406471252,0.6201171875,0.40576595067977905,0.40576595067977905,0.8772075176239014,0.8310546875,0.484375,0.23907148838043213,0.6815510988235474,0.4479353129863739,0.455078125,0.3070846199989319,0.3070846199989319,0.8031419515609741,0.7573385238647461,0.37964776158332825,0.16661326587200165,0.6395348906517029,0.4310327470302582,0.3493150770664215,0.2536562979221344,0.2536562979221344,0.7497171759605408,0.6911764740943909,0.3127450942993164,0.11433025449514389,0.6226950287818909,0.36691728234291077,0.2911764681339264,0.22135905921459198,0.22135905921459198,0.7050370573997498,0.6565260291099548,0.29244357347488403,0.07559410482645035,0.6233183741569519,0.29310014843940735,0.25711482763290405,0.199117049574852,0.199117049574852,0.6693036556243896,0.616895854473114,0.25540274381637573,0.045602310448884964,0.593949019908905,0.2374444305896759,0.22789783775806427,0.18286778032779694,0.18286778032779694,0.636687695980072,0.570304811000824,0.24385447800159454,0.021074039861559868,0.6448276042938232,0.19141113758087158,0.2064896821975708,0.5824614763259888,0.3067918121814728
10:54:18,110,0.81585693359375,0.5142639875411987,0.3129313290119171,1.0,0.8992449641227722,0.7553946375846863,0.4378194212913513,3.253446578979492,1.2235770225524902,0.0002,7.903791912831366,0.38573622703552246,0.38573622703552246,0.8049234747886658,5.356082916259766,0.7553946375846863,0.4378194212913513,0.7058823704719543,0.3129313290119171,3.509396553039551,0.4148211181163788,0.38573622703552246,0.6866781115531921,0.001628069905564189,0.0,1.0118889190360785,7.906006133183837,455.35001356623536,0.6362047791481018,0.6362047791481018,0.9637371897697449,0.9653807878494263,0.6844708323478699,0.31638970971107483,0.7069672346115112,0.37769126892089844,0.6824925541877747,0.48336395621299744,0.48336395621299744,0.9017638564109802,0.8673267364501953,0.5306930541992188,0.23444516956806183,0.6906392574310303,0.3487665057182312,0.5257425904273987,0.4084824323654175,0.4084824323654175,0.8412892818450928,0.7809712290763855,0.47076311707496643,0.17095230519771576,0.7284263968467712,0.2868138551712036,0.44301289319992065,0.3461611568927765,0.3461611568927765,0.7876610159873962,0.7157057523727417,0.4025844931602478,0.12150447070598602,0.7208333611488342,0.23619592189788818,0.3588469326496124,0.2980726957321167,0.2980726957321167,0.7481404542922974,0.676616907119751,0.34825870394706726,0.08245527744293213,0.6911764740943909,0.22686442732810974,0.3203980028629303,0.2741784155368805,0.2741784155368805,0.7102218866348267,0.6570289134979248,0.3260219395160675,0.05063578113913536,0.6980273127555847,0.19294019043445587,0.30109670758247375,0.2507646381855011,0.2507646381855011,0.6792790293693542,0.621999979019165,0.29899999499320984,0.023617304861545563,0.7041800618171692,0.18894225358963013,0.26899999380111694,0.6546998023986816,0.38573622703552246
10:54:26,111,1.0697178840637207,0.6813697218894958,0.4065929651260376,1.0,0.8739460706710815,0.746370255947113,0.3983666002750397,2.850808620452881,2.2848551273345947,0.0002,7.856474255211651,0.33516135811805725,0.33516135811805725,0.7975716590881348,5.212788105010986,0.746370255947113,0.3983666002750397,0.6753799319267273,0.4065929651260376,3.1907756328582764,0.37658801674842834,0.33516135811805725,0.7184702157974243,0.0017605714965611696,0.0,1.0179725843846512,7.858757812064141,458.087662973093,0.6116704344749451,0.6116704344749451,0.9582734704017639,0.9633123874664307,0.6645702123641968,0.33635422587394714,0.6931447386741638,0.4576941132545471,0.6677148938179016,0.4371013045310974,0.4371013045310974,0.8848898410797119,0.8568421006202698,0.49473685026168823,0.240342378616333,0.671990156173706,0.4487285614013672,0.49263158440589905,0.3585527837276459,0.3585527837276459,0.830678403377533,0.7763713002204895,0.4345991611480713,0.1686689704656601,0.707880437374115,0.35594308376312256,0.41455695033073425,0.28346216678619385,0.28346216678619385,0.7817556858062744,0.7129237055778503,0.3548728823661804,0.11514967679977417,0.6701337099075317,0.35331881046295166,0.32521185278892517,0.2523227035999298,0.2523227035999298,0.7383387684822083,0.6804670691490173,0.3195329010486603,0.07527070492506027,0.6786271333694458,0.2865064740180969,0.2876857817173004,0.20773693919181824,0.20773693919181824,0.7063257098197937,0.6176784038543701,0.2609158754348755,0.04433118924498558,0.6586207151412964,0.3279418647289276,0.23855164647102356,0.18936653435230255,0.18936653435230255,0.6785991787910461,0.6117647290229797,0.25347593426704407,0.019882887601852417,0.6293706297874451,0.3388487994670868,0.2032085508108139,0.62014240026474,0.33516135811805725
10:54:34,112,1.3286523818969727,0.836060106754303,0.5179341435432434,1.0,0.8401311635971069,0.7457841634750366,0.3607363700866699,2.5312628746032715,0.691277027130127,0.0002,7.9546298461500555,0.29243752360343933,0.29243752360343933,0.7887334823608398,5.216796875,0.7457841634750366,0.3607363700866699,0.6495195031166077,0.5179341435432434,2.9482421875,0.34246766567230225,0.29243749380111694,0.74801105260849,0.0015610053669661283,0.0,1.0054346957724356,7.956757443957031,452.44561309759604,0.5993523001670837,0.5993523001670837,0.9619872570037842,0.9677734375,0.6533203125,0.3588102161884308,0.6700302958488464,0.5129252076148987,0.6474609375,0.4162754416465759,0.4162754416465759,0.8892635703086853,0.8735294342041016,0.4931372404098511,0.2473759800195694,0.6846240162849426,0.544421911239624,0.4803921580314636,0.3021143078804016,0.3021143078804016,0.8202330470085144,0.7852941155433655,0.36666667461395264,0.16577300429344177,0.6429463028907776,0.5320661067962646,0.3607843220233917,0.2410310059785843,0.2410310059785843,0.7705768346786499,0.7241379022598267,0.3103448152542114,0.107756607234478,0.6489796042442322,0.46667319536209106,0.29064038395881653,0.19371309876441956,0.19371309876441956,0.7286476492881775,0.6696252226829529,0.2712031602859497,0.06670056283473969,0.6185566782951355,0.5116715431213379,0.23274162411689758,0.15986020863056183,0.15986020863056183,0.6904325485229492,0.6294466257095337,0.23122529685497284,0.03748421370983124,0.610675036907196,0.508927583694458,0.19960474967956543,0.13020850718021393,0.13020850718021393,0.6569375991821289,0.5667656064033508,0.19485658407211304,0.016099458560347557,0.6492146849632263,0.4541069567203522,0.18100890517234802,0.5805164575576782,0.29243749380111694
10:54:42,113,1.5988494157791138,1.06499445438385,0.5764618515968323,1.0,0.825566828250885,0.6814606785774231,0.3224719166755676,2.289367437362671,1.755845546722412,0.0002,8.024547601118684,0.2475919872522354,0.2475919872522354,0.7189701795578003,4.6162109375,0.6814606785774231,0.3224719166755676,0.6275762319564819,0.5764618515968323,2.716796875,0.30828651785850525,0.2475919872522354,0.7812156677246094,0.001612542662769556,0.0,0.996668194538542,8.026743547990918,448.50068754234394,0.5508237481117249,0.5508237481117249,0.9351844787597656,0.9482421875,0.62890625,0.37418967485427856,0.6549948453903198,0.611816942691803,0.62109375,0.3601159155368805,0.3601159155368805,0.8331071734428406,0.8158667683601379,0.447600394487381,0.2502920925617218,0.6614645719528198,0.5923713445663452,0.447600394487381,0.25930920243263245,0.25930920243263245,0.7569994330406189,0.7173699736595154,0.33954858779907227,0.16280490159988403,0.6580027341842651,0.5366356372833252,0.3326790928840637,0.19857323169708252,0.19857323169708252,0.6893512606620789,0.6512770056724548,0.28192535042762756,0.10273472964763641,0.6244344115257263,0.5489715337753296,0.25638505816459656,0.1477946937084198,0.1477946937084198,0.6419165134429932,0.5936883687973022,0.21992109715938568,0.061805933713912964,0.5847176313400269,0.5182693600654602,0.21400395035743713,0.11780431121587753,0.11780431121587753,0.6028892397880554,0.5310957431793213,0.1865745335817337,0.033943090587854385,0.6022304892539978,0.4354778528213501,0.15992102026939392,0.09451036900281906,0.09451036900281906,0.5697964429855347,0.5084075331687927,0.1483679562807083,0.014229538850486279,0.5583657622337341,0.48293808102607727,0.1216617226600647,0.5534435510635376,0.2475919872522354
10:54:50,114,0.8747041821479797,0.551989734172821,0.3348926901817322,1.0,0.8996162414550781,0.762065589427948,0.44027015566825867,3.1313016414642334,1.4017733335494995,0.0002,7.92186771472916,0.37222176790237427,0.37222176790237427,0.7875288724899292,5.431640625,0.762065589427948,0.44027015566825867,0.7112259864807129,0.3348926901817322,3.5546875,0.4307021200656891,0.37222176790237427,0.6964614391326904,0.0017464568372815847,0.0,1.0095642484881986,7.92421087808907,454.30391181968935,0.6403122544288635,0.6403122544288635,0.9495291709899902,0.9638671875,0.7001953125,0.3234097361564636,0.7254306077957153,0.370904803276062,0.69921875,0.47274667024612427,0.47274667024612427,0.8732722401618958,0.8627451062202454,0.54313725233078,0.23688508570194244,0.7102272510528564,0.37096038460731506,0.550000011920929,0.3936927020549774,0.3936927020549774,0.817709743976593,0.7972440719604492,0.46259841322898865,0.17049898207187653,0.7135802507400513,0.30248603224754333,0.46259841322898865,0.3217652142047882,0.3217652142047882,0.7667182683944702,0.7320197224617004,0.381280779838562,0.11938347667455673,0.6958277225494385,0.30442866683006287,0.37438422441482544,0.28489843010902405,0.28489843010902405,0.7278611660003662,0.6841065883636475,0.3682132363319397,0.0797179713845253,0.7258297204971313,0.25779351592063904,0.3494570553302765,0.2536168694496155,0.2536168694496155,0.6982921957969666,0.6547972559928894,0.320474773645401,0.04804582521319389,0.7054380774497986,0.274572491645813,0.30365973711013794,0.23403428494930267,0.23403428494930267,0.6761941313743591,0.6359127163887024,0.30158731341362,0.022058969363570213,0.6957878470420837,0.2170097678899765,0.2708333432674408,0.6492822766304016,0.37222176790237427
10:54:58,115,1.0701435804367065,0.6663858890533447,0.42037394642829895,1.0,0.8739493489265442,0.775820791721344,0.4228547215461731,2.8569347858428955,0.6314247250556946,0.0002,8.157916992902756,0.34886687994003296,0.34886687994003296,0.7894578576087952,5.427734375,0.775820791721344,0.4228547215461731,0.6897929310798645,0.42037394642829895,3.251953125,0.3980555236339569,0.34886687994003296,0.7110261917114258,0.0016356802079826593,0.0,0.9803898661683751,8.160019065951928,441.1754397757688,0.6332568526268005,0.6332568526268005,0.9571676254272461,0.97265625,0.6943359375,0.33837658166885376,0.7128514051437378,0.4438938498497009,0.693359375,0.47975802421569824,0.47975802421569824,0.8871038556098938,0.8794117569923401,0.5607843399047852,0.24206383526325226,0.7168338894844055,0.4269988238811493,0.550000011920929,0.3515065610408783,0.3515065610408783,0.8233788013458252,0.8053097128868103,0.4277286231517792,0.1682206094264984,0.6739926934242249,0.46642357110977173,0.4011799395084381,0.29744383692741394,0.29744383692741394,0.7659555077552795,0.7564102411270142,0.36390531063079834,0.11421950906515121,0.6897001266479492,0.36887499690055847,0.3500986099243164,0.24817579984664917,0.24817579984664917,0.7255785465240479,0.7012858390808105,0.31750741600990295,0.07400478422641754,0.6685472726821899,0.3612281084060669,0.2818991243839264,0.22933857142925262,0.22933857142925262,0.6940200328826904,0.6749503016471863,0.32405567169189453,0.043544892221689224,0.6730486154556274,0.30429431796073914,0.26143142580986023,0.19640715420246124,0.19640715420246124,0.6686543822288513,0.6358209252357483,0.26567164063453674,0.019569821655750275,0.6776213049888611,0.28744083642959595,0.2417910397052765,0.6278507709503174,0.34886687994003296
10:55:06,116,0.8647173047065735,0.545440673828125,0.33126696944236755,1.0,0.8969376087188721,0.7713645100593567,0.4421406686306,3.1717493534088135,0.5163421034812927,0.0002,7.9183610221371055,0.3834907114505768,0.3834907114505768,0.8104023933410645,5.501953125,0.7713645100593567,0.4421406686306,0.7117689847946167,0.33126696944236755,3.5654296875,0.4253292381763458,0.3834907114505768,0.6839538216590881,0.0018171549309045076,0.0,1.0100133111155796,7.920687689911574,454.50599000201083,0.6544733047485352,0.6544733047485352,0.9626901149749756,0.9658203125,0.701171875,0.3236748278141022,0.7168857455253601,0.37450334429740906,0.6923828125,0.5122874975204468,0.5122874975204468,0.9019790887832642,0.8727984428405762,0.5694715976715088,0.2382301539182663,0.7421524524688721,0.32631582021713257,0.5626223087310791,0.4042099714279175,0.4042099714279175,0.8419977426528931,0.8003913760185242,0.46771037578582764,0.17105737328529358,0.713936448097229,0.32016679644584656,0.45890411734580994,0.33583033084869385,0.33583033084869385,0.7949628829956055,0.729411780834198,0.39901959896087646,0.11922304332256317,0.7096773982048035,0.31373241543769836,0.385294109582901,0.2899673283100128,0.2899673283100128,0.7547113299369812,0.6935166716575623,0.341846764087677,0.07910995185375214,0.7124645709991455,0.24592433869838715,0.3300589323043823,0.2577703297138214,0.2577703297138214,0.7226818203926086,0.6863323450088501,0.3264503479003906,0.04729413241147995,0.7020057439804077,0.29463860392570496,0.29105210304260254,0.2272210419178009,0.2272210419178009,0.6920081377029419,0.6492610573768616,0.286699503660202,0.021410537883639336,0.6722306609153748,0.2848290801048279,0.2541871964931488,0.6611456871032715,0.3834907114505768
10:55:14,117,1.2000610828399658,0.7382896542549133,0.482054203748703,1.0,0.8484781980514526,0.7516863346099854,0.38392356038093567,2.671931266784668,1.2205603122711182,0.0002,7.847904886584729,0.31238114833831787,0.31238114833831787,0.7749926447868347,5.298828125,0.7516863346099854,0.38392356038093567,0.6354458928108215,0.482054203748703,3.080078125,0.3583473861217499,0.31238114833831787,0.7353161573410034,0.0015762161929160357,0.0,1.0190954992522174,7.850098450900987,458.59297466349784,0.5963417887687683,0.5963417887687683,0.9562587738037109,0.9755859375,0.65625,0.3470333218574524,0.6686686873435974,0.5119640827178955,0.65234375,0.44073694944381714,0.44073694944381714,0.8853392004966736,0.8785504698753357,0.5171400308609009,0.24445748329162598,0.656633198261261,0.4872858226299286,0.4936336874961853,0.3311205804347992,0.3311205804347992,0.8113594055175781,0.7968596816062927,0.4131501615047455,0.16760148108005524,0.6317734122276306,0.504584550857544,0.37978410720825195,0.2659824788570404,0.2659824788570404,0.7563198804855347,0.7227138876914978,0.35201573371887207,0.11170085519552231,0.640816330909729,0.41327205300331116,0.3087512254714966,0.21612980961799622,0.21612980961799622,0.7099453210830688,0.6604146361351013,0.29220137000083923,0.0708186998963356,0.6068759560585022,0.4238453209400177,0.2537018656730652,0.1785055547952652,0.1785055547952652,0.6700268387794495,0.6211671829223633,0.24431255459785461,0.04059392586350441,0.6210191249847412,0.43123340606689453,0.2245301753282547,0.15324749052524567,0.15324749052524567,0.6322291493415833,0.6023738980293274,0.20771513879299164,0.01779414713382721,0.5944170951843262,0.34344038367271423,0.19090010225772858,0.5802769064903259,0.31238114833831787
10:55:22,118,0.749037504196167,0.4624905586242676,0.2948848009109497,1.0,0.9081876873970032,0.7823339700698853,0.47212469577789307,3.402959108352661,0.4982920289039612,0.0002,7.912961843889207,0.4134618937969208,0.4134618937969208,0.8199146389961243,5.7158203125,0.7823339700698853,0.47212469577789307,0.7287740111351013,0.2948848009109497,3.767578125,0.4555540084838867,0.4134618937969208,0.670867919921875,0.0015858577098697424,0.0,1.010723418921873,7.915122822159901,454.8255385148429,0.671688973903656,0.671688973903656,0.9618733525276184,0.9619140625,0.7099609375,0.31390807032585144,0.7350254058837891,0.3228277564048767,0.70703125,0.5220521092414856,0.5220521092414856,0.9035796523094177,0.8992172479629517,0.5821917653083801,0.23465441167354584,0.7301414608955383,0.3362296223640442,0.5733855366706848,0.4351743757724762,0.4351743757724762,0.848869800567627,0.8204121589660645,0.5083414912223816,0.1719340831041336,0.7404305934906006,0.2720690667629242,0.482826292514801,0.37034541368484497,0.37034541368484497,0.8033959865570068,0.7730844616889954,0.43123772740364075,0.12251835316419601,0.7280813455581665,0.2707100808620453,0.4115913510322571,0.3296973705291748,0.3296973705291748,0.7680572271347046,0.7142857313156128,0.3980295658111572,0.08304800093173981,0.7282758355140686,0.21555715799331665,0.373399019241333,0.30070585012435913,0.30070585012435913,0.738246738910675,0.6660078763961792,0.36660078167915344,0.050619252026081085,0.7388724088668823,0.21364209055900574,0.3389328122138977,0.260637104511261,0.260637104511261,0.7128152847290039,0.637982189655304,0.30464887619018555,0.02331780642271042,0.6930232644081116,0.23634397983551025,0.29772502183914185,0.680436372756958,0.4134618937969208
10:55:30,119,1.124758243560791,0.70419842004776,0.4401496350765228,1.0,0.8646901249885559,0.7653089761734009,0.41151684522628784,2.789121389389038,0.8911253809928894,0.0002,8.165190510684624,0.34000179171562195,0.34000179171562195,0.8087523579597473,5.373046875,0.7653089761734009,0.41151684522628784,0.6837952136993408,0.4401496350765228,3.2294921875,0.3908707797527313,0.34000179171562195,0.7131513357162476,0.0015982028562575579,0.0,0.9795132051042919,8.167322255903855,440.7809422969313,0.6429539322853088,0.6429539322853088,0.963582456111908,0.974609375,0.705078125,0.34581446647644043,0.7144288420677185,0.45187416672706604,0.6962890625,0.47474998235702515,0.47474998235702515,0.8975027203559875,0.8571428656578064,0.5606653690338135,0.24546343088150024,0.7214611768722534,0.4424295425415039,0.5420743823051453,0.36918631196022034,0.36918631196022034,0.843904435634613,0.8115800023078918,0.4406280815601349,0.16882003843784332,0.6856106519699097,0.450973242521286,0.41707557439804077,0.29020631313323975,0.29020631313323975,0.7945553064346313,0.7504911422729492,0.3703339993953705,0.11210931092500687,0.6662303805351257,0.41065362095832825,0.3330059051513672,0.2349843829870224,0.2349843829870224,0.755368709564209,0.7073891758918762,0.3014778196811676,0.0704982578754425,0.6699164509773254,0.3978329300880432,0.2886699438095093,0.19466592371463776,0.19466592371463776,0.7202727794647217,0.6590909361839294,0.2618577182292938,0.03996383398771286,0.6491754055023193,0.4773032069206238,0.23715415596961975,0.16840720176696777,0.16840720176696777,0.6831181049346924,0.593069314956665,0.23564356565475464,0.017330599948763847,0.6527546048164368,0.3226807713508606,0.21683168411254883,0.6227855086326599,0.34000179171562195
10:55:38,120,1.1696056127548218,0.7307765483856201,0.45978447794914246,1.0,0.8539731502532959,0.7306883335113525,0.3832889497280121,2.723872184753418,1.8108619451522827,0.0002,7.915279258042574,0.3208255469799042,0.3208255469799042,0.7797741889953613,5.2080078125,0.7306883335113525,0.3832889497280121,0.6527245044708252,0.45978447794914246,3.0458984375,0.3601570129394531,0.3208255469799042,0.7293510437011719,0.0017009647563099861,0.0,1.010402540264653,7.917636467842385,454.6811431190938,0.597980797290802,0.597980797290802,0.9557497501373291,0.9599609375,0.6455078125,0.3408261239528656,0.675483226776123,0.48080551624298096,0.6484375,0.427390992641449,0.427390992641449,0.8834587931632996,0.8560234904289246,0.48285993933677673,0.24157078564167023,0.6498855948448181,0.49717721343040466,0.47012731432914734,0.33946532011032104,0.33946532011032104,0.8187863230705261,0.7852941155433655,0.4049019515514374,0.16784708201885223,0.6654182076454163,0.4555169343948364,0.39901959896087646,0.27327075600624084,0.27327075600624084,0.7614346146583557,0.7039215564727783,0.343137264251709,0.11356361955404282,0.6420612931251526,0.4233779311180115,0.3166666626930237,0.2302158921957016,0.2302158921957016,0.7143511772155762,0.6493123769760132,0.2917485237121582,0.07354789972305298,0.6535552144050598,0.376920223236084,0.25638505816459656,0.19840550422668457,0.19840550422668457,0.6760914921760559,0.587598443031311,0.27066928148269653,0.043244536966085434,0.641541063785553,0.3711596131324768,0.22834645211696625,0.17635071277618408,0.17635071277618408,0.6464364528656006,0.5700197219848633,0.241617351770401,0.01940002292394638,0.624567449092865,0.3503636419773102,0.19921104609966278,0.5974091291427612,0.3208255469799042
10:55:46,121,0.8373896479606628,0.5260056257247925,0.32226502895355225,1.0,0.9002973437309265,0.7670080065727234,0.4502735435962677,3.2156996726989746,1.2898342609405518,0.0002,7.970576783642173,0.3851938843727112,0.3851938843727112,0.7971442341804504,5.5283203125,0.7670080065727234,0.4502735435962677,0.7042794227600098,0.32226502895355225,3.587890625,0.4327395260334015,0.3851938843727112,0.6874029636383057,0.0020099279936403036,0.0,1.0033647177128688,7.973172525176778,451.514122970791,0.6493334174156189,0.6493334174156189,0.9501370787620544,0.9677734375,0.7138671875,0.31997621059417725,0.7265388369560242,0.35698312520980835,0.703125,0.48839250206947327,0.48839250206947327,0.8826907873153687,0.8579823970794678,0.5523996353149414,0.23627467453479767,0.7214611768722534,0.3491254150867462,0.5465230345726013,0.41072386503219604,0.41072386503219604,0.8259187340736389,0.8070518970489502,0.4818805158138275,0.17132139205932617,0.7063106894493103,0.29800739884376526,0.4613124430179596,0.3457644283771515,0.3457644283771515,0.7799026966094971,0.740667998790741,0.41846758127212524,0.12060064822435379,0.7175066471099854,0.2913162410259247,0.3958742618560791,0.29613909125328064,0.29613909125328064,0.742060124874115,0.6889764070510864,0.3641732335090637,0.08076568692922592,0.6942856907844543,0.25007593631744385,0.3356299102306366,0.26524680852890015,0.26524680852890015,0.712844967842102,0.6673228144645691,0.32578739523887634,0.048758797347545624,0.6637167930603027,0.2745872437953949,0.30708661675453186,0.23768573999404907,0.23768573999404907,0.6843889355659485,0.6367226243019104,0.29220137000083923,0.022302614524960518,0.682170569896698,0.23715071380138397,0.2764067053794861,0.6449758410453796,0.3851938843727112
10:55:54,122,1.2501156330108643,0.8050956726074219,0.4713767170906067,1.0,0.8551642298698425,0.7171958684921265,0.38016295433044434,2.6211013793945312,1.2288932800292969,0.0002,8.083817524136975,0.304256796836853,0.304256796836853,0.7645567655563354,5.01953125,0.7171958684921265,0.38016295433044434,0.6554358601570129,0.4713767170906067,2.984375,0.35164371132850647,0.304256796836853,0.7404302358627319,0.0013242075219750404,0.0,0.9893963883612692,8.08573802583851,445.22837476257115,0.5923124551773071,0.5923124551773071,0.9438452124595642,0.95703125,0.6669921875,0.3475074768066406,0.6877551078796387,0.4983157515525818,0.658203125,0.4027654230594635,0.4027654230594635,0.860498309135437,0.8230693936347961,0.47409579157829285,0.24272805452346802,0.6472684144973755,0.5313003659248352,0.46236559748649597,0.31222331523895264,0.31222331523895264,0.7959467768669128,0.7382352948188782,0.386274516582489,0.1662251502275467,0.6321381330490112,0.4755455255508423,0.35686275362968445,0.24987278878688812,0.24987278878688812,0.7434581518173218,0.6879293322563171,0.33071640133857727,0.11138439923524857,0.6533523797988892,0.4052426815032959,0.30618253350257874,0.21389968693256378,0.21389968693256378,0.698647141456604,0.6400394439697266,0.29388558864593506,0.07167217880487442,0.6440678238868713,0.3438720405101776,0.26035502552986145,0.1899235099554062,0.1899235099554062,0.6665872931480408,0.5905044674873352,0.2631058394908905,0.041885800659656525,0.6599665284156799,0.3194372057914734,0.22057369351387024,0.16399969160556793,0.16399969160556793,0.639056921005249,0.5789473652839661,0.24131081998348236,0.018597010523080826,0.6535162925720215,0.3263033330440521,0.1916583925485611,0.5922057032585144,0.304256796836853
10:56:02,123,0.8670628666877747,0.5437084436416626,0.3350783884525299,1.0,0.9010568857192993,0.7826638221740723,0.45651867985725403,3.196507453918457,0.6039888858795166,0.0002,7.9605524064973,0.3902398943901062,0.3902398943901062,0.8156268000602722,5.529296875,0.7826638221740723,0.45651867985725403,0.7113271951675415,0.3350783884525299,3.6435546875,0.4390415847301483,0.3902398943901062,0.684906005859375,0.0018970598466694355,0.0,1.0046319623910702,7.9631151501089334,452.08438307598163,0.670848548412323,0.670848548412323,0.9540144801139832,0.958984375,0.7314453125,0.32448530197143555,0.7525458335876465,0.3368586301803589,0.720703125,0.5062761902809143,0.5062761902809143,0.8899755477905273,0.8824681639671326,0.5808031558990479,0.23838947713375092,0.7391787171363831,0.359917551279068,0.5768854022026062,0.4075622856616974,0.4075622856616974,0.8409196138381958,0.8151425719261169,0.46607670187950134,0.1709984987974167,0.7165259122848511,0.33589857816696167,0.4650934040546417,0.34824687242507935,0.34824687242507935,0.7983784675598145,0.7623274326324463,0.4211045503616333,0.11915639787912369,0.7141008973121643,0.304213285446167,0.3915187418460846,0.2989681363105774,0.2989681363105774,0.7675235867500305,0.7052423357963562,0.3669634163379669,0.07885007560253143,0.6886395215988159,0.3206207752227783,0.33728981018066406,0.2633149027824402,0.2633149027824402,0.7394982576370239,0.6958250403404236,0.3270377814769745,0.04693473502993584,0.6628571152687073,0.2844387888908386,0.3041749596595764,0.22967098653316498,0.22967098653316498,0.7151932716369629,0.6536926031112671,0.2954091727733612,0.021185580641031265,0.6778625845909119,0.3534374535083771,0.2704590857028961,0.6533365249633789,0.3902398943901062
10:56:10,124,0.9874418377876282,0.631630539894104,0.37217989563941956,1.0,0.8872782588005066,0.7525628209114075,0.43462997674942017,2.9670469760894775,0.7959443926811218,0.0002,7.861073078587651,0.35933852195739746,0.35933852195739746,0.7991097569465637,5.181640625,0.7525628209114075,0.43462997674942017,0.7005038261413574,0.37217989563941956,3.2587890625,0.3960117995738983,0.35933852195739746,0.7052622437477112,0.0015005299355834723,0.0,1.0174121211373452,7.863086977042258,457.8354545118054,0.616558313369751,0.616558313369751,0.9435878396034241,0.955078125,0.6806640625,0.3268267810344696,0.7044990062713623,0.4152441918849945,0.6728515625,0.44003066420555115,0.44003066420555115,0.8683446645736694,0.8427734375,0.51171875,0.23683694005012512,0.6871379017829895,0.4363497197628021,0.4853515625,0.37828096747398376,0.37828096747398376,0.8222464919090271,0.7872549295425415,0.45588234066963196,0.16942912340164185,0.7110834121704102,0.3403971195220947,0.41960784792900085,0.32017141580581665,0.32017141580581665,0.7845547199249268,0.719763994216919,0.3933136761188507,0.1184525266289711,0.7226775884628296,0.27499476075172424,0.35103243589401245,0.2773173749446869,0.2773173749446869,0.7499122619628906,0.6817734241485596,0.35960590839385986,0.07903323322534561,0.7095375657081604,0.2743709981441498,0.309359610080719,0.25110918283462524,0.25110918283462524,0.7228922843933105,0.6535044312477112,0.3405725657939911,0.04762640222907066,0.6782477498054504,0.310905396938324,0.2912142276763916,0.22776871919631958,0.22776871919631958,0.6994119882583618,0.6240079402923584,0.2966269850730896,0.02179497852921486,0.686804473400116,0.25569361448287964,0.2380952388048172,0.6434760093688965,0.35933852195739746
10:56:17,125,0.7836752533912659,0.486089825630188,0.3069659471511841,1.0,0.9075554609298706,0.7886707186698914,0.470546692609787,3.3315539360046387,0.6098711490631104,0.0002,7.906290740007535,0.41017866134643555,0.41017866134643555,0.8325581550598145,5.599609375,0.7886707186698914,0.470546692609787,0.7109081149101257,0.3069659471511841,3.7373046875,0.44752082228660583,0.41017869114875793,0.6718176007270813,0.0016369489021599293,0.0,1.0115755565677709,7.908455229131505,455.2090004554969,0.6448381543159485,0.6448381543159485,0.9496119022369385,0.95703125,0.7021484375,0.315288782119751,0.7275510430335999,0.3519059717655182,0.6962890625,0.5224034190177917,0.5224034190177917,0.9009093046188354,0.8822374939918518,0.5721295475959778,0.2355540245771408,0.7352613806724548,0.30795687437057495,0.5632973313331604,0.44173043966293335,0.44173043966293335,0.8629275560379028,0.8210422992706299,0.50737464427948,0.1723945587873459,0.7389221787452698,0.2825120985507965,0.48574239015579224,0.37826642394065857,0.37826642394065857,0.8231384754180908,0.7675568461418152,0.4421364963054657,0.1223004162311554,0.7100515365600586,0.2545539438724518,0.41345202922821045,0.32695814967155457,0.32695814967155457,0.7911333441734314,0.7326043844223022,0.3896620273590088,0.08219503611326218,0.6947082877159119,0.27331411838531494,0.3628230690956116,0.2910853922367096,0.2910853922367096,0.7598904371261597,0.6849451661109924,0.35393819212913513,0.04961321875452995,0.6855894923210144,0.27667778730392456,0.3170488476753235,0.2587244212627411,0.2587244212627411,0.7361454963684082,0.6696696877479553,0.31931930780410767,0.02265395037829876,0.6636771559715271,0.3105938732624054,0.28628629446029663,0.6636430621147156,0.41017869114875793
10:56:26,126,1.034135103225708,0.6604592204093933,0.390861839056015,1.0,0.8764612078666687,0.7354512214660645,0.3996345102787018,2.890557050704956,0.6725986003875732,0.0002,8.278819675091654,0.33451083302497864,0.33451083302497864,0.7955473065376282,5.212890625,0.7354512214660645,0.3996345102787018,0.6659021377563477,0.390861839056015,3.2451171875,0.3715209364891052,0.33451083302497864,0.7196121215820312,0.0016490956768393517,0.0,0.9660583567038656,8.281073233811185,434.72626051673956,0.6145855784416199,0.6145855784416199,0.9481675624847412,0.9560546875,0.6796875,0.33437681198120117,0.7058222889900208,0.4139881134033203,0.6748046875,0.452800989151001,0.452800989151001,0.8838306665420532,0.8658178448677063,0.5210577845573425,0.23990488052368164,0.6719456911087036,0.40947771072387695,0.502448558807373,0.3454475700855255,0.3454475700855255,0.8248108625411987,0.7730844616889954,0.41355597972869873,0.16844940185546875,0.6848793029785156,0.3997178375720978,0.3801571726799011,0.2815632224082947,0.2815632224082947,0.7832515239715576,0.6932153105735779,0.3529990315437317,0.11553763598203659,0.6581560373306274,0.3709900975227356,0.3087512254714966,0.23849518597126007,0.23849518597126007,0.7425352334976196,0.632149875164032,0.30177515745162964,0.07584439963102341,0.6474258899688721,0.2961563169956207,0.2672583758831024,0.21327275037765503,0.21327275037765503,0.7050241827964783,0.637982189655304,0.27398616075515747,0.045233696699142456,0.6356589198112488,0.3303096890449524,0.2492581605911255,0.19087834656238556,0.19087834656238556,0.6781704425811768,0.5857284665107727,0.2497522234916687,0.020653244107961655,0.6277495622634888,0.28976312279701233,0.21308225393295288,0.6086719632148743,0.33451083302497864
10:56:34,127,1.0745183229446411,0.6656443476676941,0.42721322178840637,1.0,0.8697938323020935,0.752633810043335,0.4042702615261078,2.8422727584838867,0.7580242156982422,0.0002,7.929754477692768,0.33614733815193176,0.33614733815193176,0.795571506023407,5.2412109375,0.752633810043335,0.4042702615261078,0.6659201383590698,0.42721322178840637,3.21875,0.37954768538475037,0.33614733815193176,0.7151380777359009,0.0020262349862605333,0.0,1.0085220381909152,7.93239978607744,453.8349171859119,0.6255435943603516,0.6255435943603516,0.9486543536186218,0.970703125,0.6943359375,0.33861058950424194,0.7122736573219299,0.45713210105895996,0.6904296875,0.45672714710235596,0.45672714710235596,0.8775401711463928,0.8726738691329956,0.5328109860420227,0.2415378838777542,0.6756453514099121,0.44833633303642273,0.5161606073379517,0.34415748715400696,0.34415748715400696,0.8191476464271545,0.7730844616889954,0.4125736653804779,0.16820016503334045,0.6861499547958374,0.4211505055427551,0.41355597972869873,0.29077935218811035,0.29077935218811035,0.779583752155304,0.7177974581718445,0.3618485629558563,0.11438131332397461,0.6506849527359009,0.3804320991039276,0.3264503479003906,0.2413691133260727,0.2413691133260727,0.7430928945541382,0.6761810779571533,0.31397637724876404,0.07417070865631104,0.6331877708435059,0.3629302680492401,0.27066928148269653,0.2059834599494934,0.2059834599494934,0.7128111720085144,0.6600790619850159,0.2766798436641693,0.04351159185171127,0.6227545142173767,0.37900495529174805,0.23023715615272522,0.18436866998672485,0.18436866998672485,0.685664176940918,0.5944609045982361,0.23343224823474884,0.01958773285150528,0.6522462368011475,0.2836441397666931,0.2047477811574936,0.6066804528236389,0.33614733815193176
10:56:42,128,0.9444372057914734,0.5882806181907654,0.3700888156890869,1.0,0.8892042636871338,0.7717970013618469,0.43257638812065125,3.084609031677246,1.1851391792297363,0.0002,7.834039052715525,0.3734380602836609,0.3734380602836609,0.8111321926116943,5.4287109375,0.7717970013618469,0.43257638812065125,0.6914275288581848,0.3700888156890869,3.4697265625,0.4125315248966217,0.3734380900859833,0.6952821612358093,0.001518893986940384,0.0,1.0209130037096295,7.836123127955943,459.4108516693333,0.6505897045135498,0.6505897045135498,0.9554612040519714,0.96484375,0.7119140625,0.32666003704071045,0.7257084846496582,0.37925300002098083,0.69921875,0.4702017903327942,0.4702017903327942,0.8848429322242737,0.8662109375,0.5244140625,0.23840652406215668,0.7001127600669861,0.40979674458503723,0.5234375,0.399777352809906,0.399777352809906,0.8408007621765137,0.7972576022148132,0.47698333859443665,0.17074944078922272,0.7125307321548462,0.35070377588272095,0.45151811838150024,0.3392125964164734,0.3392125964164734,0.8044649362564087,0.7470588088035583,0.3960784375667572,0.1187683716416359,0.7007874250411987,0.3265189528465271,0.3813725411891937,0.2820480465888977,0.2820480465888977,0.7632051706314087,0.7023575901985168,0.3290766179561615,0.07816268503665924,0.6545454263687134,0.3336803913116455,0.308447927236557,0.24976129829883575,0.24976129829883575,0.7279908061027527,0.6768472790718079,0.30738916993141174,0.046362970024347305,0.6622998714447021,0.3597046434879303,0.2689655125141144,0.21898676455020905,0.21898676455020905,0.6988933086395264,0.6452569365501404,0.27865612506866455,0.02089001052081585,0.6615620255470276,0.32457271218299866,0.2509881556034088,0.6376993656158447,0.3734380900859833
10:56:49,129,0.9056773781776428,0.5530964136123657,0.36501017212867737,1.0,0.8868430256843567,0.7743337750434875,0.43660590052604675,3.07779598236084,1.7132115364074707,0.0002,7.858169925166294,0.3744845390319824,0.3744845390319824,0.7913534045219421,5.5263671875,0.7743337750434875,0.43660590052604675,0.6926281452178955,0.36501017212867737,3.4521484375,0.42089760303497314,0.3744845390319824,0.6921051144599915,0.0016508768312633038,0.0,1.017767998834751,7.860337531892583,457.99559947563796,0.6305320262908936,0.6305320262908936,0.9463423490524292,0.9638671875,0.677734375,0.32418692111968994,0.7041540145874023,0.4009956121444702,0.677734375,0.49586573243141174,0.49586573243141174,0.8813932538032532,0.8805093169212341,0.565132200717926,0.23773102462291718,0.718576192855835,0.3697725534439087,0.5514201521873474,0.38912683725357056,0.38912683725357056,0.8211653232574463,0.7960784435272217,0.4539215564727783,0.17048339545726776,0.6945812702178955,0.35265544056892395,0.42941176891326904,0.33415430784225464,0.33415430784225464,0.7766808271408081,0.756624162197113,0.40137389302253723,0.1191272884607315,0.6874189376831055,0.34449052810668945,0.3729146122932434,0.28784045577049255,0.28784045577049255,0.7357577681541443,0.7109144330024719,0.35103243589401245,0.07930298149585724,0.6666666865348816,0.3029847741127014,0.3402163088321686,0.25816503167152405,0.25816503167152405,0.7030568718910217,0.6840550899505615,0.3198818862438202,0.047573186457157135,0.6820144057273865,0.3051888048648834,0.30708661675453186,0.22279243171215057,0.22279243171215057,0.6730450987815857,0.625863790512085,0.28430405259132385,0.021595226600766182,0.6829652786254883,0.3196047842502594,0.2645606994628906,0.6354151964187622,0.3744845390319824
10:56:58,130,1.133423924446106,0.720704197883606,0.43329334259033203,1.0,0.866487443447113,0.7374544143676758,0.393187552690506,2.7213237285614014,1.6933170557022095,0.0002,8.115778300678357,0.31631118059158325,0.31631118059158325,0.7560084462165833,5.216796875,0.7374544143676758,0.393187552690506,0.6679338812828064,0.43329334259033203,3.1318359375,0.36613401770591736,0.31631118059158325,0.7305673360824585,0.001549763372167945,0.0,0.985490159184806,8.117787808878347,443.4705716331627,0.596351683139801,0.596351683139801,0.9423520565032959,0.9541015625,0.669921875,0.3405315577983856,0.6919140219688416,0.4829919934272766,0.6611328125,0.41648179292678833,0.41648179292678833,0.855997622013092,0.8484848737716675,0.49266862869262695,0.24065648019313812,0.6658986210823059,0.4702618420124054,0.4838709533214569,0.3172284960746765,0.3172284960746765,0.7846435308456421,0.781800389289856,0.3913894295692444,0.16697265207767487,0.6658322811126709,0.4467296600341797,0.38747555017471313,0.2627871334552765,0.2627871334552765,0.7346645593643188,0.7012732625007629,0.3398628830909729,0.11367175728082657,0.6689944267272949,0.33405306935310364,0.3124387860298157,0.23223991692066193,0.23223991692066193,0.6899816393852234,0.6627335548400879,0.31563422083854675,0.07425961643457413,0.6617210507392883,0.33259424567222595,0.2546705901622772,0.20673418045043945,0.20673418045043945,0.6550179719924927,0.6226601004600525,0.2857142984867096,0.04402392730116844,0.6661392450332642,0.2584153115749359,0.2423645257949829,0.17915292084217072,0.17915292084217072,0.6266379356384277,0.5879446864128113,0.2539525628089905,0.01988401636481285,0.6420168280601501,0.2901768088340759,0.21739129722118378,0.602825403213501,0.31631118059158325
10:57:05,131,1.233869194984436,0.8216532468795776,0.4377749264240265,1.0,0.8663115501403809,0.709727942943573,0.3837060332298279,2.654832124710083,1.057746410369873,0.0002,7.931374373845756,0.307155579328537,0.307155579328537,0.7534671425819397,4.953419208526611,0.709727942943573,0.3837060332298279,0.6674693822860718,0.4377749264240265,3.0931615829467773,0.36063238978385925,0.3071556091308594,0.7400978803634644,0.0016537602059543133,0.0,1.0083752830151398,7.93355423794128,453.76887735681294,0.6028158664703369,0.6028158664703369,0.9329262971878052,0.9444994926452637,0.6660059690475464,0.3487693965435028,0.7040923237800598,0.4367167353630066,0.6650148630142212,0.42247474193573,0.42247474193573,0.8447876572608948,0.8144841194152832,0.5099206566810608,0.2441101372241974,0.6918392181396484,0.46448051929473877,0.4801587164402008,0.3134431540966034,0.3134431540966034,0.7755163311958313,0.7455268502235413,0.40656062960624695,0.1666964441537857,0.6679999828338623,0.44268304109573364,0.37773358821868896,0.24911616742610931,0.24911616742610931,0.7305052280426025,0.6962151527404785,0.32270917296409607,0.11099318414926529,0.6194563508033752,0.4553495943546295,0.30776891112327576,0.21599741280078888,0.21599741280078888,0.6908875703811646,0.640999972820282,0.2849999964237213,0.07079261541366577,0.6599063873291016,0.3649612367153168,0.2669999897480011,0.18122868239879608,0.18122868239879608,0.6632176041603088,0.5705705881118774,0.2522522509098053,0.04077991470694542,0.6561403274536133,0.37488317489624023,0.22022022306919098,0.16076631844043732,0.16076631844043732,0.6333521008491516,0.5517587661743164,0.23919597268104553,0.01785833016037941,0.6484517455101013,0.36345112323760986,0.20201005041599274,0.6020970344543457,0.3071556091308594
10:57:13,132,1.0605593919754028,0.6631009578704834,0.4145776331424713,1.0,0.8751499652862549,0.7508797645568848,0.40087977051734924,2.8824994564056396,0.7204796075820923,0.0002,7.926004097796977,0.3359295427799225,0.3359295427799225,0.7857092618942261,5.335707187652588,0.7508797645568848,0.40087977051734924,0.6695957779884338,0.4145776331424713,3.289928674697876,0.387243390083313,0.33592960238456726,0.7189251780509949,0.001628536032512784,0.0,1.0090674584798878,7.9281121720559895,454.0803563159495,0.6380452513694763,0.6380452513694763,0.9630125761032104,0.9643946886062622,0.6998982429504395,0.33964836597442627,0.7162446975708008,0.4273388385772705,0.6897253394126892,0.47363659739494324,0.47363659739494324,0.8995077610015869,0.8806122541427612,0.5346938967704773,0.24258014559745789,0.6940903663635254,0.43183162808418274,0.5244898200035095,0.3547426462173462,0.3547426462173462,0.8291859030723572,0.7963152527809143,0.4380757510662079,0.16830387711524963,0.682519257068634,0.4396633803844452,0.4135107398033142,0.27011609077453613,0.27011609077453613,0.7673341631889343,0.7189743518829346,0.3353846073150635,0.11348551511764526,0.651925802230835,0.4126254916191101,0.32307693362236023,0.23660187423229218,0.23660187423229218,0.7171997427940369,0.6646090745925903,0.2993827164173126,0.07347855716943741,0.6547987461090088,0.3261107802391052,0.27983540296554565,0.19801945984363556,0.19801945984363556,0.6777812242507935,0.6315789222717285,0.25799793004989624,0.043141260743141174,0.6339869499206543,0.3276202976703644,0.25283798575401306,0.17414189875125885,0.17414189875125885,0.6413117051124573,0.5943983197212219,0.23443983495235443,0.019362328574061394,0.614310622215271,0.2700941562652588,0.22095435857772827,0.6099575161933899,0.33592960238456726
10:57:21,133,1.2981144189834595,0.8359755277633667,0.4894615709781647,1.0,0.8447591662406921,0.7098678946495056,0.3598538041114807,2.5442757606506348,0.6882666349411011,0.0002,8.079995492938906,0.28698837757110596,0.28698837757110596,0.7435006499290466,4.998046875,0.7098678946495056,0.3598538041114807,0.6455445289611816,0.4894615709781647,2.900390625,0.33412986993789673,0.28698837757110596,0.7528430819511414,0.0016636252403259277,0.0,0.9898097692148287,8.08236112515442,445.4143961466729,0.5699204206466675,0.5699204206466675,0.9459420442581177,0.9521484375,0.640625,0.3517886698246002,0.654358983039856,0.5519745945930481,0.623046875,0.3961747884750366,0.3961747884750366,0.8536457419395447,0.8336594700813293,0.47651663422584534,0.2437753528356552,0.6537558436393738,0.5155165195465088,0.4559686779975891,0.30009710788726807,0.30009710788726807,0.7797970175743103,0.7455795407295227,0.38998034596443176,0.1652984768152237,0.6416337490081787,0.4499366879463196,0.35166993737220764,0.22783146798610687,0.22783146798610687,0.7162028551101685,0.6909449100494385,0.30610236525535583,0.10965099185705185,0.6410256624221802,0.45307907462120056,0.2775590419769287,0.1899367868900299,0.1899367868900299,0.6713507771492004,0.6203156113624573,0.24457593262195587,0.07009227573871613,0.6279809474945068,0.3706320822238922,0.2337278127670288,0.17231449484825134,0.17231449484825134,0.6316370368003845,0.5697329640388489,0.23837783932685852,0.04100235551595688,0.6388888955116272,0.319022536277771,0.20672601461410522,0.14803217351436615,0.14803217351436615,0.6019453406333923,0.5520316958427429,0.2180376648902893,0.018391825258731842,0.6552962064743042,0.25566160678863525,0.1853320151567459,0.5813685655593872,0.28698837757110596
10:57:30,134,0.9734640717506409,0.597588300704956,0.3897002339363098,1.0,0.8775003552436829,0.7643088102340698,0.4242722690105438,2.97428297996521,0.5900012850761414,0.0002,8.210284025175497,0.35303258895874023,0.35303258895874023,0.792325496673584,5.5419921875,0.7643088102340698,0.4242722690105438,0.6713891625404358,0.3897002339363098,3.3525390625,0.3992406129837036,0.35303258895874023,0.7056102156639099,0.0018751784227788448,0.0,0.974104364877841,8.212672366993502,438.3469641950284,0.6432461142539978,0.6432461142539978,0.9649530649185181,0.9677734375,0.7080078125,0.3320719301700592,0.7144298553466797,0.4061150848865509,0.69140625,0.46680745482444763,0.46680745482444763,0.8994182348251343,0.8913894295692444,0.5401174426078796,0.23959223926067352,0.686059296131134,0.4290262758731842,0.5332680940628052,0.37283825874328613,0.37283825874328613,0.832264244556427,0.8125613331794739,0.45731109380722046,0.16922444105148315,0.6763284802436829,0.3986443281173706,0.4308145344257355,0.3045066297054291,0.3045066297054291,0.774837851524353,0.7372047305107117,0.3799212574958801,0.11643674969673157,0.6742323040962219,0.3508528470993042,0.3562992215156555,0.2559789717197418,0.2559789717197418,0.7263711094856262,0.6791707873344421,0.3316880464553833,0.07650526612997055,0.6540697813034058,0.30470094084739685,0.299111545085907,0.22193942964076996,0.22193942964076996,0.6889263391494751,0.6514851450920105,0.28316831588745117,0.04553977772593498,0.6291793584823608,0.2872127294540405,0.249504953622818,0.2004837691783905,0.2004837691783905,0.6553794145584106,0.6057596802711487,0.2641509473323822,0.0206295158714056,0.6344262361526489,0.3277853727340698,0.22840119898319244,0.6108133792877197,0.35303258895874023
10:57:37,135,0.9982209205627441,0.6282593607902527,0.3869527578353882,1.0,0.886163055896759,0.7403048276901245,0.4202505052089691,2.9633700847625732,2.0730409622192383,0.0002,7.754322454100475,0.3555173873901367,0.3555173873901367,0.7871029376983643,5.243441581726074,0.7403048276901245,0.4202505052089691,0.6899714469909668,0.3869527578353882,3.3336830139160156,0.39686131477355957,0.3555173873901367,0.7021304368972778,0.02233354188501835,0.0,1.0286461684601225,7.7772126561030746,462.89077580705515,0.6072660684585571,0.6072660684585571,0.9489861130714417,0.9454354643821716,0.6642182469367981,0.3281456530094147,0.698113203048706,0.43912702798843384,0.6600210070610046,0.4581395089626312,0.4581395089626312,0.8860127925872803,0.8508403301239014,0.5147058963775635,0.23830977082252502,0.7074074149131775,0.41734641790390015,0.5147058963775635,0.3754330575466156,0.3754330575466156,0.8297713398933411,0.7586933374404907,0.4436248540878296,0.16977722942829132,0.6986111402511597,0.3758503198623657,0.4172813594341278,0.3228517472743988,0.3228517472743988,0.7716869711875916,0.720168948173523,0.40337908267974854,0.11784572899341583,0.7082111239433289,0.29973462224006653,0.3685322105884552,0.27143755555152893,0.27143755555152893,0.7242602705955505,0.6779661178588867,0.340042382478714,0.0778954029083252,0.6796875,0.3206396698951721,0.3061440587043762,0.23582963645458221,0.23582963645458221,0.6862190961837769,0.6263269782066345,0.30254778265953064,0.04667370021343231,0.6474575996398926,0.29015398025512695,0.26433122158050537,0.21353738009929657,0.21353738009929657,0.659470796585083,0.598936140537262,0.26914894580841064,0.021352579817175865,0.6749556064605713,0.22516728937625885,0.24255318939685822,0.633781909942627,0.3555173873901367
10:57:45,136,1.1203621625900269,0.702637255191803,0.4364309012889862,1.0,0.8655601739883423,0.7441556453704834,0.3852185308933258,2.7625608444213867,1.4043960571289062,0.0002,7.86275543528609,0.3228684067726135,0.3228684067726135,0.7784725427627563,5.269153118133545,0.7441556453704834,0.3852185308933258,0.6597073078155518,0.4364309012889862,3.1643145084381104,0.37287643551826477,0.3228684365749359,0.7286674976348877,0.001700992463156581,0.0,1.0171667852488744,7.8649835169781,457.7250533619935,0.6080725193023682,0.6080725193023682,0.9585316181182861,0.9707661271095276,0.6733871102333069,0.3413362205028534,0.6874350905418396,0.4686075448989868,0.6673387289047241,0.4295739233493805,0.4295739233493805,0.8846545219421387,0.8695651888847351,0.4944388270378113,0.2419089823961258,0.6616278886795044,0.47463226318359375,0.4914054572582245,0.34208086133003235,0.34208086133003235,0.8159643411636353,0.7781155109405518,0.4154002070426941,0.16802676022052765,0.6796875,0.40039730072021484,0.39614996314048767,0.2726558446884155,0.2726558446884155,0.758043110370636,0.7080366015434265,0.33672431111335754,0.11346347630023956,0.6537356376647949,0.40681958198547363,0.32960325479507446,0.23096099495887756,0.23096099495887756,0.7129640579223633,0.6653061509132385,0.2887755036354065,0.07326482981443405,0.6349693536758423,0.35062557458877563,0.2806122303009033,0.19578276574611664,0.19578276574611664,0.6733626127243042,0.6128702759742737,0.24514810740947723,0.042858123779296875,0.6466666460037231,0.36335429549217224,0.2339121550321579,0.175916850566864,0.175916850566864,0.6418771743774414,0.5997952818870544,0.2374616116285324,0.019141564145684242,0.6331058144569397,0.3118833899497986,0.2057318389415741,0.6020309925079346,0.3228684365749359
10:57:53,137,0.7932704091072083,0.48731911182403564,0.3157988488674164,1.0,0.9034758806228638,0.7845070362091064,0.4752112627029419,3.316943645477295,0.64680016040802,0.0002,7.9832273030187935,0.4125739336013794,0.4125739336013794,0.8254968523979187,5.65625,0.7845070362091064,0.4752112627029419,0.7224416732788086,0.3157988488674164,3.6953125,0.4490140974521637,0.4125739336013794,0.6694921851158142,0.0017063790000975132,0.0,1.0018185163923838,7.985478276852518,450.81833237657276,0.6698573231697083,0.6698573231697083,0.9629671573638916,0.962890625,0.720703125,0.31727805733680725,0.7484787106513977,0.3247612714767456,0.720703125,0.5214094519615173,0.5214094519615173,0.901334285736084,0.8725489974021912,0.5764706134796143,0.2362804263830185,0.7359550595283508,0.3295519948005676,0.5656862854957581,0.4377603232860565,0.4377603232860565,0.8542526960372925,0.823992133140564,0.49852508306503296,0.17218472063541412,0.7303102612495422,0.3016454875469208,0.47787609696388245,0.37429067492485046,0.37429067492485046,0.8136051297187805,0.7573964595794678,0.4368836283683777,0.12160461395978928,0.71484375,0.30363738536834717,0.4043392539024353,0.3298281133174896,0.3298281133174896,0.7781028151512146,0.7247524857521057,0.39801979064941406,0.08142521232366562,0.7131147384643555,0.3014147877693176,0.3643564283847809,0.294302761554718,0.294302761554718,0.7478256821632385,0.6984127163887024,0.363095223903656,0.048966992646455765,0.7201704382896423,0.28986093401908875,0.3204365074634552,0.2552003562450409,0.2552003562450409,0.7171058058738708,0.6474677324295044,0.32770606875419617,0.022260021418333054,0.6763803958892822,0.32190486788749695,0.28401193022727966,0.6724222898483276,0.4125739336013794
10:58:02,138,0.970100462436676,0.602889895439148,0.3824014663696289,1.0,0.8839308619499207,0.7592358589172363,0.4129793643951416,3.017911672592163,1.3305257558822632,0.0002,8.238839293830097,0.3528035879135132,0.3528035879135132,0.7925403714179993,5.373046875,0.7592358589172363,0.4129793643951416,0.6745606064796448,0.3824014663696289,3.3681640625,0.3968254029750824,0.3528035879135132,0.7062149047851562,0.0020130977500230074,0.0,0.9707050168543844,8.241432629991323,436.81725758447294,0.6345804929733276,0.6345804929733276,0.9635779857635498,0.96484375,0.69140625,0.32879164814949036,0.7115384340286255,0.4076913297176361,0.6875,0.46377450227737427,0.46377450227737427,0.8897718787193298,0.8649706244468689,0.5293542146682739,0.23817959427833557,0.6776018142700195,0.411847859621048,0.5215263962745667,0.36272040009498596,0.36272040009498596,0.8242030143737793,0.7821393609046936,0.4219823479652405,0.16926836967468262,0.6850690245628357,0.37304577231407166,0.42394503951072693,0.3047829568386078,0.3047829568386078,0.7779548764228821,0.7354965806007385,0.3657817244529724,0.11753133684396744,0.6751337051391602,0.35428673028945923,0.34709930419921875,0.2631542980670929,0.2631542980670929,0.7316957116127014,0.7004926204681396,0.3330049216747284,0.07799878716468811,0.6722925305366516,0.3314972221851349,0.30344828963279724,0.22959500551223755,0.22959500551223755,0.6940968632698059,0.6413043737411499,0.28359684348106384,0.04683235287666321,0.6409861445426941,0.2835640609264374,0.25889328122138977,0.2067253440618515,0.2067253440618515,0.6632713079452515,0.6217821836471558,0.26138612627983093,0.0213979072868824,0.6353503465652466,0.27221015095710754,0.23069307208061218,0.6200078129768372,0.3528035879135132
10:58:09,139,0.9742282629013062,0.6028194427490234,0.3858378529548645,1.0,0.8802693486213684,0.7696952819824219,0.43814072012901306,3.011975049972534,0.8458531498908997,0.0002,7.963258385192603,0.3694460093975067,0.3694460093975067,0.8038439750671387,5.431640625,0.7696952819824219,0.43814072012901306,0.6830870509147644,0.3858378529548645,3.3779296875,0.41244205832481384,0.3694460093975067,0.7006132006645203,0.0016418169252574444,0.0,1.004328461719553,7.965521544916555,451.9478077737988,0.6343038082122803,0.6343038082122803,0.9616172909736633,0.96484375,0.6982421875,0.32795923948287964,0.6993927359580994,0.4222220778465271,0.6748046875,0.4923385977745056,0.4923385977745056,0.8965367078781128,0.8816046714782715,0.5636007785797119,0.23868799209594727,0.7003329396247864,0.4038924276828766,0.5459882616996765,0.3716396391391754,0.3716396391391754,0.8367075324058533,0.8017664551734924,0.4327772259712219,0.1696445345878601,0.6646266579627991,0.4122852683067322,0.42492640018463135,0.32752978801727295,0.32752978801727295,0.790611982345581,0.7612966895103455,0.3929273188114166,0.11795800924301147,0.6748387217521667,0.319972425699234,0.36836934089660645,0.2855394184589386,0.2855394184589386,0.7429800629615784,0.6610837578773499,0.3497537076473236,0.07813718169927597,0.6989567875862122,0.26755914092063904,0.31625616550445557,0.25099653005599976,0.25099653005599976,0.7120372653007507,0.6788537502288818,0.3339920938014984,0.04656212031841278,0.6695778965950012,0.3212408721446991,0.2924901247024536,0.21975350379943848,0.21975350379943848,0.6835421919822693,0.6350148320198059,0.29179030656814575,0.02105088345706463,0.6651090383529663,0.31553298234939575,0.26013848185539246,0.6291630864143372,0.3694460093975067
10:58:17,140,1.115532398223877,0.6955785751342773,0.43817758560180664,1.0,0.8613013625144958,0.7641668915748596,0.40879616141319275,2.76999568939209,0.8909775614738464,0.0002,7.859195675002411,0.33280009031295776,0.33280009031295776,0.7825673818588257,5.4296875,0.7641668915748596,0.40879616141319275,0.670356035232544,0.43817758560180664,3.1767578125,0.3872286379337311,0.33280009031295776,0.723272442817688,0.0016496682073920965,0.0,1.0176313916949158,7.861392705934122,457.9341262627121,0.625379204750061,0.625379204750061,0.9621438384056091,0.9609375,0.677734375,0.3437325358390808,0.6951219439506531,0.45790234208106995,0.66796875,0.46315962076187134,0.46315962076187134,0.8848708271980286,0.8911764621734619,0.5352941155433655,0.24385645985603333,0.6908690929412842,0.43951216340065,0.5303921699523926,0.35158464312553406,0.35158464312553406,0.8157927393913269,0.8023598790168762,0.43461158871650696,0.16821035742759705,0.6691176295280457,0.44721075892448425,0.41101276874542236,0.2868107557296753,0.2868107557296753,0.77000492811203,0.7401185631752014,0.3863636255264282,0.11272027343511581,0.672897219657898,0.41232678294181824,0.34584981203079224,0.23111586272716522,0.23111586272716522,0.7182070016860962,0.6871287226676941,0.30693069100379944,0.07188373059034348,0.6729106903076172,0.38769862055778503,0.29108911752700806,0.19670400023460388,0.19670400023460388,0.6804199814796448,0.6510934233665466,0.2654075622558594,0.04139787703752518,0.6381679177284241,0.3930928409099579,0.24850894510746002,0.1681067943572998,0.1681067943572998,0.641723096370697,0.6109452843666077,0.24875621497631073,0.018198689445853233,0.6302931308746338,0.40033528208732605,0.20895522832870483,0.6083904504776001,0.33280009031295776
10:58:25,141,0.9223164916038513,0.5748433470726013,0.36115577816963196,1.0,0.8898818492889404,0.7558434009552002,0.4336806535720825,3.0729753971099854,1.338357925415039,0.0002,8.02211751928553,0.3644692599773407,0.3644692599773407,0.7910577058792114,5.3642578125,0.7558434009552002,0.4336806535720825,0.6902011632919312,0.36115577816963196,3.3798828125,0.40608277916908264,0.3644692301750183,0.699953019618988,0.0016995689366012812,0.0,0.9969696354038825,8.024316604947671,448.6363359317471,0.6228857040405273,0.6228857040405273,0.9522597193717957,0.9580078125,0.6845703125,0.32442861795425415,0.702344536781311,0.43210849165916443,0.673828125,0.4746156930923462,0.4746156930923462,0.8787338137626648,0.8688845634460449,0.5499021410942078,0.23690497875213623,0.6914414167404175,0.3798164427280426,0.5254403352737427,0.37790173292160034,0.37790173292160034,0.8183459043502808,0.7789784073829651,0.4577603042125702,0.16975657641887665,0.7150062918663025,0.3456239104270935,0.4243614971637726,0.3199326992034912,0.3199326992034912,0.7710636258125305,0.7245804667472839,0.3968410789966583,0.1188383400440216,0.7166212797164917,0.2770685851573944,0.3721618950366974,0.27139943838119507,0.27139943838119507,0.7322701811790466,0.6946640610694885,0.3339920938014984,0.07948233932256699,0.6586059927940369,0.28987568616867065,0.3013834059238434,0.24857941269874573,0.24857941269874573,0.7036643028259277,0.6438491940498352,0.3144841194152832,0.04823381453752518,0.6825885772705078,0.23387537896633148,0.2777777910232544,0.2303963154554367,0.2303963154554367,0.6770121455192566,0.6169154047966003,0.29253730177879333,0.022355256602168083,0.6499999761581421,0.18202878534793854,0.26169154047966003,0.6349300146102905,0.3644692301750183
10:58:33,142,0.8270789384841919,0.5314815640449524,0.30657199025154114,1.0,0.9044820666313171,0.7640134692192078,0.45249438285827637,3.2420458793640137,1.1912285089492798,0.0002,8.010420780396089,0.3846428096294403,0.3846428096294403,0.7825002074241638,5.40625,0.7640134692192078,0.45249438285827637,0.710564911365509,0.30657199025154114,3.5859375,0.4274103045463562,0.3846428096294403,0.6942322850227356,0.0016386802308261395,0.0,0.9984004441633102,8.012816948117688,449.2801998734896,0.6515021920204163,0.6515021920204163,0.952914297580719,0.9580078125,0.720703125,0.3183991312980652,0.7400611639022827,0.3385438323020935,0.708984375,0.4830767512321472,0.4830767512321472,0.8763386011123657,0.8670576810836792,0.5542522072792053,0.23495236039161682,0.7181510925292969,0.3428196907043457,0.5464320778846741,0.39532458782196045,0.39532458782196045,0.8126792311668396,0.8041136264801025,0.46523016691207886,0.17040151357650757,0.7088915705680847,0.29967668652534485,0.4407443702220917,0.3388921618461609,0.3388921618461609,0.7651876211166382,0.738959789276123,0.41216880083084106,0.12088672816753387,0.7091633677482605,0.2555820047855377,0.3827281594276428,0.2997889220714569,0.2997889220714569,0.7227482199668884,0.7003929018974304,0.36444008350372314,0.08191090822219849,0.6928471326828003,0.2461463212966919,0.33988213539123535,0.27599334716796875,0.27599334716796875,0.6859326958656311,0.662401556968689,0.3385826647281647,0.05017402395606041,0.6879643201828003,0.21550841629505157,0.30314961075782776,0.24525468051433563,0.24525468051433563,0.6596119403839111,0.6147783398628235,0.309359610080719,0.023275379091501236,0.7019230723381042,0.20570531487464905,0.26699507236480713,0.6518605947494507,0.3846428096294403
10:58:42,143,0.8762407302856445,0.5339987874031067,0.35360315442085266,1.0,0.8869978189468384,0.7682482004165649,0.4279899001121521,3.1077494621276855,0.6556122899055481,0.0002,8.136433568550274,0.3717855215072632,0.3717855215072632,0.8111787438392639,5.53125,0.7682482004165649,0.4279899001121521,0.6892015337944031,0.35360315442085266,3.4404296875,0.4080572724342346,0.3717855215072632,0.6908654570579529,0.0018970563542097807,0.0,0.982940272577547,8.138846502872184,442.32312265989617,0.6246237754821777,0.6246237754821777,0.9614661335945129,0.9755859375,0.66796875,0.3219320774078369,0.6866866946220398,0.41128087043762207,0.669921875,0.47235071659088135,0.47235071659088135,0.8935003280639648,0.8872548937797546,0.5343137383460999,0.23642152547836304,0.6961326003074646,0.3755932152271271,0.5274509787559509,0.392835795879364,0.392835795879364,0.837463915348053,0.7901960611343384,0.4529411792755127,0.17080935835838318,0.6997518539428711,0.30779269337654114,0.42843136191368103,0.340463250875473,0.340463250875473,0.7949872016906738,0.7475442290306091,0.4007858633995056,0.12013162672519684,0.6911957859992981,0.29825857281684875,0.36542239785194397,0.2863946855068207,0.2863946855068207,0.7597432136535645,0.6909449100494385,0.33759841322898865,0.08030947297811508,0.6794871687889099,0.30120670795440674,0.3208661377429962,0.25579214096069336,0.25579214096069336,0.7277653813362122,0.6627218723297119,0.317554235458374,0.048355866223573685,0.6889880895614624,0.26060715317726135,0.28895464539527893,0.22683121263980865,0.22683121263980865,0.7011480331420898,0.6205533742904663,0.2816205620765686,0.022040098905563354,0.6783439517021179,0.28517836332321167,0.25197628140449524,0.6363664269447327,0.3717855215072632
10:58:50,144,1.0994659662246704,0.6900607943534851,0.4287315309047699,1.0,0.8620620369911194,0.75119549036026,0.400984525680542,2.7868704795837402,0.9209861755371094,0.0002,8.059573677834123,0.33219435811042786,0.33219435811042786,0.796226441860199,5.248046875,0.75119549036026,0.400984525680542,0.6729077100753784,0.4287315309047699,3.107421875,0.37609001994132996,0.33219435811042786,0.7203545570373535,0.001479289960116148,0.0,0.9923480508390519,8.061687623849139,446.5566228775733,0.6479759812355042,0.6479759812355042,0.9685642123222351,0.970703125,0.705078125,0.3431103825569153,0.7203219532966614,0.4133296310901642,0.69921875,0.43663039803504944,0.43663039803504944,0.8971216082572937,0.8834475874900818,0.5083251595497131,0.24202992022037506,0.6607539057731628,0.5081817507743835,0.49657198786735535,0.33575353026390076,0.33575353026390076,0.8324377536773682,0.7679449319839478,0.4011799395084381,0.16705454885959625,0.6862996220588684,0.4298100471496582,0.37954768538475037,0.27983227372169495,0.27983227372169495,0.7800735235214233,0.7280788421630859,0.3527093529701233,0.11282365024089813,0.6508795619010925,0.4038942754268646,0.32019704580307007,0.23311616480350494,0.23311616480350494,0.7313448190689087,0.6762092709541321,0.31095755100250244,0.07291311025619507,0.6627737283706665,0.3668772280216217,0.27936822175979614,0.2056480050086975,0.2056480050086975,0.6960305571556091,0.6261127591133118,0.2809099853038788,0.04280111566185951,0.6729857921600342,0.3105396330356598,0.24035608768463135,0.18139447271823883,0.18139447271823883,0.6645151376724243,0.6015857458114624,0.24281467497348785,0.01926727034151554,0.6342669129371643,0.3170897364616394,0.21209117770195007,0.6120796799659729,0.33219435811042786
10:58:58,145,1.0255213975906372,0.6428025960922241,0.39865705370903015,1.0,0.8754950165748596,0.7679046988487244,0.4246671199798584,2.8702621459960938,2.8669016361236572,0.0002,8.106874068034813,0.3489774465560913,0.3489774465560913,0.7956039905548096,5.4267578125,0.7679046988487244,0.4246671199798584,0.689906895160675,0.39865705370903015,3.3330078125,0.41037142276763916,0.3489774465560913,0.7102025151252747,0.0016680408734828234,0.0,0.9865473645202687,8.109088613186032,443.9463140341209,0.63045334815979,0.63045334815979,0.9548390507698059,0.970703125,0.7021484375,0.3373946249485016,0.7193158864974976,0.4113837480545044,0.6982421875,0.4692659378051758,0.4692659378051758,0.8795463442802429,0.8767123222351074,0.5440313220024109,0.2425774782896042,0.6997767686843872,0.40671148896217346,0.534246563911438,0.3888704180717468,0.3888704180717468,0.8313089609146118,0.8121330738067627,0.4833659529685974,0.1701267957687378,0.7036144733428955,0.3747878074645996,0.46086105704307556,0.3155668079853058,0.3155668079853058,0.787558376789093,0.7637255191802979,0.39803922176361084,0.11512290686368942,0.7021822929382324,0.3678237199783325,0.3803921639919281,0.24694520235061646,0.24694520235061646,0.7393049597740173,0.6827111840248108,0.3202357590198517,0.07363452017307281,0.6705036163330078,0.41199377179145813,0.3123772144317627,0.20737770199775696,0.20737770199775696,0.7014246582984924,0.6604330539703369,0.27066928148269653,0.042484112083911896,0.6497764587402344,0.4141053557395935,0.2608267664909363,0.18103694915771484,0.18103694915771484,0.6730652451515198,0.6061204075813293,0.2507403790950775,0.018659571185708046,0.6596091389656067,0.3712534010410309,0.2221125364303589,0.6219673752784729,0.3489774465560913
10:59:06,146,1.4345136880874634,0.9170840978622437,0.5491266846656799,1.0,0.8293529748916626,0.7321628928184509,0.35744380950927734,2.432283401489258,1.1717166900634766,0.0002,7.990011363755912,0.28744056820869446,0.28744056820869446,0.7652767300605774,5.0546875,0.7321628928184509,0.35744380950927734,0.6341837644577026,0.5491266846656799,2.857421875,0.333988755941391,0.28744056820869446,0.7517901062965393,0.001705333823338151,0.0,1.0009641801453517,7.992293988820165,450.4338810654083,0.5742810964584351,0.5742810964584351,0.9356523752212524,0.9541015625,0.6396484375,0.363556832075119,0.6704196333885193,0.5632466077804565,0.640625,0.42385393381118774,0.42385393381118774,0.856468141078949,0.848188042640686,0.5073457360267639,0.25001290440559387,0.6709007024765015,0.5218796730041504,0.4926542639732361,0.31238242983818054,0.31238242983818054,0.7992895245552063,0.7772325873374939,0.3964671194553375,0.1662314385175705,0.6489899158477783,0.5313665270805359,0.3778213858604431,0.2397770881652832,0.2397770881652832,0.7529395222663879,0.7138643264770508,0.30776795744895935,0.10619845241308212,0.6404958963394165,0.5689144730567932,0.27925270795822144,0.18107157945632935,0.18107157945632935,0.7081940770149231,0.6368110179901123,0.250984251499176,0.06426625698804855,0.6105100512504578,0.5726533532142639,0.21161417663097382,0.15326285362243652,0.15326285362243652,0.6698809862136841,0.6080947518348694,0.21618953347206116,0.03515173867344856,0.5892857313156128,0.5663481950759888,0.17867720127105713,0.12313201278448105,0.12313201278448105,0.631562352180481,0.5831683278083801,0.1792079210281372,0.014582326635718346,0.5653650164604187,0.5796931385993958,0.1524752527475357,0.5750797986984253,0.28744056820869446
10:59:14,147,1.157094120979309,0.7474484443664551,0.43194618821144104,1.0,0.8672864437103271,0.7285574078559875,0.392192542552948,2.692807197570801,1.3900790214538574,0.0002,7.965357326203957,0.314704030752182,0.314704030752182,0.7522107362747192,5.0576171875,0.7285574078559875,0.392192542552948,0.6644901037216187,0.43194618821144104,3.1005859375,0.3681264817714691,0.314704030752182,0.7320985794067383,0.0016874729190021753,0.0,1.004046353746495,7.9677596259862185,451.82085918592276,0.5776015520095825,0.5776015520095825,0.9311577677726746,0.951171875,0.650390625,0.34017351269721985,0.675564706325531,0.5053569674491882,0.642578125,0.40877047181129456,0.40877047181129456,0.839591383934021,0.8310546875,0.4931640625,0.24054212868213654,0.6721504330635071,0.4397863745689392,0.4873046875,0.32259753346443176,0.32259753346443176,0.7849442958831787,0.7685546875,0.396484375,0.16724982857704163,0.6594663262367249,0.4197956919670105,0.384765625,0.27368125319480896,0.27368125319480896,0.7340928912162781,0.7042115330696106,0.3476983308792114,0.11388307064771652,0.6689847111701965,0.3553966283798218,0.3271302580833435,0.22985325753688812,0.22985325753688812,0.6901760101318359,0.6460784077644348,0.30980393290519714,0.07425503432750702,0.6722306609153748,0.3276551067829132,0.2803921699523926,0.20506493747234344,0.20506493747234344,0.6561928987503052,0.6051080822944641,0.28978389501571655,0.04398409649729729,0.6623376607894897,0.28039559721946716,0.23870334029197693,0.18323829770088196,0.18323829770088196,0.6274874806404114,0.5915354490280151,0.25590550899505615,0.019912324845790863,0.6306156516075134,0.271498441696167,0.21358267962932587,0.5969792604446411,0.314704030752182
10:59:21,148,1.02524995803833,0.642450213432312,0.3991604745388031,1.0,0.8766931891441345,0.7546218633651733,0.4242296814918518,2.9143218994140625,1.2179090976715088,0.0002,7.839196882676333,0.3516775071620941,0.3516775071620941,0.7975909113883972,5.3486328125,0.7546218633651733,0.4242296814918518,0.6818856596946716,0.3991604745388031,3.34375,0.4004201591014862,0.3516775071620941,0.7075307965278625,0.0017450852319598198,0.0,1.020214514050005,7.841488128062338,459.0965313225022,0.6419388055801392,0.6419388055801392,0.9543614983558655,0.966796875,0.712890625,0.3350151479244232,0.7232323288917542,0.41389894485473633,0.69921875,0.4636412262916565,0.4636412262916565,0.880803644657135,0.8719452619552612,0.5503421425819397,0.24080602824687958,0.6782511472702026,0.436781108379364,0.5356793999671936,0.3717242479324341,0.3717242479324341,0.8234732747077942,0.8041136264801025,0.44662097096443176,0.16920222342014313,0.6894031763076782,0.38954779505729675,0.4289911985397339,0.3070421516895294,0.3070421516895294,0.7815258502960205,0.7247796058654785,0.38001957535743713,0.11565858125686646,0.6824324131011963,0.3654520809650421,0.34965720772743225,0.25583526492118835,0.25583526492118835,0.7462796568870544,0.6653581857681274,0.3238469064235687,0.07524989545345306,0.6563422083854675,0.3464241623878479,0.29244357347488403,0.22457091510295868,0.22457091510295868,0.7142510414123535,0.6479842662811279,0.2890855371952057,0.04427190124988556,0.6661608219146729,0.31612876057624817,0.2654867172241211,0.19430731236934662,0.19430731236934662,0.6807042956352234,0.5990147590637207,0.26403939723968506,0.019796287640929222,0.6546052694320679,0.32624468207359314,0.22857142984867096,0.6236563920974731,0.3516775071620941
10:59:30,149,1.0664010047912598,0.6585668921470642,0.4257007837295532,1.0,0.8694459795951843,0.7458245754241943,0.4046315848827362,2.8438806533813477,1.3564121723175049,0.0002,8.154016688931733,0.33617645502090454,0.33617645502090454,0.7976307272911072,5.330078125,0.7458245754241943,0.4046315848827362,0.6610839366912842,0.4257007837295532,3.189453125,0.3705263137817383,0.3361765146255493,0.7171386480331421,0.0018710519652813673,0.0,0.980822155057089,8.15642260806635,441.36996977569004,0.6074449419975281,0.6074449419975281,0.955802321434021,0.958984375,0.6728515625,0.33486858010292053,0.6914460062980652,0.4665135145187378,0.6630859375,0.4409371316432953,0.4409371316432953,0.8904576301574707,0.8688845634460449,0.5117416977882385,0.23981155455112457,0.6610360145568848,0.45766061544418335,0.4911937415599823,0.34989258646965027,0.34989258646965027,0.8345812559127808,0.7821393609046936,0.42100098729133606,0.16850031912326813,0.6649937033653259,0.41934916377067566,0.3915603458881378,0.2899184823036194,0.2899184823036194,0.7845562100410461,0.7242394685745239,0.3552502393722534,0.11565425992012024,0.6612465977668762,0.3639276325702667,0.31599608063697815,0.2481476068496704,0.2481476068496704,0.741608738899231,0.6604330539703369,0.32185038924217224,0.0757845789194107,0.6497764587402344,0.3575632572174072,0.2726377844810486,0.21592919528484344,0.21592919528484344,0.7051217555999756,0.6341223120689392,0.2790926992893219,0.04497096687555313,0.6391912698745728,0.31422215700149536,0.23964497447013855,0.19738715887069702,0.19738715887069702,0.6686062216758728,0.58852618932724,0.26706230640411377,0.020409785211086273,0.6420168280601501,0.23756209015846252,0.21562808752059937,0.602587878704071,0.3361765146255493
10:59:38,150,1.1327663660049438,0.7237442135810852,0.42918235063552856,1.0,0.8709281086921692,0.7283915877342224,0.3835054337978363,2.7642362117767334,0.758844256401062,0.0002,8.047583104111254,0.31843113899230957,0.31843113899230957,0.796283483505249,5.106090545654297,0.7283915877342224,0.3835054337978363,0.6626529693603516,0.42918235063552856,3.1679763793945312,0.36313480138778687,0.31843113899230957,0.7320327758789062,0.0014842287637293339,0.0,0.9938433494075685,8.049558317987248,447.2295072334058,0.5893797278404236,0.5893797278404236,0.9490593075752258,0.9636542201042175,0.6552062630653381,0.3390868604183197,0.6819571852684021,0.4834747612476349,0.6571709513664246,0.43543750047683716,0.43543750047683716,0.8802797198295593,0.8513779640197754,0.5108267664909363,0.24088793992996216,0.6982659101486206,0.4254603385925293,0.499015748500824,0.3244876563549042,0.3244876563549042,0.8257771134376526,0.773938775062561,0.4057255685329437,0.16734278202056885,0.6543367505073547,0.43743979930877686,0.3830207288265228,0.26512646675109863,0.26512646675109863,0.7791717052459717,0.6844708323478699,0.33036598563194275,0.1139221042394638,0.650288999080658,0.39683401584625244,0.2947576642036438,0.22791928052902222,0.22791928052902222,0.7416621446609497,0.6295928359031677,0.2909632623195648,0.07448098063468933,0.6640378832817078,0.30721983313560486,0.2532274127006531,0.2008812427520752,0.2008812427520752,0.7105947136878967,0.6165338754653931,0.2569721043109894,0.04421791806817055,0.6284329295158386,0.31709128618240356,0.2310757040977478,0.18064814805984497,0.18064814805984497,0.6838751435279846,0.5740000009536743,0.2290000021457672,0.02006152831017971,0.6376306414604187,0.3103441298007965,0.21799999475479126,0.5996514558792114,0.31843113899230957
10:59:46,151,0.7715420722961426,0.48637840151786804,0.29521042108535767,1.0,0.9105400443077087,0.7656021118164062,0.46733078360557556,3.3410234451293945,0.6166391968727112,0.0002,7.860964714316651,0.40369606018066406,0.40369606018066406,0.8052838444709778,5.484231948852539,0.7656021118164062,0.46733078360557556,0.719479501247406,0.29521042108535767,3.698880910873413,0.445795476436615,0.40369606018066406,0.6741591095924377,0.0016452812124043703,0.0,1.0173945555921375,7.863222735002637,457.8275500164619,0.6562157273292542,0.6562157273292542,0.9554041028022766,0.9633774161338806,0.7253305912017822,0.31423208117485046,0.7412883043289185,0.34779396653175354,0.715157687664032,0.5018534660339355,0.5018534660339355,0.8870354294776917,0.8693877458572388,0.5785714387893677,0.23385092616081238,0.7312206625938416,0.3275041878223419,0.5602040886878967,0.41661205887794495,0.41661205887794495,0.8295056223869324,0.800613522529602,0.4795500934123993,0.1712074726819992,0.710089385509491,0.2807164490222931,0.45807769894599915,0.3574120104312897,0.3574120104312897,0.787723958492279,0.7271794676780701,0.41333332657814026,0.12227480858564377,0.732016921043396,0.2338850200176239,0.3948718011379242,0.3243187665939331,0.3243187665939331,0.7521228790283203,0.6906474828720093,0.38746145367622375,0.08333010971546173,0.726190447807312,0.21035438776016235,0.3648509681224823,0.2950226664543152,0.2950226664543152,0.7236449718475342,0.6680412292480469,0.3567010164260864,0.05119349807500839,0.6944444179534912,0.20472142100334167,0.32886597514152527,0.27000561356544495,0.27000561356544495,0.698420524597168,0.6359875798225403,0.3257497549057007,0.02391120046377182,0.6861788630485535,0.16462862491607666,0.29369184374809265,0.6720462441444397,0.40369606018066406
10:59:54,152,1.147469162940979,0.7361626625061035,0.4317941963672638,1.0,0.8645542860031128,0.7310924530029297,0.3815126121044159,2.7473645210266113,0.7778875827789307,0.0002,7.994186165044084,0.3188153803348541,0.3188153803348541,0.7793878316879272,5.1630859375,0.7310924530029297,0.3815126121044159,0.6547892689704895,0.4317941963672638,3.0703125,0.3560224175453186,0.3188153803348541,0.7330852150917053,0.0017763979267328978,0.0,1.0004348830378405,7.996522448025644,450.1956973670282,0.5956943035125732,0.5956943035125732,0.9415022730827332,0.953125,0.6591796875,0.3394875228404999,0.6844262480735779,0.469009131193161,0.65234375,0.4235994517803192,0.4235994517803192,0.8684713840484619,0.8387096524238586,0.49169111251831055,0.24093097448349,0.6689976453781128,0.45201990008354187,0.47507330775260925,0.325021356344223,0.325021356344223,0.8073140978813171,0.7619980573654175,0.3986288011074066,0.16764208674430847,0.6619537472724915,0.41317930817604065,0.3672869801521301,0.2711785137653351,0.2711785137653351,0.7612653374671936,0.7019608020782471,0.3450980484485626,0.11410800367593765,0.6578212380409241,0.3896743357181549,0.31078431010246277,0.23022527992725372,0.23022527992725372,0.7229146361351013,0.6526005864143372,0.2904808521270752,0.07427731156349182,0.6345864534378052,0.3714213967323303,0.2512266933917999,0.20266225934028625,0.20266225934028625,0.690037190914154,0.6116027235984802,0.2586037218570709,0.043847132474184036,0.6302250623703003,0.33271265029907227,0.2261553555727005,0.18095731735229492,0.18095731735229492,0.6625083088874817,0.5954724550247192,0.22440944612026215,0.019706904888153076,0.6214876174926758,0.3536258041858673,0.2066929191350937,0.6003426909446716,0.3188153803348541
11:00:01,153,0.9829341769218445,0.6195002794265747,0.3781420886516571,1.0,0.8815209865570068,0.7668023109436035,0.4268275499343872,2.985344409942627,0.9444964528083801,0.0002,7.882472429191694,0.3583221137523651,0.3583221137523651,0.8027154803276062,5.435546875,0.7668023109436035,0.4268275499343872,0.6920402646064758,0.3781420886516571,3.373046875,0.4004490077495575,0.3583221137523651,0.7074123024940491,0.0017989303451031446,0.0,1.014610287819694,7.8848007910419255,456.57462951886237,0.6587194800376892,0.6587194800376892,0.9605175256729126,0.966796875,0.720703125,0.33519959449768066,0.734343409538269,0.37822383642196655,0.7099609375,0.4854905307292938,0.4854905307292938,0.8936080932617188,0.873776912689209,0.553816020488739,0.24182088673114777,0.6942889094352722,0.4060513377189636,0.5254403352737427,0.3790864944458008,0.3790864944458008,0.8368937969207764,0.8121330738067627,0.4559686779975891,0.16989007592201233,0.7216867208480835,0.3727453649044037,0.44129157066345215,0.30794087052345276,0.30794087052345276,0.7850507497787476,0.7438665628433228,0.3817467987537384,0.11546701937913895,0.7071239948272705,0.34544867277145386,0.3581943213939667,0.25625288486480713,0.25625288486480713,0.7466467618942261,0.7040314674377441,0.3185840845108032,0.07453573495149612,0.6452513933181763,0.39277637004852295,0.2890855371952057,0.22485437989234924,0.22485437989234924,0.7109060287475586,0.6485686302185059,0.3040473759174347,0.043608956038951874,0.6697108149528503,0.3273179531097412,0.25666338205337524,0.1915416568517685,0.1915416568517685,0.6825306415557861,0.6148514747619629,0.24851484596729279,0.01947770267724991,0.6409017443656921,0.318729430437088,0.21782177686691284,0.6377884745597839,0.3583221137523651
11:00:10,154,0.8806987404823303,0.5720041990280151,0.3214239776134491,1.0,0.8985252380371094,0.7388920187950134,0.42632171511650085,3.126499891281128,0.747739315032959,0.0002,8.104556978913024,0.3645116090774536,0.3645116090774536,0.7792945504188538,5.26171875,0.7388920187950134,0.42632171511650085,0.7048525214195251,0.3214239776134491,3.455078125,0.40480875968933105,0.3645116090774536,0.7023965716362,0.0017205101903527975,0.0,0.9868181386794806,8.106863551074639,444.0681624057663,0.622231125831604,0.622231125831604,0.9387617111206055,0.9521484375,0.6767578125,0.3216014504432678,0.7097436189651489,0.37730672955513,0.67578125,0.46394848823547363,0.46394848823547363,0.8619144558906555,0.8511263728141785,0.5337904095649719,0.23576049506664276,0.7146145105361938,0.3557213544845581,0.5142017602920532,0.37595242261886597,0.37595242261886597,0.8016721606254578,0.7656862735748291,0.44607841968536377,0.17005792260169983,0.7003841400146484,0.30488675832748413,0.4058823585510254,0.31863728165626526,0.31863728165626526,0.7658345699310303,0.7086614370346069,0.3858267664909363,0.1198122501373291,0.7097222208976746,0.25958722829818726,0.3513779640197754,0.2800457775592804,0.2800457775592804,0.7272109389305115,0.6571146249771118,0.33695653080940247,0.08071108162403107,0.6917293071746826,0.22857172787189484,0.31027668714523315,0.25265172123908997,0.25265172123908997,0.6937111020088196,0.6221562623977661,0.3086053431034088,0.04921230673789978,0.7122416496276855,0.1934795379638672,0.29871413111686707,0.2336369752883911,0.2336369752883911,0.6626620888710022,0.6111111044883728,0.2916666567325592,0.022844484075903893,0.6899350881576538,0.19459563493728638,0.272817462682724,0.6509595513343811,0.3645116090774536
11:00:18,155,1.0101838111877441,0.6434575915336609,0.38378483057022095,1.0,0.8848385810852051,0.7405632734298706,0.403310090303421,2.9551103115081787,2.779261589050293,0.0002,8.344140149652958,0.34478625655174255,0.34478625655174255,0.7986157536506653,5.229061603546143,0.7405632734298706,0.403310090303421,0.6800627112388611,0.38378483057022095,3.300706386566162,0.38574331998825073,0.34478631615638733,0.7134671211242676,0.0016317118424922228,0.0,0.958506878132084,8.346314650960267,431.32809515943785,0.6059140563011169,0.6059140563011169,0.9558888673782349,0.9475277662277222,0.6659939289093018,0.3295091986656189,0.698615550994873,0.4274406135082245,0.6629667282104492,0.4597945809364319,0.4597945809364319,0.8901743292808533,0.8471660017967224,0.5212550759315491,0.23860763013362885,0.7001194953918457,0.39928537607192993,0.5182186365127563,0.362209677696228,0.362209677696228,0.8365755677223206,0.7679837942123413,0.4346504509449005,0.1694813072681427,0.6992084383964539,0.36562594771385193,0.4072948396205902,0.3004997968673706,0.3004997968673706,0.7913373708724976,0.7096446752548218,0.3543147146701813,0.1173996552824974,0.6752503514289856,0.33388838171958923,0.3319796919822693,0.2541950047016144,0.2541950047016144,0.7433578968048096,0.6832993626594543,0.3095723092556,0.07752947509288788,0.6631892919540405,0.32717791199684143,0.286150723695755,0.22824718058109283,0.22824718058109283,0.7022875547409058,0.6200204491615295,0.28396323323249817,0.04638724774122238,0.6523888111114502,0.3068358600139618,0.2584269642829895,0.1983434557914734,0.1983434557914734,0.6674206852912903,0.6045082211494446,0.24897541105747223,0.0210854671895504,0.6508474349975586,0.2923514246940613,0.23053278028964996,0.6246787905693054,0.34478631615638733
11:00:26,156,0.857829749584198,0.5293475389480591,0.340564101934433,1.0,0.8968718647956848,0.7649957537651062,0.44916924834251404,3.218294143676758,2.3128013610839844,0.0002,8.26966603915207,0.38900575041770935,0.38900575041770935,0.8200064301490784,5.4453125,0.7649957537651062,0.44916924834251404,0.7001656293869019,0.340564101934433,3.5478515625,0.42987892031669617,0.38900575041770935,0.6813762187957764,0.0016746744513511658,0.0,0.9671387533538149,8.27182239596732,435.2124390092167,0.6624365448951721,0.6624365448951721,0.9706041812896729,0.970703125,0.728515625,0.32070180773735046,0.7364184856414795,0.388425350189209,0.71484375,0.5076478123664856,0.5076478123664856,0.9151238799095154,0.8767123222351074,0.5772994160652161,0.23630215227603912,0.7165178656578064,0.3674491345882416,0.568493127822876,0.4078672528266907,0.4078672528266907,0.8580804467201233,0.8003933429718018,0.47394296526908875,0.17049121856689453,0.7149876952171326,0.3072461187839508,0.46607670187950134,0.33582794666290283,0.33582794666290283,0.8054221272468567,0.7554240822792053,0.39447730779647827,0.11998235434293747,0.6736292243003845,0.3097873330116272,0.3757396340370178,0.2956107556819916,0.2956107556819916,0.7649393677711487,0.6851485371589661,0.3485148549079895,0.08069086819887161,0.6676300764083862,0.27266189455986023,0.31683167815208435,0.2635050415992737,0.2635050415992737,0.7285719513893127,0.6309523582458496,0.3115079402923584,0.049088671803474426,0.6871069073677063,0.24099785089492798,0.2906745970249176,0.24434660375118256,0.24434660375118256,0.6933213472366333,0.6305859088897705,0.30387288331985474,0.022742904722690582,0.6818897724151611,0.21611347794532776,0.27010923624038696,0.650741696357727,0.38900575041770935
11:00:34,157,0.5942324995994568,0.36044538021087646,0.23914562165737152,1.0,0.9260204434394836,0.8102714419364929,0.5187087059020996,3.8113393783569336,0.660144031047821,0.0002,8.118730342015624,0.46904754638671875,0.46904754638671875,0.8494516611099243,5.943934917449951,0.8102714419364929,0.5187087059020996,0.7551611661911011,0.23914562165737152,4.1763505935668945,0.50946444272995,0.46904754638671875,0.6325366497039795,0.001843814505264163,0.0,0.9850681143944167,8.12126581207849,443.2806514774875,0.7184532284736633,0.7184532284736633,0.9738965630531311,0.9745157957077026,0.7787971496582031,0.30304524302482605,0.784518837928772,0.25774237513542175,0.7624872326850891,0.588804304599762,0.588804304599762,0.9285191297531128,0.9049080014228821,0.650306761264801,0.23199738562107086,0.7853107452392578,0.24420039355754852,0.6421267986297607,0.4933409094810486,0.4933409094810486,0.8806973695755005,0.8483606576919556,0.5481557250022888,0.1736305207014084,0.7632850408554077,0.2346447855234146,0.5409836173057556,0.43035152554512024,0.43035152554512024,0.8408769965171814,0.7874743342399597,0.47330594062805176,0.12608203291893005,0.7522816061973572,0.22468377649784088,0.47022587060928345,0.38592132925987244,0.38592132925987244,0.8034411668777466,0.7427983283996582,0.4269547462463379,0.08672292530536652,0.7437673211097717,0.20867784321308136,0.4156378507614136,0.3438606560230255,0.3438606560230255,0.7737131714820862,0.7252066135406494,0.3832644522190094,0.053484369069337845,0.7250712513923645,0.214555025100708,0.3780991733074188,0.3180850148200989,0.3180850148200989,0.7422927618026733,0.6853002309799194,0.36542442440986633,0.025037501007318497,0.7099697589874268,0.22245557606220245,0.35196688771247864,0.7103190422058105,0.46904754638671875
11:00:42,158,1.0776056051254272,0.6760575175285339,0.4193461835384369,1.0,0.8706089854240417,0.7482085227966309,0.39145708084106445,2.8361668586730957,0.8708402514457703,0.0002,7.9521057908423245,0.3280561864376068,0.3280561864376068,0.7868896722793579,5.2744140625,0.7482085227966309,0.39145708084106445,0.6649765372276306,0.4193461835384369,3.19921875,0.3709428012371063,0.3280561566352844,0.7256342768669128,0.0017118453979492188,0.0,1.005738043808907,7.954357547918335,452.5821197140082,0.6158022284507751,0.6158022284507751,0.9605735540390015,0.96875,0.6796875,0.33772584795951843,0.6995967626571655,0.4559313654899597,0.677734375,0.4449191987514496,0.4449191987514496,0.893352210521698,0.859237551689148,0.5141739845275879,0.24075102806091309,0.6916950941085815,0.42382529377937317,0.5112414360046387,0.3331982493400574,0.3331982493400574,0.8219363689422607,0.7943192720413208,0.39471107721328735,0.1678234338760376,0.6584463715553284,0.4338706433773041,0.3829578757286072,0.2809149920940399,0.2809149920940399,0.770244836807251,0.7121807336807251,0.34381139278411865,0.11455852538347244,0.6468965411186218,0.3659224212169647,0.32220038771629333,0.2335532009601593,0.2335532009601593,0.7228894233703613,0.6692991256713867,0.29713723063468933,0.07478369027376175,0.6489675641059875,0.36975350975990295,0.263573557138443,0.20636244118213654,0.20636244118213654,0.6845052242279053,0.6316831707954407,0.2683168351650238,0.04432275518774986,0.6442006230354309,0.33092421293258667,0.23069307208061218,0.17644788324832916,0.17644788324832916,0.6506189703941345,0.5972222089767456,0.2371031790971756,0.020034613087773323,0.6395348906517029,0.2717490494251251,0.2023809552192688,0.6044086217880249,0.3280561566352844
11:00:50,159,1.0871895551681519,0.6940324902534485,0.41236981749534607,1.0,0.8726559281349182,0.7403090000152588,0.39859551191329956,2.801313877105713,1.541003942489624,0.0002,8.216243370901793,0.32192710041999817,0.32192710041999817,0.750624418258667,5.1357421875,0.7403090000152588,0.39859551191329956,0.6702712774276733,0.41236981749534607,3.1923828125,0.3772471845149994,0.32192710041999817,0.7259803414344788,0.0016542819794267416,0.0,0.9734144559086626,8.218493110965937,438.0365051588982,0.6192111372947693,0.6192111372947693,0.9424179792404175,0.96484375,0.6982421875,0.34031936526298523,0.7196356058120728,0.43385618925094604,0.693359375,0.4410128593444824,0.4410128593444824,0.8598136305809021,0.8579823970794678,0.5269343852996826,0.2413085401058197,0.681506872177124,0.43818551301956177,0.5142017602920532,0.3298834264278412,0.3298834264278412,0.7893712520599365,0.7696078419685364,0.4176470637321472,0.1674157828092575,0.6802547574043274,0.4268267750740051,0.3970588147640228,0.26946690678596497,0.26946690678596497,0.7296127676963806,0.7141453623771667,0.3506876230239868,0.11365310847759247,0.6836313605308533,0.35360077023506165,0.33595284819602966,0.2237321436405182,0.2237321436405182,0.6808440089225769,0.664370059967041,0.2962598502635956,0.07390475273132324,0.6429629921913147,0.36682820320129395,0.2765747904777527,0.1923559606075287,0.1923559606075287,0.6417407989501953,0.6156126260757446,0.25691699981689453,0.043667182326316833,0.6356340050697327,0.3160560727119446,0.22233201563358307,0.17343904078006744,0.17343904078006744,0.6069932579994202,0.5916749238967896,0.23885034024715424,0.01973123848438263,0.6097152233123779,0.29025304317474365,0.19623389840126038,0.6046139001846313,0.32192710041999817
11:00:59,160,0.9883612990379333,0.5982638001441956,0.40384402871131897,1.0,0.8748282790184021,0.7731755375862122,0.417159765958786,2.96476674079895,0.863086462020874,0.0002,8.249946773285046,0.3529740273952484,0.3529740273952484,0.7854547500610352,5.5693359375,0.7731755375862122,0.417159765958786,0.675109326839447,0.40384402871131897,3.3681640625,0.40095800161361694,0.3529740273952484,0.7051990032196045,0.00174571736715734,0.0,0.969420252978934,8.252354925964028,436.2391138405203,0.6415366530418396,0.6415366530418396,0.9560520648956299,0.9697265625,0.693359375,0.3343971073627472,0.7039275169372559,0.4086403548717499,0.681640625,0.4828926622867584,0.4828926622867584,0.8876461386680603,0.8863859176635742,0.5582761764526367,0.24157676100730896,0.6961326003074646,0.40678152441978455,0.5367286801338196,0.3783542215824127,0.3783542215824127,0.8269086480140686,0.802955687046051,0.44236454367637634,0.16989721357822418,0.7042945027351379,0.3905845582485199,0.43448275327682495,0.307621568441391,0.307621568441391,0.7751453518867493,0.7524654865264893,0.36785009503364563,0.11593613773584366,0.6644822955131531,0.4048672020435333,0.36390531063079834,0.2517814338207245,0.2517814338207245,0.7235134840011597,0.7072205543518066,0.3155291676521301,0.07495538145303726,0.6489510536193848,0.4208078980445862,0.306627094745636,0.21503375470638275,0.21503375470638275,0.680997371673584,0.6603773832321167,0.2770605683326721,0.04377264529466629,0.6390977501869202,0.3949132263660431,0.2522343695163727,0.18727122247219086,0.18727122247219086,0.6434668302536011,0.628230631351471,0.25944334268569946,0.019464779645204544,0.642405092716217,0.34423989057540894,0.22465208172798157,0.6158709526062012,0.3529740273952484
11:01:07,161,0.9292857050895691,0.5877556204795837,0.3552996516227722,1.0,0.8873814940452576,0.7461387515068054,0.41589441895484924,2.99940824508667,1.1313732862472534,0.0002,7.963322525611147,0.34284287691116333,0.34284287691116333,0.7407199144363403,5.2197265625,0.7461387515068054,0.41589441895484924,0.664283037185669,0.3552996516227722,3.3251953125,0.38739117980003357,0.3428429663181305,0.7176268100738525,0.0018511202652007341,0.0,1.0042959956419941,7.965779047925025,451.9331980388974,0.6001851558685303,0.6001851558685303,0.9473023414611816,0.9580078125,0.6767578125,0.3240816295146942,0.7003058195114136,0.42533329129219055,0.6708984375,0.4301903545856476,0.4301903545856476,0.8584189414978027,0.8532289862632751,0.5088062882423401,0.23529978096485138,0.661697268486023,0.39554962515830994,0.4823874831199646,0.34412458539009094,0.34412458539009094,0.7735089659690857,0.7754902243614197,0.41372549533843994,0.16896696388721466,0.6434892416000366,0.35316815972328186,0.385294109582901,0.30218690633773804,0.30218690633773804,0.7138105630874634,0.7298624515533447,0.3821218013763428,0.11919782310724258,0.6837146878242493,0.2525000274181366,0.3546169102191925,0.2594148516654968,0.2594148516654968,0.6673288345336914,0.6551724076271057,0.33201971650123596,0.08045293390750885,0.6586466431617737,0.22841709852218628,0.29064038395881653,0.24210552871227264,0.24210552871227264,0.6286057829856873,0.6357354521751404,0.3089832067489624,0.04920508340001106,0.659937858581543,0.19442977011203766,0.2813425362110138,0.21810954809188843,0.21810954809188843,0.5923867225646973,0.6118811964988708,0.2851485013961792,0.02279575727880001,0.6245954632759094,0.25034719705581665,0.24257425963878632,0.60426265001297,0.3428429663181305
11:01:15,162,0.6745920181274414,0.4189246594905853,0.2625894844532013,1.0,0.919468104839325,0.7816059589385986,0.4883982539176941,3.5669960975646973,1.0113366842269897,0.0002,7.9684541372116655,0.4317050278186798,0.4317050278186798,0.7977079153060913,5.7109375,0.7816059589385986,0.4883982539176941,0.7301187515258789,0.2625894844532013,3.9453125,0.472648024559021,0.4317050278186798,0.6587212085723877,0.0016475296579301357,0.0,1.0036773008662732,7.970689377048984,451.6547853898229,0.6719135642051697,0.6719135642051697,0.9533668160438538,0.96875,0.734375,0.306326687335968,0.7489919066429138,0.319466233253479,0.724609375,0.5298925638198853,0.5298925638198853,0.8897037506103516,0.8795298933982849,0.6003917455673218,0.23174235224723816,0.7449888586997986,0.2827121913433075,0.5905974507331848,0.4490639567375183,0.4490639567375183,0.8299151659011841,0.8053097128868103,0.5054080486297607,0.1723821759223938,0.7313797473907471,0.24745723605155945,0.49852508306503296,0.39572906494140625,0.39572906494140625,0.7836388945579529,0.7645320296287537,0.45418718457221985,0.12496551871299744,0.7203608155250549,0.21733269095420837,0.4403941035270691,0.3564086854457855,0.3564086854457855,0.743584930896759,0.7209072709083557,0.407297819852829,0.08621177077293396,0.729138195514679,0.16444531083106995,0.38954636454582214,0.3235445022583008,0.3235445022583008,0.7076195478439331,0.7005928754806519,0.3804347813129425,0.053391970694065094,0.7108603715896606,0.18658819794654846,0.35079050064086914,0.29127585887908936,0.29127585887908936,0.6729589700698853,0.6279761791229248,0.3323412835597992,0.02497944049537182,0.7124802470207214,0.1901981681585312,0.3095238208770752,0.6775674819946289,0.4317050278186798
11:01:23,163,0.9787338972091675,0.6217952370643616,0.3721187710762024,1.0,0.8885542154312134,0.7455157041549683,0.4206838607788086,3.008181571960449,0.6417104601860046,0.0002,7.925756609067321,0.35374823212623596,0.35374823212623596,0.7756361365318298,5.330078125,0.7455157041549683,0.4206838607788086,0.6800751686096191,0.3721187710762024,3.40234375,0.4016255736351013,0.35374826192855835,0.7102622985839844,0.001554011134430766,0.0,1.0090926248497785,7.927914448082447,454.09168118240035,0.6328563094139099,0.6328563094139099,0.9534540176391602,0.955078125,0.701171875,0.32937848567962646,0.7280163764953613,0.4014720916748047,0.6943359375,0.46606913208961487,0.46606913208961487,0.8757246732711792,0.8621701002120972,0.5327468514442444,0.23887032270431519,0.7006802558898926,0.38763171434402466,0.5298142433166504,0.3705286383628845,0.3705286383628845,0.8119074702262878,0.7825661301612854,0.43780606985092163,0.16965465247631073,0.6921151280403137,0.3619733154773712,0.42507344484329224,0.3134080469608307,0.3134080469608307,0.7598312497138977,0.7186274528503418,0.38235294818878174,0.11734237521886826,0.6766712069511414,0.34735745191574097,0.363725483417511,0.2547633945941925,0.2547633945941925,0.7112247943878174,0.6561886072158813,0.324165016412735,0.07735574245452881,0.6482036113739014,0.34122493863105774,0.2878192663192749,0.23137454688549042,0.23137454688549042,0.6739261150360107,0.625984251499176,0.2962598502635956,0.046325262635946274,0.652515709400177,0.2547607421875,0.26279526948928833,0.204243004322052,0.204243004322052,0.6410402059555054,0.6153846383094788,0.2672583758831024,0.0210731141269207,0.6266025900840759,0.30305415391921997,0.24457593262195587,0.6216757893562317,0.35374826192855835
11:01:31,164,1.108566164970398,0.7093724608421326,0.42015451192855835,1.0,0.8712409138679504,0.7256191372871399,0.39233243465423584,2.7874927520751953,0.64901202917099,0.0002,8.076880281791091,0.31766363978385925,0.31766363978385925,0.7606679201126099,5.0751953125,0.7256191372871399,0.39233243465423584,0.665638267993927,0.42015451192855835,3.13671875,0.3693857491016388,0.31766363978385925,0.7300081253051758,0.001802939223125577,0.0,0.9901817627267007,8.079324727179483,445.5817932270153,0.6044849753379822,0.6044849753379822,0.9541856050491333,0.970703125,0.6689453125,0.3394623100757599,0.6891348361968994,0.4759921133518219,0.6689453125,0.4328402876853943,0.4328402876853943,0.8745811581611633,0.8318670392036438,0.5122189521789551,0.24101217091083527,0.6803760528564453,0.4314957559108734,0.4877810478210449,0.32387661933898926,0.32387661933898926,0.7986588478088379,0.7348336577415466,0.40508806705474854,0.1675397902727127,0.6684420704841614,0.4141662120819092,0.37181997299194336,0.2699618339538574,0.2699618339538574,0.7388766407966614,0.683953046798706,0.3659491240978241,0.11401752382516861,0.6866952776908875,0.34272271394729614,0.33365949988365173,0.22138544917106628,0.22138544917106628,0.6911582946777344,0.6421568393707275,0.28921568393707275,0.07414104789495468,0.6427481174468994,0.3525782525539398,0.27156862616539,0.19206741452217102,0.19206741452217102,0.6507687568664551,0.6231599450111389,0.25711482763290405,0.04385361820459366,0.6314960718154907,0.30818554759025574,0.23552502691745758,0.17710994184017181,0.17710994184017181,0.6147833466529846,0.5909537672996521,0.2458210438489914,0.019973542541265488,0.6389350891113281,0.25163164734840393,0.2143559455871582,0.5912510752677917,0.31766363978385925
11:01:39,165,1.5318446159362793,1.0507123470306396,0.525977373123169,1.0,0.8420619368553162,0.6365424990653992,0.31651440262794495,2.3782236576080322,2.8458411693573,0.0002,8.017237769905478,0.24640056490898132,0.24640056490898132,0.6873241066932678,4.2548828125,0.6365424990653992,0.31651440262794495,0.6105100512504578,0.525977373123169,2.62890625,0.2878425717353821,0.24640057981014252,0.7852170467376709,0.001657591899856925,0.0,0.9975736785850606,8.01945778215304,448.9081553632773,0.5069758296012878,0.5069758296012878,0.9205633997917175,0.904296875,0.5693359375,0.3578932583332062,0.6155507564544678,0.6207312941551208,0.556640625,0.3420833647251129,0.3420833647251129,0.8061057329177856,0.7549019455909729,0.4274509847164154,0.24340926110744476,0.6467532515525818,0.5399250984191895,0.3892156779766083,0.24295754730701447,0.24295754730701447,0.7122111916542053,0.667976438999176,0.32220038771629333,0.1630629450082779,0.6117647290229797,0.4996170699596405,0.3045186698436737,0.1924368441104889,0.1924368441104889,0.6515490412712097,0.6019704341888428,0.26798030734062195,0.10772862285375595,0.6104746460914612,0.43199828267097473,0.2305418699979782,0.16604653000831604,0.16604653000831604,0.6053656339645386,0.5517241358757019,0.23251231014728546,0.06905236095190048,0.6178571581840515,0.3505048453807831,0.20788177847862244,0.1441042423248291,0.1441042423248291,0.5701553225517273,0.507905125617981,0.20948617160320282,0.040522392839193344,0.6031128168106079,0.3111616373062134,0.1719367653131485,0.12665362656116486,0.12665362656116486,0.5416714549064636,0.462907999753952,0.18298713862895966,0.018331250175833702,0.5384615659713745,0.2661420404911041,0.15034618973731995,0.5515120029449463,0.24640057981014252
11:01:47,166,0.972683310508728,0.6292677521705627,0.3583498001098633,1.0,0.889777660369873,0.7366718053817749,0.41018426418304443,3.006843328475952,1.320003867149353,0.0002,7.859373199986294,0.35203707218170166,0.35203707218170166,0.7973084449768066,5.2216796875,0.7366718053817749,0.41018426418304443,0.686652660369873,0.3583498001098633,3.359375,0.395414263010025,0.35203710198402405,0.7162715792655945,0.0016670618206262589,0.0,1.0175963176427223,7.861663668882102,457.918342939225,0.6128913164138794,0.6128913164138794,0.9583234190940857,0.9453125,0.6611328125,0.32612985372543335,0.6983470916748047,0.4148983359336853,0.66015625,0.458225816488266,0.458225816488266,0.8956915736198425,0.8560234904289246,0.5220372080802917,0.23702119290828705,0.6910755038261414,0.4043998420238495,0.5034279823303223,0.3608778417110443,0.3608778417110443,0.8325749039649963,0.7809430360794067,0.42632612586021423,0.1694059818983078,0.6805031299591064,0.34487277269363403,0.4115913510322571,0.30595260858535767,0.30595260858535767,0.7796457409858704,0.6958661675453186,0.374015748500824,0.11849114298820496,0.694483757019043,0.27366912364959717,0.35826772451400757,0.2663387656211853,0.2663387656211853,0.7361859679222107,0.6633760929107666,0.32082921266555786,0.07911687344312668,0.6845238208770752,0.2511654794216156,0.3050345480442047,0.23622764647006989,0.23622764647006989,0.7024183869361877,0.6158415675163269,0.28811880946159363,0.04782983288168907,0.6704180240631104,0.23299895226955414,0.2742574214935303,0.21903657913208008,0.21903657913208008,0.6726527810096741,0.5948361754417419,0.27408143877983093,0.0220051072537899,0.6794657707214355,0.1993439495563507,0.2502482533454895,0.6329194903373718,0.35203710198402405
11:01:54,167,1.026116967201233,0.6464753746986389,0.3959784209728241,1.0,0.8826686143875122,0.7495431900024414,0.4073084890842438,2.9240713119506836,0.7475250959396362,0.0002,7.96226024790667,0.3420744240283966,0.3420744240283966,0.788256049156189,5.310546875,0.7495431900024414,0.4073084890842438,0.6782298684120178,0.3959784209728241,3.296875,0.39002108573913574,0.3420744836330414,0.7170701026916504,0.0016159925144165754,0.0,1.0044690938039964,7.96440632105805,452.01109221179837,0.6142382025718689,0.6142382025718689,0.9556722640991211,0.9638671875,0.68359375,0.3303823471069336,0.7061803340911865,0.45783358812332153,0.6806640625,0.4422418475151062,0.4422418475151062,0.8804702162742615,0.8598039150238037,0.5127450823783875,0.2378210574388504,0.6807297468185425,0.4115702211856842,0.501960813999176,0.3548028767108917,0.3548028767108917,0.8218217492103577,0.7885938882827759,0.4237954914569855,0.16849273443222046,0.6795511245727539,0.39742571115493774,0.3972468078136444,0.2896035611629486,0.2896035611629486,0.76936936378479,0.7145669460296631,0.3523622155189514,0.11691578477621078,0.6790633797645569,0.34354767203330994,0.3435039222240448,0.26114845275878906,0.26114845275878906,0.7241780161857605,0.6765285730361938,0.33925050497055054,0.07792117446660995,0.6880466341972351,0.26515087485313416,0.3086785078048706,0.2258523404598236,0.2258523404598236,0.6956045031547546,0.6347482800483704,0.2783810496330261,0.04693636670708656,0.6407464742660522,0.2512608766555786,0.25666338205337524,0.2028966099023819,0.2028966099023819,0.6679699420928955,0.6053412556648254,0.2571711242198944,0.021530505269765854,0.6552287340164185,0.2870666980743408,0.2373887300491333,0.6184446215629578,0.3420744836330414
11:02:02,168,0.6549460291862488,0.40750110149383545,0.2542817294597626,1.0,0.9263968467712402,0.7899985909461975,0.506531834602356,3.67309308052063,0.5104671120643616,0.0002,7.93017149460502,0.44754454493522644,0.44754454493522644,0.8340831398963928,5.7490234375,0.7899985909461975,0.506531834602356,0.7427098155021667,0.2542817294597626,4.1044921875,0.4964180290699005,0.44754454493522644,0.6520993113517761,0.0016931863501667976,0.0,1.008507452819532,7.932514507090673,453.8283537687894,0.7037551403045654,0.7037551403045654,0.9699355959892273,0.9697265625,0.7607421875,0.30653464794158936,0.7764350175857544,0.2806198298931122,0.7529296875,0.5583979487419128,0.5583979487419128,0.9195417761802673,0.8836754560470581,0.6265884637832642,0.23272976279258728,0.7632743120193481,0.2706756293773651,0.6129032373428345,0.4701608419418335,0.4701608419418335,0.8659085631370544,0.8238747715950012,0.5430528521537781,0.17299507558345795,0.7600950002670288,0.24135857820510864,0.5313111543655396,0.4065070152282715,0.4065070152282715,0.8225355744361877,0.7632613182067871,0.4577603042125702,0.12485682964324951,0.7413127422332764,0.21573245525360107,0.45579567551612854,0.3618318736553192,0.3618318736553192,0.7836605906486511,0.7228797078132629,0.4122287929058075,0.08558980375528336,0.7203274369239807,0.24122703075408936,0.40138065814971924,0.3336329460144043,0.3336329460144043,0.7527549266815186,0.699999988079071,0.3920792043209076,0.05274702608585358,0.7199434041976929,0.20348843932151794,0.38019803166389465,0.29363876581192017,0.29363876581192017,0.7209508419036865,0.6626983880996704,0.3482142984867096,0.02454688586294651,0.6931137442588806,0.19952185451984406,0.335317462682724,0.6930863857269287,0.44754454493522644
11:02:10,169,0.971635103225708,0.597958505153656,0.387270450592041,1.0,0.8779644966125488,0.7860445380210876,0.4225865304470062,2.9453377723693848,2.786937952041626,0.0002,7.855053020408377,0.35319191217422485,0.35319191217422485,0.7989182472229004,5.615234375,0.7860445380210876,0.4225865304470062,0.6816399097442627,0.387270450592041,3.3681640625,0.40269020199775696,0.35319191217422485,0.7046042680740356,0.0016801808960735798,0.0,1.0181510977399937,7.857379928929731,458.1679939829972,0.6410325169563293,0.6410325169563293,0.9652552604675293,0.9697265625,0.705078125,0.3342001140117645,0.7260825634002686,0.40403762459754944,0.7041015625,0.4841877818107605,0.4841877818107605,0.903354287147522,0.908113420009613,0.5552297234535217,0.2409726232290268,0.7072120308876038,0.41784557700157166,0.5552297234535217,0.37899142503738403,0.37899142503738403,0.8350765109062195,0.8334965705871582,0.4544564187526703,0.1693631261587143,0.6874265670776367,0.3656325042247772,0.4427032172679901,0.3012387156486511,0.3012387156486511,0.7837997078895569,0.7762512564659119,0.363101065158844,0.11571865528821945,0.6611883640289307,0.3599517345428467,0.35623160004615784,0.2548617422580719,0.2548617422580719,0.7372382283210754,0.7144259214401245,0.3179587721824646,0.07540071755647659,0.6524725556373596,0.34467431902885437,0.29244357347488403,0.21522672474384308,0.21522672474384308,0.6970087289810181,0.6702755689620972,0.2893700897693634,0.04434458911418915,0.6681351065635681,0.35050827264785767,0.2549212574958801,0.19379548728466034,0.19379548728466034,0.6685860753059387,0.6275861859321594,0.2699507474899292,0.020000169053673744,0.6405023336410522,0.29532796144485474,0.2098522186279297,0.6157976984977722,0.35319191217422485
11:02:18,170,0.7703047394752502,0.49556413292884827,0.28473129868507385,1.0,0.9118504524230957,0.7674190402030945,0.4655824899673462,3.2818706035614014,3.2193143367767334,0.0002,8.068640612764284,0.39496296644210815,0.39496296644210815,0.7740747928619385,5.484375,0.7674190402030945,0.4655824899673462,0.7215929627418518,0.28473129868507385,3.720703125,0.4456750452518463,0.39496296644210815,0.6769872903823853,0.0016205762512981892,0.0,0.991235734369479,8.070734057109803,446.05608046626554,0.6530343294143677,0.6530343294143677,0.9440762996673584,0.9658203125,0.7255859375,0.3151855170726776,0.739130437374115,0.33432209491729736,0.71484375,0.4766313135623932,0.4766313135623932,0.8573948740959167,0.8504399061203003,0.5542522072792053,0.23366698622703552,0.7321839332580566,0.31572917103767395,0.5464320778846741,0.40838193893432617,0.40838193893432617,0.8005890250205994,0.7827788591384888,0.47847357392311096,0.17099438607692719,0.7537500262260437,0.2420298457145691,0.4647749364376068,0.35115325450897217,0.35115325450897217,0.7508118748664856,0.7487733364105225,0.42001962661743164,0.12209085375070572,0.7142857313156128,0.24535295367240906,0.40137389302253723,0.31853383779525757,0.31853383779525757,0.7151660919189453,0.7089478969573975,0.3844641149044037,0.08321152627468109,0.6976421475410461,0.20763464272022247,0.3598819971084595,0.2832797169685364,0.2832797169685364,0.6839518547058105,0.6807881593704224,0.3536945879459381,0.051026009023189545,0.7018813490867615,0.2341868132352829,0.3280788064002991,0.27078041434288025,0.27078041434288025,0.6641775965690613,0.6317867636680603,0.33958539366722107,0.02382466569542885,0.6968749761581421,0.18572214245796204,0.301085889339447,0.6615691781044006,0.39496296644210815
11:02:26,171,0.8645247220993042,0.5469638705253601,0.328622430562973,1.0,0.8997541069984436,0.7738312482833862,0.44110628962516785,3.1234586238861084,2.240206480026245,0.0002,8.080807026242837,0.37160763144493103,0.37160763144493103,0.7886930108070374,5.5546875,0.7738312482833862,0.44110628962516785,0.7053701281547546,0.328622430562973,3.595703125,0.4288923144340515,0.37160763144493103,0.6961040496826172,0.00164792500436306,0.0,0.9897095104493949,8.08317987807095,445.3692797022277,0.6454561948776245,0.6454561948776245,0.9554344415664673,0.9658203125,0.7080078125,0.32439422607421875,0.739130437374115,0.3492233157157898,0.7138671875,0.4813840091228485,0.4813840091228485,0.8820036053657532,0.8825831413269043,0.5499021410942078,0.23768524825572968,0.7161862254142761,0.369486540555954,0.5547945499420166,0.3924453854560852,0.3924453854560852,0.819696307182312,0.8156862854957581,0.4725490212440491,0.17073239386081696,0.707932710647583,0.3241797685623169,0.44999998807907104,0.33198586106300354,0.33198586106300354,0.7654948830604553,0.7396856546401978,0.4037328064441681,0.11942823976278305,0.6918990612030029,0.27017876505851746,0.38506877422332764,0.2854211926460266,0.2854211926460266,0.7283893823623657,0.6929134130477905,0.34940946102142334,0.07929520308971405,0.6946022510528564,0.23782919347286224,0.3326771557331085,0.24583330750465393,0.24583330750465393,0.697342038154602,0.6712734699249268,0.31194472312927246,0.04718135669827461,0.6720588207244873,0.2880440652370453,0.2951628863811493,0.2146201878786087,0.2146201878786087,0.669577419757843,0.6455445289611816,0.28811880946159363,0.0212833471596241,0.6978527903556824,0.3274317681789398,0.2663366198539734,0.6411435008049011,0.37160763144493103
11:02:34,172,0.9517388343811035,0.6079162955284119,0.3584110736846924,1.0,0.890201210975647,0.7530239224433899,0.43023911118507385,3.0171942710876465,0.5411257147789001,0.0002,7.9668156881816685,0.3604338765144348,0.3604338765144348,0.7863276600837708,5.333984375,0.7530239224433899,0.43023911118507385,0.7017183303833008,0.3584110736846924,3.38671875,0.41434597969055176,0.3604338765144348,0.7046509385108948,0.0015559529419988394,0.0,1.003883751427893,7.969050189945847,451.74768814255185,0.6168370246887207,0.6168370246887207,0.946165144443512,0.951171875,0.6787109375,0.32599958777427673,0.7053388357162476,0.4179118871688843,0.6708984375,0.46496880054473877,0.46496880054473877,0.8749324083328247,0.8493150472640991,0.5410959124565125,0.23735076189041138,0.731566846370697,0.3836483359336853,0.5440313220024109,0.3811236321926117,0.3811236321926117,0.8138764500617981,0.7868369221687317,0.46365422010421753,0.1697411835193634,0.709113597869873,0.3167194426059723,0.45284873247146606,0.30854737758636475,0.30854737758636475,0.7675942182540894,0.7332677245140076,0.3779527544975281,0.11835697293281555,0.655033528804779,0.3444707691669464,0.3562992215156555,0.28114819526672363,0.28114819526672363,0.7271752953529358,0.690640389919281,0.3605911433696747,0.07905343174934387,0.7246790528297424,0.2309366911649704,0.33891624212265015,0.24683694541454315,0.24683694541454315,0.698515772819519,0.6359127163887024,0.3095238208770752,0.04764914512634277,0.6957878470420837,0.25066396594047546,0.2827380895614624,0.21866993606090546,0.21866993606090546,0.6724395751953125,0.619662344455719,0.27507448196411133,0.021848956122994423,0.6810897588729858,0.25370287895202637,0.2492552101612091,0.6403297185897827,0.3604338765144348
11:02:42,173,1.252263069152832,0.805618941783905,0.4715970456600189,1.0,0.8519461750984192,0.7215708494186401,0.3670009970664978,2.635997772216797,2.4595398902893066,0.0002,7.940187114290893,0.30424001812934875,0.30424001812934875,0.7837003469467163,4.984375,0.7215708494186401,0.3670009970664978,0.6435003876686096,0.4715970456600189,2.9462890625,0.34114986658096313,0.30424001812934875,0.7417075037956238,0.001578568946570158,0.0,1.007259429241556,7.942343122093007,453.2667431587002,0.5941877961158752,0.5941877961158752,0.9502081871032715,0.958984375,0.66015625,0.34838971495628357,0.6751527786254883,0.508690357208252,0.6474609375,0.40677377581596375,0.40677377581596375,0.8766781687736511,0.845927357673645,0.46516191959381104,0.2431587129831314,0.6357308626174927,0.49927303194999695,0.4553483724594116,0.3125142455101013,0.3125142455101013,0.8138859272003174,0.7448275685310364,0.373399019241333,0.16641482710838318,0.6521164178848267,0.46067166328430176,0.3487684726715088,0.25278979539871216,0.25278979539871216,0.7638756036758423,0.7069306969642639,0.3207920789718628,0.11113844066858292,0.6302521228790283,0.44678330421447754,0.28118813037872314,0.21455487608909607,0.21455487608909607,0.7218198180198669,0.6266136765480042,0.2810327708721161,0.07120189815759659,0.6481775045394897,0.34551772475242615,0.23932473361492157,0.17929212749004364,0.17929212749004364,0.6899570822715759,0.590229332447052,0.23030906915664673,0.04131153225898743,0.6148648858070374,0.36306583881378174,0.214356929063797,0.16219568252563477,0.16219568252563477,0.6642941832542419,0.5704295635223389,0.23076923191547394,0.018384845927357674,0.6304728388786316,0.3169735372066498,0.19380620121955872,0.5846544504165649,0.30424001812934875
11:02:50,174,0.9046487212181091,0.558053195476532,0.3590239882469177,1.0,0.8870022892951965,0.7775903344154358,0.44285112619400024,3.083418369293213,0.8868480324745178,0.0002,7.9888902441598475,0.37672215700149536,0.37672215700149536,0.8016079664230347,5.57421875,0.7775903344154358,0.44285112619400024,0.6899294853210449,0.3590239882469177,3.4609375,0.41993531584739685,0.37672215700149536,0.6898593902587891,0.001618094276636839,0.0,1.0011157084232238,7.991084279958159,450.5020687904507,0.640957236289978,0.640957236289978,0.9519240260124207,0.9658203125,0.6923828125,0.32475346326828003,0.7087967395782471,0.3840792775154114,0.6845703125,0.48324820399284363,0.48324820399284363,0.8924209475517273,0.8785504698753357,0.5563173294067383,0.23740041255950928,0.7068004608154297,0.3897734582424164,0.5416258573532104,0.38909512758255005,0.38909512758255005,0.8292036652565002,0.8062930107116699,0.4572271406650543,0.17009614408016205,0.6695122122764587,0.3711780607700348,0.443461149930954,0.33725783228874207,0.33725783228874207,0.783946692943573,0.746798038482666,0.40985220670700073,0.11901477724313736,0.7189973592758179,0.28444159030914307,0.38226601481437683,0.2924131155014038,0.2924131155014038,0.7461328506469727,0.7137216329574585,0.3583415448665619,0.0792984813451767,0.6887966990470886,0.3143059015274048,0.33859822154045105,0.25875717401504517,0.25875717401504517,0.7159010767936707,0.6916996240615845,0.3231225311756134,0.04766683652997017,0.6528571248054504,0.27978870272636414,0.28952568769454956,0.23124104738235474,0.23124104738235474,0.688995897769928,0.6369930505752563,0.29871413111686707,0.021769914776086807,0.6708074808120728,0.27567461133003235,0.2551928758621216,0.6325201392173767,0.37672215700149536
11:02:58,175,1.2076764106750488,0.7713353633880615,0.4600607454776764,1.0,0.8615808486938477,0.7472677826881409,0.40163934230804443,2.7173919677734375,2.0415940284729004,0.0002,7.8411125699058175,0.3312184512615204,0.3312184512615204,0.8028326034545898,5.192834377288818,0.7472677826881409,0.40163934230804443,0.6758074164390564,0.4600607454776764,3.121180295944214,0.38554948568344116,0.3312184512615204,0.7198868989944458,0.022228483110666275,0.0,1.017307749747084,7.86389369587414,457.78848738618774,0.6332732439041138,0.6332732439041138,0.9535214304924011,0.9546891450881958,0.6880927085876465,0.34977126121520996,0.7141280174255371,0.44378918409347534,0.6817702651023865,0.46770304441452026,0.46770304441452026,0.8899421095848083,0.8634920716285706,0.5449735522270203,0.24670805037021637,0.6948529481887817,0.4733739495277405,0.5312169194221497,0.3574252724647522,0.3574252724647522,0.8393840789794922,0.7887473702430725,0.4384288787841797,0.16830837726593018,0.675639271736145,0.4945847690105438,0.41613587737083435,0.2798997163772583,0.2798997163772583,0.7900795340538025,0.724760890007019,0.3496280610561371,0.11083342134952545,0.6671554446220398,0.4585283696651459,0.3411264717578888,0.22725793719291687,0.22725793719291687,0.7471423149108887,0.6656017303466797,0.29925453662872314,0.06912727653980255,0.656000018119812,0.41344743967056274,0.28647497296333313,0.19015246629714966,0.19015246629714966,0.7142655849456787,0.6353944540023804,0.26119402050971985,0.03879610821604729,0.6610738039016724,0.4532695412635803,0.2398720681667328,0.15767991542816162,0.15767991542816162,0.6825067400932312,0.5942184329032898,0.22483940422534943,0.01645554229617119,0.6342342495918274,0.48326143622398376,0.19700214266777039,0.6182522177696228,0.3312184512615204
11:03:06,176,0.6542457938194275,0.39937201142311096,0.2616454064846039,1.0,0.9199942946434021,0.7984617352485657,0.49408915638923645,3.639749526977539,1.5203012228012085,0.0002,8.019781363662332,0.44491180777549744,0.44491180777549744,0.8370110988616943,5.732937812805176,0.7984617352485657,0.49408915638923645,0.732429563999176,0.2616454064846039,3.949554920196533,0.4762854278087616,0.44491177797317505,0.6496821045875549,0.0014525598380714655,0.0,0.9972912207838288,8.021729093044996,448.78104935272296,0.6761005520820618,0.6761005520820618,0.9679672718048096,0.9624134302139282,0.721068263053894,0.30426719784736633,0.7399794459342957,0.3029496669769287,0.7121661901473999,0.5472328066825867,0.5472328066825867,0.9186785817146301,0.8898809552192688,0.5942460298538208,0.23138530552387238,0.74470454454422,0.28312307596206665,0.5892857313156128,0.46053171157836914,0.46053171157836914,0.8676145076751709,0.8278607130050659,0.5084577202796936,0.172709658741951,0.7319711446762085,0.2560323178768158,0.49751242995262146,0.4033520221710205,0.4033520221710205,0.8236172199249268,0.7694610953330994,0.4540918171405792,0.1254945546388626,0.7237353920936584,0.22489328682422638,0.42714571952819824,0.3681158423423767,0.3681158423423767,0.7880783081054688,0.7322677373886108,0.4205794334411621,0.08676917850971222,0.7394270300865173,0.18949772417545319,0.4035964012145996,0.3387110233306885,0.3387110233306885,0.7567142844200134,0.7264528870582581,0.38977956771850586,0.05394464358687401,0.7227585911750793,0.18632125854492188,0.3627254366874695,0.31633201241493225,0.31633201241493225,0.7336620688438416,0.6777108311653137,0.36646586656570435,0.02542952634394169,0.7185184955596924,0.18372994661331177,0.33734938502311707,0.6865736842155457,0.44491177797317505
11:03:14,177,0.8883943557739258,0.550328254699707,0.3497103452682495,1.0,0.8931810259819031,0.7865990996360779,0.4566441476345062,3.170884847640991,1.2294307947158813,0.0002,7.9387338208034635,0.3931053876876831,0.3931053876876831,0.8363054394721985,5.6669921875,0.7865990996360779,0.4566441476345062,0.7090193033218384,0.3497103452682495,3.580078125,0.43567004799842834,0.3931053876876831,0.6811890602111816,0.0018443462904542685,0.0,1.0073907917794653,7.941307450179011,453.32585630075937,0.6737619042396545,0.6737619042396545,0.9628049731254578,0.9716796875,0.7265625,0.3259877562522888,0.7326633334159851,0.3579980731010437,0.7119140625,0.528178870677948,0.528178870677948,0.9094663262367249,0.8911764621734619,0.5950980186462402,0.2395319789648056,0.7568756937980652,0.3525207042694092,0.5803921818733215,0.4175938367843628,0.4175938367843628,0.8609855771064758,0.8182711005210876,0.48526522517204285,0.17136150598526,0.7190876603126526,0.3483459949493408,0.46954813599586487,0.34659460186958313,0.34659460186958313,0.8216410875320435,0.7694581151008606,0.40689656138420105,0.11870316416025162,0.7055057883262634,0.36498215794563293,0.3980295658111572,0.30056220293045044,0.30056220293045044,0.7891752123832703,0.7124505639076233,0.3705533742904663,0.07797631621360779,0.6990291476249695,0.29813647270202637,0.3389328122138977,0.2561424672603607,0.2561424672603607,0.7646883130073547,0.6798810958862305,0.3211100101470947,0.045991625636816025,0.6734693646430969,0.33231523633003235,0.29335975646972656,0.22308683395385742,0.22308683395385742,0.742426335811615,0.6590456962585449,0.2852882742881775,0.020447690039873123,0.6470588445663452,0.33375993371009827,0.2514910399913788,0.6535962820053101,0.3931053876876831
11:03:22,178,0.8121182322502136,0.5061408281326294,0.31664466857910156,1.0,0.9022035598754883,0.7811799645423889,0.4743838608264923,3.2616138458251953,0.7576228976249695,0.0002,7.819660063134506,0.40010619163513184,0.40010619163513184,0.8096041679382324,5.5175981521606445,0.7811799645423889,0.4743838608264923,0.7179732322692871,0.31664466857910156,3.632505178451538,0.4446601867675781,0.40010619163513184,0.6764969229698181,0.0018708447460085154,0.0,1.0227262244506168,7.822230239864439,460.22680100277756,0.6494362354278564,0.6494362354278564,0.9517332315444946,0.9668737053871155,0.7008281350135803,0.3184163570404053,0.7205567359924316,0.38486671447753906,0.695652186870575,0.5224379897117615,0.5224379897117615,0.8974003791809082,0.886929452419281,0.5943983197212219,0.23592905700206757,0.7356725335121155,0.32154861092567444,0.5757261514663696,0.41012024879455566,0.41012024879455566,0.8390875458717346,0.816475510597229,0.49217936396598816,0.17069914937019348,0.7266921997070312,0.31439661979675293,0.47028154134750366,0.3554263710975647,0.3554263710975647,0.7945213317871094,0.7664921283721924,0.4356020987033844,0.12070570886135101,0.7267759442329407,0.22971881926059723,0.4000000059604645,0.31736910343170166,0.31736910343170166,0.7569735050201416,0.715634822845459,0.4008394479751587,0.08148441463708878,0.6906158328056335,0.2726035714149475,0.35362014174461365,0.28133806586265564,0.28133806586265564,0.7248368859291077,0.6729758381843567,0.3585699200630188,0.04975667968392372,0.7046874761581421,0.19139298796653748,0.316508948802948,0.25869330763816833,0.25869330763816833,0.6986930966377258,0.6378036141395569,0.33262935280799866,0.02300860546529293,0.7119205594062805,0.18133828043937683,0.2946145832538605,0.6592540740966797,0.40010619163513184
11:03:30,179,0.9406448602676392,0.5946608185768127,0.3605037033557892,1.0,0.8940899968147278,0.7487013936042786,0.4249613881111145,3.0547609329223633,0.8041784763336182,0.0002,7.997895085718483,0.35886144638061523,0.35886144638061523,0.7897777557373047,5.328125,0.7487013936042786,0.4249613881111145,0.6952934265136719,0.3605037033557892,3.453125,0.4040432274341583,0.35886144638061523,0.703421413898468,0.0016038392204791307,0.0,0.9999889159872349,8.000088673084974,449.9950121942557,0.6397651433944702,0.6397651433944702,0.953317403793335,0.9560546875,0.7001953125,0.3282736539840698,0.7293156385421753,0.38459452986717224,0.697265625,0.47511133551597595,0.47511133551597595,0.8799417614936829,0.8610567450523376,0.5381604433059692,0.23862847685813904,0.7170454263687134,0.3759545087814331,0.5332680940628052,0.3787751793861389,0.3787751793861389,0.822736918926239,0.7825661301612854,0.45347699522972107,0.16976739466190338,0.6996245384216309,0.3781733214855194,0.4280117452144623,0.312554270029068,0.312554270029068,0.7712803483009338,0.7360156774520874,0.38469088077545166,0.11765562742948532,0.6959999799728394,0.3214343786239624,0.35230618715286255,0.259065717458725,0.259065717458725,0.7284936308860779,0.6771653294563293,0.32677164673805237,0.07772034406661987,0.6656976938247681,0.33277472853660583,0.3001968562602997,0.2327432781457901,0.2327432781457901,0.6983242034912109,0.6383399367332458,0.30039525032043457,0.04660997912287712,0.6609907150268555,0.2388221025466919,0.2667984068393707,0.2096310257911682,0.2096310257911682,0.6712451577186584,0.5857284665107727,0.2666006088256836,0.021344562992453575,0.6717427968978882,0.23421376943588257,0.24578790366649628,0.6341846585273743,0.35886144638061523
11:03:38,180,0.9108049273490906,0.5620452761650085,0.3609738349914551,1.0,0.8882849216461182,0.7824985980987549,0.4406302869319916,3.0584001541137695,0.6459755897521973,0.0002,7.8311481105629355,0.3708985149860382,0.3708985149860382,0.8239054083824158,5.580078125,0.7824985980987549,0.4406302869319916,0.7013664245605469,0.3609738349914551,3.453125,0.41375914216041565,0.3708985447883606,0.6922075748443604,0.0014941368717700243,0.0,1.0212937527401698,7.8332017390057445,459.58218873307635,0.6439818143844604,0.6439818143844604,0.9614725708961487,0.96484375,0.6943359375,0.3279576599597931,0.7246963381767273,0.3884704113006592,0.69921875,0.49899259209632874,0.49899259209632874,0.9062944650650024,0.8912830352783203,0.5808031558990479,0.2390122264623642,0.7340659499168396,0.3705487549304962,0.5700293779373169,0.3902435898780823,0.3902435898780823,0.8543686270713806,0.8279252648353577,0.4680432677268982,0.16997981071472168,0.7030878663063049,0.3528650999069214,0.44641101360321045,0.31975311040878296,0.31975311040878296,0.8117889761924744,0.7726377844810486,0.39566928148269653,0.11770264059305191,0.6942675113677979,0.3464651107788086,0.3631889820098877,0.2771913409233093,0.2771913409233093,0.7752758860588074,0.7093595862388611,0.3458127975463867,0.07776783406734467,0.6875,0.3092800974845886,0.3142857253551483,0.23996110260486603,0.23996110260486603,0.7414249777793884,0.664023756980896,0.3022794723510742,0.04640257731080055,0.6791045069694519,0.29229965806007385,0.2646184265613556,0.22089584171772003,0.22089584171772003,0.7134905457496643,0.6431411504745483,0.2922465205192566,0.021177181974053383,0.6646058559417725,0.29145297408103943,0.23260436952114105,0.6400778889656067,0.3708985447883606
11:03:46,181,0.8058491349220276,0.489982932806015,0.3260398507118225,1.0,0.9020611643791199,0.783534049987793,0.46737608313560486,3.2834503650665283,0.5439290404319763,0.0002,7.914769559865817,0.4028637111186981,0.4028637111186981,0.8390418887138367,5.671875,0.783534049987793,0.46737608313560486,0.7162258625030518,0.3260398507118225,3.6796875,0.4455334544181824,0.4028637409210205,0.6710036993026733,0.001700882101431489,0.0,1.010485808439,7.916984022129327,454.71861379755006,0.6821044683456421,0.6821044683456421,0.9758744835853577,0.9794921875,0.7529296875,0.3204541802406311,0.756729781627655,0.3490724563598633,0.7412109375,0.5321604013442993,0.5321604013442993,0.9292994141578674,0.8994140625,0.599609375,0.2371216118335724,0.7296416759490967,0.34581494331359863,0.5869140625,0.4210716187953949,0.4210716187953949,0.8748517036437988,0.8251953125,0.4912109375,0.17098066210746765,0.7218934893608093,0.33505842089653015,0.47265625,0.34428325295448303,0.34428325295448303,0.8270548582077026,0.7421568632125854,0.40294116735458374,0.11981692910194397,0.7133421301841736,0.2995075583457947,0.38235294818878174,0.30042991042137146,0.30042991042137146,0.7860875129699707,0.7072691321372986,0.36051079630851746,0.0803544819355011,0.6888889074325562,0.26913246512413025,0.3379174768924713,0.2855257987976074,0.2855257987976074,0.7539536356925964,0.6771653294563293,0.35039371252059937,0.04882849380373955,0.7136628031730652,0.21310782432556152,0.3198818862438202,0.2515427768230438,0.2515427768230438,0.724253237247467,0.6515747904777527,0.31102362275123596,0.022443680092692375,0.6646525859832764,0.2894883453845978,0.27460628747940063,0.6598499417304993,0.4028637409210205
11:03:54,182,0.8713841438293457,0.5222381353378296,0.3602011501789093,1.0,0.8856194615364075,0.7886612415313721,0.44681447744369507,3.175189971923828,1.4575875997543335,0.0002,7.907131769228727,0.388022780418396,0.388022780418396,0.8415910601615906,5.7265625,0.7886612415313721,0.44681447744369507,0.6830961108207703,0.3602011501789093,3.5126953125,0.42913275957107544,0.388022780418396,0.6813542246818542,0.0016546992119401693,0.0,1.0114590762751472,7.9093659720383584,455.1565843238163,0.655225932598114,0.655225932598114,0.9696108102798462,0.9619140625,0.701171875,0.323091059923172,0.720812201499939,0.3891299366950989,0.693359375,0.5105246901512146,0.5105246901512146,0.9207478165626526,0.8923678994178772,0.5743640065193176,0.23788343369960785,0.7094298005104065,0.360626220703125,0.5626223087310791,0.407681405544281,0.407681405544281,0.8706790208816528,0.8305583000183105,0.47208619117736816,0.171020045876503,0.6792452931404114,0.3570094704627991,0.4427032172679901,0.3503042161464691,0.3503042161464691,0.8289217948913574,0.7782139182090759,0.4229636788368225,0.1194782704114914,0.6847414970397949,0.3350471258163452,0.39254170656204224,0.2956661283969879,0.2956661283969879,0.7943903207778931,0.7227138876914978,0.35496559739112854,0.0793495625257492,0.6489796042442322,0.33813297748565674,0.334316611289978,0.2615729570388794,0.2615729570388794,0.7647511959075928,0.6837944388389587,0.3132410943508148,0.04753991588950157,0.663294792175293,0.27888479828834534,0.3033596873283386,0.23119235038757324,0.23119235038757324,0.7396974563598633,0.6478734016418457,0.28486648201942444,0.021637702360749245,0.6519083976745605,0.3313960134983063,0.2710188031196594,0.6312849521636963,0.388022780418396
11:04:02,183,1.1227174997329712,0.7286438941955566,0.41634365916252136,1.0,0.8747853636741638,0.7028355002403259,0.38686132431030273,2.8137309551239014,1.375766396522522,0.0002,7.905200087232515,0.31874942779541016,0.31874942779541016,0.7639217972755432,4.8876953125,0.7028355002403259,0.38686132431030273,0.6646694540977478,0.41634365916252136,3.11328125,0.35710275173187256,0.31874942779541016,0.7314873337745667,0.001683711539953947,0.0,1.011670841467123,7.907710365951061,455.25187866020525,0.6044755578041077,0.6044755578041077,0.9434605240821838,0.953125,0.6748046875,0.3376258909702301,0.6997950673103333,0.46062928438186646,0.6669921875,0.4298763573169708,0.4298763573169708,0.8556629419326782,0.8285993933677673,0.5053868889808655,0.2400081902742386,0.6796690225601196,0.44449517130851746,0.4995102882385254,0.32554447650909424,0.32554447650909424,0.7927241325378418,0.7286973595619202,0.39960822463035583,0.16751591861248016,0.6733871102333069,0.40180283784866333,0.3663075268268585,0.25969773530960083,0.25969773530960083,0.743174135684967,0.6552062630653381,0.3123772144317627,0.11440221220254898,0.6311843991279602,0.3969191014766693,0.2888015806674957,0.22560735046863556,0.22560735046863556,0.7018241286277771,0.6131889820098877,0.29527559876441956,0.07506708800792694,0.6276083588600159,0.31643882393836975,0.24015748500823975,0.20045943558216095,0.20045943558216095,0.6655880212783813,0.5788954496383667,0.2712031602859497,0.044828400015830994,0.6626916527748108,0.2629283666610718,0.2297830432653427,0.18182963132858276,0.18182963132858276,0.64214026927948,0.5584158301353455,0.24554455280303955,0.020552249625325203,0.652482271194458,0.23065119981765747,0.2039603888988495,0.6053419709205627,0.31874942779541016
11:04:09,184,0.9209862947463989,0.5704901814460754,0.36377158761024475,1.0,0.8901596069335938,0.7656338214874268,0.4397183060646057,3.1275620460510254,1.6123477220535278,0.0002,7.9348601119127125,0.3781673014163971,0.3781673014163971,0.8181066513061523,5.4736328125,0.7656338214874268,0.4397183060646057,0.6931567192077637,0.36377158761024475,3.4833984375,0.4198591411113739,0.3781673014163971,0.6917898654937744,0.0017889870796352625,0.0,1.0079116549461429,7.937203584006056,453.5602447257643,0.6545022130012512,0.6545022130012512,0.9612102508544922,0.9638671875,0.70703125,0.32579997181892395,0.7304964661598206,0.37426242232322693,0.705078125,0.50118088722229,0.50118088722229,0.8994186520576477,0.8784313797950745,0.5735294222831726,0.2385268658399582,0.7075892686843872,0.3812609016895294,0.5529412031173706,0.4076993465423584,0.4076993465423584,0.8500062823295593,0.8011810779571533,0.47539371252059937,0.17064571380615234,0.7199017405509949,0.3606589436531067,0.4566929042339325,0.3305125832557678,0.3305125832557678,0.8043110966682434,0.7297830581665039,0.38856014609336853,0.11856593936681747,0.6891891956329346,0.3448628783226013,0.37278106808662415,0.2773301303386688,0.2773301303386688,0.7670959234237671,0.6874381899833679,0.3273986279964447,0.07835184037685394,0.6748201251029968,0.344247043132782,0.3135509490966797,0.25011610984802246,0.25011610984802246,0.7346700429916382,0.6521308422088623,0.3151635229587555,0.04684901237487793,0.6504559516906738,0.2964070439338684,0.27552032470703125,0.22014214098453522,0.22014214098453522,0.7066371440887451,0.6421471238136292,0.2852882742881775,0.02126069739460945,0.6501547694206238,0.34498730301856995,0.2564612329006195,0.639611005783081,0.3781673014163971
11:04:17,185,1.20673406124115,0.7704834938049316,0.4598274230957031,1.0,0.8565933108329773,0.7281526327133179,0.376770943403244,2.650385618209839,0.7052095532417297,0.0002,7.88214898831211,0.3074977397918701,0.3074977397918701,0.7874422073364258,5.1201171875,0.7281526327133179,0.376770943403244,0.6466962099075317,0.4598274230957031,3.0302734375,0.3555898368358612,0.3074977397918701,0.738616406917572,0.0016449317336082458,0.0,1.0146693126972706,7.884342120029032,456.6011907137718,0.58918696641922,0.58918696641922,0.9485074877738953,0.9521484375,0.66796875,0.34573081135749817,0.6851282119750977,0.4942567050457001,0.65234375,0.4130791127681732,0.4130791127681732,0.8786529898643494,0.8367546200752258,0.4789833724498749,0.24276913702487946,0.65887850522995,0.48125627636909485,0.4877810478210449,0.3186677396297455,0.3186677396297455,0.823090672492981,0.7798434495925903,0.3845401108264923,0.16698497533798218,0.663739025592804,0.4684298038482666,0.3747553825378418,0.2588292956352234,0.2588292956352234,0.7731379866600037,0.690873384475708,0.33366045355796814,0.112127386033535,0.640625,0.4033809006214142,0.30323848128318787,0.21625863015651703,0.21625863015651703,0.7274280786514282,0.6538839936256409,0.29203540086746216,0.07192783802747726,0.6375939846038818,0.3756946623325348,0.2418879121541977,0.19143669307231903,0.19143669307231903,0.6935842633247375,0.6134122014045715,0.25246548652648926,0.04191150516271591,0.618971049785614,0.3340036869049072,0.2287968397140503,0.16115520894527435,0.16115520894527435,0.664778470993042,0.5663366317749023,0.2237623780965805,0.018548281863331795,0.5874125957489014,0.3603513836860657,0.1960396021604538,0.5849312543869019,0.3074977397918701
11:04:25,186,1.3453843593597412,0.8384708762168884,0.5335850715637207,1.0,0.8329863548278809,0.7433417439460754,0.3640314042568207,2.49320125579834,1.2896966934204102,0.0002,7.981907685287297,0.28818681836128235,0.28818681836128235,0.7818279266357422,5.2197265625,0.7433417439460754,0.3640314042568207,0.6158778071403503,0.5335850715637207,2.87109375,0.3343145549297333,0.28818681836128235,0.7511085867881775,0.0015114254783838987,0.0,1.0020142777658927,7.983918171143159,450.90642499465173,0.5642667412757874,0.5642667412757874,0.9485980868339539,0.9599609375,0.638671875,0.35532933473587036,0.6642929911613464,0.5701484680175781,0.6376953125,0.4096224904060364,0.4096224904060364,0.8760668635368347,0.8667972683906555,0.48285993933677673,0.2457994967699051,0.6350282430648804,0.5566391944885254,0.4613124430179596,0.30430665612220764,0.30430665612220764,0.8197512626647949,0.7813725471496582,0.386274516582489,0.1657658964395523,0.6273525953292847,0.5290712714195251,0.3499999940395355,0.2443895936012268,0.2443895936012268,0.767288327217102,0.7095191478729248,0.3375858664512634,0.10892653465270996,0.6251729130744934,0.46654361486434937,0.29440629482269287,0.19665701687335968,0.19665701687335968,0.7221866250038147,0.6633954644203186,0.27968597412109375,0.06833252310752869,0.5710059404373169,0.44673392176628113,0.23552502691745758,0.16300493478775024,0.16300493478775024,0.684607207775116,0.633234977722168,0.24385447800159454,0.03885532170534134,0.6040372848510742,0.44885656237602234,0.19272369146347046,0.13244159519672394,0.13244159519672394,0.6524306535720825,0.5867850184440613,0.17652860283851624,0.016990847885608673,0.5445378422737122,0.3774249851703644,0.16568046808242798,0.5510146021842957,0.28818681836128235
11:04:33,187,1.1027195453643799,0.711274266242981,0.4118281602859497,1.0,0.8756778240203857,0.7286821603775024,0.3960535526275635,2.8138275146484375,0.578559935092926,0.0002,7.845412330003455,0.33090561628341675,0.33090561628341675,0.7743880748748779,5.05859375,0.7286821603775024,0.3960535526275635,0.6771759986877441,0.4118281602859497,3.1875,0.37618041038513184,0.33090561628341675,0.7221089005470276,0.0014819519128650427,0.0,1.0194486582086941,7.847379007842392,458.7518961939124,0.5966176390647888,0.5966176390647888,0.9361143708229065,0.947265625,0.66015625,0.33726292848587036,0.6969072222709656,0.4573543667793274,0.6591796875,0.4494417905807495,0.4494417905807495,0.8620467782020569,0.827281653881073,0.5250245332717896,0.24125435948371887,0.7105575203895569,0.4105820059776306,0.5309126377105713,0.3512100875377655,0.3512100875377655,0.7993929982185364,0.7527093887329102,0.40689656138420105,0.16871711611747742,0.6793193817138672,0.39920565485954285,0.4049261212348938,0.27830836176872253,0.27830836176872253,0.755233883857727,0.7025691866874695,0.34189721941947937,0.11481925845146179,0.6736990213394165,0.3720124065876007,0.3231225311756134,0.24032150208950043,0.24032150208950043,0.7124035954475403,0.6465346813201904,0.30990099906921387,0.07458880543708801,0.6661561727523804,0.32498112320899963,0.26435643434524536,0.20269648730754852,0.20269648730754852,0.6860719919204712,0.6174430251121521,0.2656095027923584,0.04369352012872696,0.646869957447052,0.3912601172924042,0.22695738077163696,0.1923319399356842,0.1923319399356842,0.665826678276062,0.6023856997489929,0.2574552595615387,0.01966402493417263,0.6435643434524536,0.3186410665512085,0.21769383549690247,0.6150992512702942,0.33090561628341675
11:04:41,188,1.2490625381469727,0.8042734265327454,0.4700077772140503,1.0,0.8519510626792908,0.7157717347145081,0.3656170964241028,2.6075263023376465,0.6287121772766113,0.0002,7.944960835622624,0.2954850494861603,0.2954850494861603,0.7494547367095947,4.9755859375,0.7157717347145081,0.3656170964241028,0.6400235891342163,0.4700077772140503,2.9375,0.33511385321617126,0.2954850494861603,0.7459307909011841,0.0016900170594453812,0.0,1.0066285183008148,7.947321037063375,452.9828332353666,0.5756765007972717,0.5756765007972717,0.9382067918777466,0.962890625,0.638671875,0.3479160964488983,0.6582149863243103,0.5319119691848755,0.6337890625,0.4032815098762512,0.4032815098762512,0.8482249975204468,0.832517147064209,0.4799216389656067,0.24278876185417175,0.6529411673545837,0.49932029843330383,0.45739471912384033,0.30381253361701965,0.30381253361701965,0.7786628007888794,0.7585868239402771,0.38370952010154724,0.16614635288715363,0.6429495215415955,0.4583812952041626,0.354268878698349,0.24380260705947876,0.24380260705947876,0.7299126386642456,0.6823992133140564,0.31956735253334045,0.11123791337013245,0.6412103772163391,0.38259974122047424,0.27531957626342773,0.20195533335208893,0.20195533335208893,0.6832562685012817,0.6235178112983704,0.2667984068393707,0.07144442200660706,0.6323296427726746,0.32848700881004333,0.23122529685497284,0.17887133359909058,0.17887133359909058,0.6471898555755615,0.5845697522163391,0.24233432114124298,0.04179180786013603,0.6125211715698242,0.32834818959236145,0.19980217516422272,0.1565222293138504,0.1565222293138504,0.617145299911499,0.5613861680030823,0.2237623780965805,0.018674733117222786,0.6208112835884094,0.3134389817714691,0.18910890817642212,0.5813957452774048,0.2954850494861603
11:04:49,189,0.7369020581245422,0.46756795048713684,0.27790749073028564,1.0,0.9141377806663513,0.7641363739967346,0.4649922847747803,3.3848986625671387,1.363245964050293,0.0002,8.00341584184207,0.40458735823631287,0.40458735823631287,0.7901971340179443,5.578125,0.7641363739967346,0.4649922847747803,0.7245684862136841,0.27790749073028564,3.828125,0.45488986372947693,0.40458735823631287,0.6774278283119202,0.0014200254809111357,0.0,0.9993297831220782,8.005365330958739,449.69840240493517,0.6543944478034973,0.6543944478034973,0.9556444883346558,0.96484375,0.712890625,0.31319719552993774,0.7348178029060364,0.3351079225540161,0.708984375,0.5174817442893982,0.5174817442893982,0.877872884273529,0.874632716178894,0.5984328985214233,0.23436592519283295,0.7648376226425171,0.2678907513618469,0.5925562977790833,0.4231768250465393,0.4231768250465393,0.8193169832229614,0.795098066329956,0.47058823704719543,0.17187097668647766,0.7225647568702698,0.26350492238998413,0.48137253522872925,0.3643515706062317,0.3643515706062317,0.7707871794700623,0.7465618848800659,0.4302554130554199,0.12270849943161011,0.7236841917037964,0.24693402647972107,0.4165029525756836,0.31379154324531555,0.31379154324531555,0.7299861907958984,0.6764994859695435,0.37069812417030334,0.0832662358880043,0.7194767594337463,0.22300294041633606,0.35201573371887207,0.29585009813308716,0.29585009813308716,0.6992706656455994,0.6627218723297119,0.3619329333305359,0.05098787322640419,0.694940447807312,0.21260441839694977,0.3333333432674408,0.2599972188472748,0.2599972188472748,0.676234245300293,0.625863790512085,0.30700889229774475,0.023603281006217003,0.6924290060997009,0.1944471299648285,0.2961500585079193,0.6697255969047546,0.40458735823631287
11:04:57,190,1.1409950256347656,0.7560368776321411,0.40666037797927856,1.0,0.8735170960426331,0.7171251773834229,0.38268759846687317,2.709395408630371,3.3669700622558594,0.0002,8.047061061486602,0.30962899327278137,0.30962899327278137,0.7330476641654968,5.042084217071533,0.7171251773834229,0.38268759846687317,0.6728258728981018,0.40666037797927856,3.1282565593719482,0.36439579725265503,0.30962902307510376,0.7388188242912292,0.0018753414042294025,0.0,0.9938446645648583,8.049547665985301,447.23009905418627,0.5915570259094238,0.5915570259094238,0.92284095287323,0.9408817887306213,0.6663326621055603,0.3423856794834137,0.708200216293335,0.43781134486198425,0.6663326621055603,0.42031413316726685,0.42031413316726685,0.8343891501426697,0.8242971897125244,0.4889558255672455,0.24146433174610138,0.6930572390556335,0.43456143140792847,0.4919678568840027,0.31360387802124023,0.31360387802124023,0.7683622241020203,0.7532728910446167,0.39979860186576843,0.1667334884405136,0.6577540040016174,0.43708837032318115,0.3746223449707031,0.2599318027496338,0.2599318027496338,0.7108948826789856,0.6892028450965881,0.3350151479244232,0.11297306418418884,0.6896046996116638,0.3344980776309967,0.3208879828453064,0.21718023717403412,0.21718023717403412,0.6625490784645081,0.6363636255264282,0.28989899158477783,0.07343199104070663,0.6523809432983398,0.31765124201774597,0.26161617040634155,0.1922147572040558,0.1922147572040558,0.6299299001693726,0.6107178926467896,0.25884732604026794,0.043390996754169464,0.6490066051483154,0.28723305463790894,0.23053589463233948,0.16900356113910675,0.16900356113910675,0.5994912385940552,0.5618661046028137,0.23630832135677338,0.019620385020971298,0.6317689418792725,0.2346569299697876,0.20081135630607605,0.5965269804000854,0.30962902307510376
11:05:05,191,1.092219352722168,0.7008691430091858,0.4113767743110657,1.0,0.8729217052459717,0.7235236167907715,0.3910786807537079,2.8114001750946045,0.6060738563537598,0.0002,8.04333455231972,0.3232724070549011,0.3232724070549011,0.7617487907409668,5.0703125,0.7235236167907715,0.3910786807537079,0.6686699986457825,0.4113767743110657,3.1708984375,0.37186139822006226,0.3232724070549011,0.7251428365707397,0.0015572546981275082,0.0,0.9943450686126566,8.045496731996536,447.45528087569545,0.6064987778663635,0.6064987778663635,0.9483460187911987,0.962890625,0.6796875,0.3375616669654846,0.6977687478065491,0.4529118835926056,0.6728515625,0.43689534068107605,0.43689534068107605,0.8639665842056274,0.8532289862632751,0.5127201676368713,0.24014116823673248,0.6777523159980774,0.4406992495059967,0.4843444228172302,0.32801467180252075,0.32801467180252075,0.7980828285217285,0.7668951749801636,0.38785505294799805,0.16749440133571625,0.6500638723373413,0.42861515283584595,0.3731635510921478,0.26743564009666443,0.26743564009666443,0.7419871687889099,0.689892053604126,0.3415112793445587,0.11441361904144287,0.6586059927940369,0.34990444779396057,0.31992149353027344,0.23463740944862366,0.23463740944862366,0.6952159404754639,0.6391347050666809,0.2979350984096527,0.07516397535800934,0.6723076701164246,0.29694443941116333,0.27925270795822144,0.20203043520450592,0.20203043520450592,0.657617449760437,0.5996055006980896,0.26824456453323364,0.04478481411933899,0.6414473652839661,0.28892478346824646,0.24063116312026978,0.1839350014925003,0.1839350014925003,0.6241511702537537,0.5494071245193481,0.24604743719100952,0.020440421998500824,0.6672661900520325,0.2143567055463791,0.2292490154504776,0.6078599095344543,0.3232724070549011
11:05:13,192,0.8373842835426331,0.5151190161705017,0.33240002393722534,1.0,0.8951958417892456,0.7910468578338623,0.44723546504974365,3.1936678886413574,1.1358128786087036,0.0002,7.831163052236661,0.3822188079357147,0.3822188079357147,0.8008517622947693,5.7197265625,0.7910468578338623,0.44723546504974365,0.6927443742752075,0.33240002393722534,3.5556640625,0.4246421456336975,0.3822188079357147,0.690064549446106,0.0015056892298161983,0.0,1.0212800765672891,7.833306635031477,459.5760344552801,0.6474949717521667,0.6474949717521667,0.9533267617225647,0.96484375,0.708984375,0.3201841711997986,0.7287449240684509,0.3692668378353119,0.703125,0.4823879301548004,0.4823879301548004,0.8915157318115234,0.8805093169212341,0.5445641279220581,0.23590366542339325,0.7107897400856018,0.35038939118385315,0.5357492566108704,0.4023459553718567,0.4023459553718567,0.8365018367767334,0.8107843399047852,0.477450966835022,0.1708260029554367,0.7110036015510559,0.3197736144065857,0.4578431248664856,0.3480928838253021,0.3480928838253021,0.7869895696640015,0.7888015508651733,0.42239686846733093,0.12054263800382614,0.6973848342895508,0.28405460715293884,0.3919450044631958,0.2937770485877991,0.2937770485877991,0.7467602491378784,0.7207472920417786,0.3598819971084595,0.08092156052589417,0.6616643667221069,0.28897714614868164,0.3176007866859436,0.25924745202064514,0.25924745202064514,0.7112693786621094,0.6850937604904175,0.31688055396080017,0.04899635910987854,0.6642651557922363,0.26899921894073486,0.28430405259132385,0.23889219760894775,0.23889219760894775,0.6772629022598267,0.6841065883636475,0.29713723063468933,0.022625595331192017,0.6522366404533386,0.250883013010025,0.2783810496330261,0.6332685351371765,0.3822188079357147
11:05:21,193,1.4647243022918701,0.9541711807250977,0.5457832217216492,1.0,0.8329143524169922,0.7037505507469177,0.33951398730278015,2.4036693572998047,1.1704095602035522,0.0002,7.908272590022534,0.26338765025138855,0.26338765025138855,0.7267141938209534,4.7998046875,0.7037505507469177,0.33951398730278015,0.6281437277793884,0.5457832217216492,2.7177734375,0.3098749816417694,0.26338765025138855,0.7704066634178162,0.0017030928283929825,0.0,1.0113104652829157,7.91052824491635,455.08970937731203,0.5519928336143494,0.5519928336143494,0.9424778819084167,0.9453125,0.6220703125,0.3625340461730957,0.6466942429542542,0.5951923727989197,0.611328125,0.3789355158805847,0.3789355158805847,0.8508309721946716,0.835616409778595,0.46868884563446045,0.24687136709690094,0.6686182618141174,0.5590469837188721,0.4540117383003235,0.2641148567199707,0.2641148567199707,0.7654145956039429,0.7215686440467834,0.3382352888584137,0.16387493908405304,0.63722825050354,0.5581116676330566,0.32549020648002625,0.21026884019374847,0.21026884019374847,0.6967499256134033,0.6692836284637451,0.29244357347488403,0.1065414696931839,0.6217008829116821,0.4511961042881012,0.2414131462574005,0.17376990616321564,0.17376990616321564,0.6484948396682739,0.6131889820098877,0.250984251499176,0.06637794524431229,0.6260032057762146,0.4169735312461853,0.2027558982372284,0.14127442240715027,0.14127442240715027,0.605730414390564,0.592079222202301,0.21287128329277039,0.03754069656133652,0.568561851978302,0.44398924708366394,0.17128713428974152,0.11869602650403976,0.11869602650403976,0.5728797316551208,0.5446428656578064,0.1865079402923584,0.016259493306279182,0.5956284403800964,0.38579583168029785,0.1577380895614624,0.5596604347229004,0.26338765025138855
11:05:29,194,0.8698307275772095,0.5545979738235474,0.3273458778858185,1.0,0.8909514546394348,0.7592778205871582,0.42011749744415283,3.109598159790039,0.7583552002906799,0.0002,8.035570786101744,0.36367255449295044,0.36367255449295044,0.7920120358467102,5.423038959503174,0.7592778205871582,0.42011749744415283,0.678429901599884,0.3273458778858185,3.483614683151245,0.4010603129863739,0.36367255449295044,0.6991393566131592,0.0017892047762870789,0.0,0.9952798585409205,8.037940214853734,447.8759363434142,0.6409788131713867,0.6409788131713867,0.9605162143707275,0.9612711071968079,0.6921549439430237,0.3260323107242584,0.7128099203109741,0.3581543266773224,0.6852035522460938,0.481568306684494,0.481568306684494,0.8964307308197021,0.8664007782936096,0.5373878479003906,0.2380206286907196,0.6985040307044983,0.3456166088581085,0.5353938341140747,0.3817979395389557,0.3817979395389557,0.8264655470848083,0.7910000085830688,0.44200000166893005,0.17014822363853455,0.6852086186408997,0.3120022118091583,0.42100000381469727,0.31354865431785583,0.31354865431785583,0.7747868895530701,0.727911651134491,0.3845381438732147,0.11840241402387619,0.6731034517288208,0.3108612298965454,0.34337350726127625,0.27197036147117615,0.27197036147117615,0.7296107411384583,0.6918429136276245,0.3323262929916382,0.07867918908596039,0.663755476474762,0.25801655650138855,0.30614301562309265,0.23869408667087555,0.23869408667087555,0.6923486590385437,0.6478304862976074,0.2906155288219452,0.047218963503837585,0.6682242751121521,0.24294590950012207,0.26942482590675354,0.21121062338352203,0.21121062338352203,0.6595736742019653,0.6238625049591064,0.25581395626068115,0.021498221904039383,0.6207455396652222,0.28631365299224854,0.2406471222639084,0.6320505142211914,0.36367255449295044
11:05:37,195,1.0222949981689453,0.6366653442382812,0.4010556638240814,1.0,0.8749855160713196,0.7705956697463989,0.43064355850219727,2.9590725898742676,0.898483395576477,0.0002,7.91151970019564,0.3621436357498169,0.3621436357498169,0.811598539352417,5.541015625,0.7705956697463989,0.43064355850219727,0.6926169395446777,0.4010556638240814,3.4072265625,0.41120970249176025,0.3621436357498169,0.6996709704399109,0.0018021238502115011,0.0,1.0108804176436021,7.913893533172086,454.896187939621,0.6919955015182495,0.6919955015182495,0.9707247018814087,0.978515625,0.7412109375,0.3408970832824707,0.7405189871788025,0.3638409376144409,0.724609375,0.49430912733078003,0.49430912733078003,0.9054945707321167,0.8775709867477417,0.5572967529296875,0.24399329721927643,0.7142857313156128,0.42675670981407166,0.5475024580955505,0.3784446120262146,0.3784446120262146,0.8487051725387573,0.7984267473220825,0.4601770043373108,0.16911405324935913,0.6834975481033325,0.43902114033699036,0.429695188999176,0.29870328307151794,0.29870328307151794,0.794920802116394,0.7453109622001648,0.3731490671634674,0.11347457021474838,0.686092734336853,0.4233892261981964,0.35143139958381653,0.2578781545162201,0.2578781545162201,0.7525259852409363,0.6894164085388184,0.33531156182289124,0.07252093404531479,0.6771879196166992,0.39139679074287415,0.3125618100166321,0.22191286087036133,0.22191286087036133,0.7188888192176819,0.6669970154762268,0.2953419089317322,0.041758984327316284,0.6641901731491089,0.36495664715766907,0.27254706621170044,0.18508899211883545,0.18508899211883545,0.6859634518623352,0.6332008242607117,0.24552683532238007,0.018241090700030327,0.6530612111091614,0.41162315011024475,0.23359841108322144,0.6349957585334778,0.3621436357498169
11:05:45,196,1.2356325387954712,0.782291054725647,0.4777754247188568,1.0,0.8585380911827087,0.733314573764801,0.38794437050819397,2.659876585006714,1.9168789386749268,0.0002,7.975335952360183,0.31111013889312744,0.31111013889312744,0.767956554889679,5.060546875,0.733314573764801,0.38794437050819397,0.654148280620575,0.4777754247188568,3.05859375,0.3622312843799591,0.31111013889312744,0.7350184917449951,0.0016648916061967611,0.0,1.0028057344925183,7.977616925025359,451.2625805216332,0.6158729195594788,0.6158729195594788,0.9637528657913208,0.9609375,0.6748046875,0.3490133583545685,0.707317054271698,0.4773859679698944,0.6796875,0.42402899265289307,0.42402899265289307,0.8823112845420837,0.8609206676483154,0.49559256434440613,0.24422772228717804,0.660978376865387,0.5421951413154602,0.49069538712501526,0.32572686672210693,0.32572686672210693,0.807441771030426,0.7517173886299133,0.39842984080314636,0.1670476347208023,0.6684073209762573,0.45142748951911926,0.3768400251865387,0.25800615549087524,0.25800615549087524,0.7457287311553955,0.6863323450088501,0.34414947032928467,0.11112650483846664,0.643266499042511,0.45904889702796936,0.29498526453971863,0.21494615077972412,0.21494615077972412,0.6926995515823364,0.6410256624221802,0.30177515745162964,0.0705035924911499,0.6538461446762085,0.40216365456581116,0.26429980993270874,0.1795271784067154,0.1795271784067154,0.6564028859138489,0.6317867636680603,0.26061204075813293,0.04041208699345589,0.6156250238418579,0.40348556637763977,0.2270483672618866,0.1550634503364563,0.1550634503364563,0.6236883401870728,0.596630334854126,0.2358771115541458,0.01766916923224926,0.5930232405662537,0.3995930850505829,0.19722497463226318,0.5880241990089417,0.31111013889312744
11:05:53,197,1.0359001159667969,0.6441181302070618,0.4089677631855011,1.0,0.8781188130378723,0.7616442441940308,0.412598192691803,2.945870876312256,1.2586959600448608,0.0002,7.882669512880966,0.34833070635795593,0.34833070635795593,0.7916348576545715,5.314453125,0.7616442441940308,0.412598192691803,0.681709349155426,0.4089677631855011,3.328125,0.4002525210380554,0.34833070635795593,0.706516683101654,0.0016480698250234127,0.0,1.0145996990599198,7.884883079910651,456.56986457696394,0.6487609148025513,0.6487609148025513,0.962274968624115,0.966796875,0.7080078125,0.33753055334091187,0.7242424488067627,0.4203866124153137,0.7001953125,0.4844498932361603,0.4844498932361603,0.895106315612793,0.8719452619552612,0.5610948204994202,0.2427932620048523,0.6961883306503296,0.4257916808128357,0.5405669808387756,0.3807004690170288,0.3807004690170288,0.8341477513313293,0.7990196347236633,0.44999998807907104,0.16967450082302094,0.7018405199050903,0.391671359539032,0.4490196108818054,0.30102232098579407,0.30102232098579407,0.7769601345062256,0.7335299849510193,0.3647984266281128,0.11453065276145935,0.6581769585609436,0.3994463086128235,0.3500491678714752,0.23569010198116302,0.23569010198116302,0.7282761931419373,0.6929134130477905,0.3011811077594757,0.073464035987854,0.6605113744735718,0.41545432806015015,0.28740158677101135,0.20325633883476257,0.20325633883476257,0.6875960826873779,0.6508875489234924,0.26035502552986145,0.042856816202402115,0.653030276298523,0.34642869234085083,0.2495069056749344,0.18043473362922668,0.18043473362922668,0.6543987393379211,0.6134122014045715,0.23865877091884613,0.019150175154209137,0.6495176553726196,0.3002741038799286,0.2209073007106781,0.6207170486450195,0.34833070635795593
11:06:01,198,1.128563404083252,0.7319763898849487,0.4181867837905884,1.0,0.8680006265640259,0.7296727895736694,0.3847774267196655,2.7706046104431152,2.0192222595214844,0.0002,8.05827308492735,0.31793150305747986,0.31793150305747986,0.7794886827468872,5.0302734375,0.7296727895736694,0.3847774267196655,0.6514626741409302,0.4181867837905884,3.0859375,0.35233816504478455,0.31793153285980225,0.7303386926651001,0.0016717223916202784,0.0,0.9924986915267437,8.0604640271049,446.6244111870347,0.5995752811431885,0.5995752811431885,0.9496192336082458,0.947265625,0.6650390625,0.3392467796802521,0.691752552986145,0.4536544978618622,0.6552734375,0.4174407422542572,0.4174407422542572,0.8806019425392151,0.839530348777771,0.4843444228172302,0.24048636853694916,0.6596736311912537,0.4729679226875305,0.46868884563446045,0.3370984196662903,0.3370984196662903,0.8212478160858154,0.7644749879837036,0.4043179452419281,0.1676180511713028,0.6816431283950806,0.3709034323692322,0.3768400251865387,0.2643359899520874,0.2643359899520874,0.7651155591011047,0.6941986083984375,0.34414947032928467,0.11395683139562607,0.6501416563987732,0.39055073261260986,0.29596853256225586,0.2246004343032837,0.2246004343032837,0.7209767699241638,0.6403940916061401,0.27980294823646545,0.07434283941984177,0.626153826713562,0.34895169734954834,0.24039408564567566,0.19757777452468872,0.19757777452468872,0.6784417033195496,0.6288252472877502,0.262586385011673,0.04418918862938881,0.6028257608413696,0.27897772192955017,0.21816386282444,0.1809615194797516,0.1809615194797516,0.6373154520988464,0.5895153284072876,0.2492581605911255,0.020159874111413956,0.6157718300819397,0.2292579710483551,0.20672601461410522,0.5960001349449158,0.31793153285980225
11:06:09,199,0.7301880121231079,0.44380176067352295,0.2940998077392578,1.0,0.9074800610542297,0.7984865307807922,0.4771580696105957,3.493877649307251,1.2615717649459839,0.0002,7.854370360961184,0.42634278535842896,0.42634278535842896,0.8299697637557983,5.796875,0.7984865307807922,0.4771580696105957,0.7241137027740479,0.2940998077392578,3.7900390625,0.4606221914291382,0.42634278535842896,0.6654264330863953,0.001652024919167161,0.0,1.0182538357063613,7.856587148969993,458.2142260678625,0.678419828414917,0.678419828414917,0.9677956104278564,0.978515625,0.7197265625,0.31103193759918213,0.7365269660949707,0.3173251748085022,0.720703125,0.5403419137001038,0.5403419137001038,0.9119267463684082,0.8837890625,0.609375,0.23416493833065033,0.7535911798477173,0.3117927014827728,0.5869140625,0.451093852519989,0.451093852519989,0.8604851365089417,0.8424657583236694,0.49706459045410156,0.1724453568458557,0.7189314961433411,0.3035186529159546,0.4902152717113495,0.3871539533138275,0.3871539533138275,0.8165172934532166,0.7634935975074768,0.4278704524040222,0.12337662279605865,0.7159383296966553,0.2579277753829956,0.4180569052696228,0.34031060338020325,0.34031060338020325,0.779089629650116,0.7295968532562256,0.3883972465991974,0.08383629471063614,0.7331536412239075,0.24607890844345093,0.3687315583229065,0.30383312702178955,0.30383312702178955,0.747898519039154,0.6988189220428467,0.35433071851730347,0.05131179094314575,0.6957746744155884,0.2392093986272812,0.3277558982372284,0.2801300883293152,0.2801300883293152,0.7240458726882935,0.6903353333473206,0.34023669362068176,0.02383303828537464,0.7028571367263794,0.20964178442955017,0.3086785078048706,0.6738075613975525,0.42634278535842896
11:06:17,200,0.9303992390632629,0.5717524886131287,0.3718731999397278,1.0,0.8891754746437073,0.7624823451042175,0.4287729263305664,3.0773813724517822,1.3032560348510742,0.0002,8.015656556235626,0.3627360165119171,0.3627360165119171,0.78807532787323,5.423828125,0.7624823451042175,0.4287729263305664,0.6903440356254578,0.3718731999397278,3.4248046875,0.40634697675704956,0.3627360165119171,0.6976093649864197,0.0016549103893339634,0.0,0.9977772706575871,8.017821446992457,448.9997717959142,0.6340159177780151,0.6340159177780151,0.9587303996086121,0.966796875,0.69140625,0.3256664574146271,0.7060605883598328,0.4194168448448181,0.681640625,0.46602076292037964,0.46602076292037964,0.8848378658294678,0.8736532926559448,0.5377081036567688,0.2372618466615677,0.6849775910377502,0.3986583650112152,0.523016631603241,0.37952283024787903,0.37952283024787903,0.8215855956077576,0.7881773114204407,0.4472906291484833,0.169800266623497,0.6974999904632568,0.3273748457431793,0.42561575770378113,0.3194981813430786,0.3194981813430786,0.7706095576286316,0.7448071241378784,0.38773491978645325,0.11861659586429596,0.6958831548690796,0.32157430052757263,0.3669634163379669,0.27160099148750305,0.27160099148750305,0.7243468165397644,0.6934523582458496,0.3382936418056488,0.079042449593544,0.6838340759277344,0.32532501220703125,0.306547611951828,0.24421904981136322,0.24421904981136322,0.6904561519622803,0.651439905166626,0.3118172883987427,0.04771175608038902,0.6722561120986938,0.31336483359336853,0.2800397276878357,0.21795636415481567,0.21795636415481567,0.6612230539321899,0.613545835018158,0.280876487493515,0.021900497376918793,0.6834415793418884,0.251196950674057,0.2539840638637543,0.6346774697303772,0.3627360165119171
11:06:25,201,1.1343498229980469,0.7133708596229553,0.43983951210975647,1.0,0.8648837804794312,0.7494040131568909,0.3960174024105072,2.721409559249878,1.987963080406189,0.0002,7.93562124716118,0.32463446259498596,0.32463446259498596,0.7677653431892395,5.3974609375,0.7494040131568909,0.3960174024105072,0.6729041934013367,0.43983951210975647,3.1474609375,0.37610432505607605,0.32463446259498596,0.7295532822608948,0.0015750371385365725,0.0,1.0078449620097256,7.937728818971664,453.5302329043765,0.607126772403717,0.607126772403717,0.9519776701927185,0.9677734375,0.6689453125,0.341392457485199,0.6902118921279907,0.484205424785614,0.66796875,0.4301133155822754,0.4301133155822754,0.8688721060752869,0.8736532926559448,0.5034279823303223,0.24187153577804565,0.6838564872741699,0.48386988043785095,0.49755141139030457,0.3419198989868164,0.3419198989868164,0.8004274964332581,0.7948969602584839,0.41609421372413635,0.16801157593727112,0.6888889074325562,0.39204853773117065,0.40137389302253723,0.2842870056629181,0.2842870056629181,0.7452648878097534,0.725220799446106,0.363101065158844,0.11382171511650085,0.6779431700706482,0.3755257725715637,0.336604505777359,0.23578912019729614,0.23578912019729614,0.7033844590187073,0.6650294661521912,0.316306471824646,0.073422871530056,0.6514032483100891,0.3844204843044281,0.2662082612514496,0.20229128003120422,0.20229128003120422,0.6672994494438171,0.625,0.26771652698516846,0.04268886521458626,0.6488189101219177,0.3029080629348755,0.24114173650741577,0.1681051254272461,0.1681051254272461,0.6350188255310059,0.5917159914970398,0.2337278127670288,0.018790971487760544,0.6499999761581421,0.343601256608963,0.21893490850925446,0.6081823706626892,0.32463446259498596
11:06:33,202,0.9094943404197693,0.5808969140052795,0.34095272421836853,1.0,0.8952648639678955,0.7519336342811584,0.4245535135269165,3.092803478240967,1.4402737617492676,0.0002,8.0105694711674,0.3582402765750885,0.3582402765750885,0.7607810497283936,5.318359375,0.7519336342811584,0.4245535135269165,0.6831868290901184,0.34095272421836853,3.4423828125,0.40627196431159973,0.3582402765750885,0.7134860157966614,0.0013251455966383219,0.0,0.9984386589688913,8.01251026103273,449.29739653600103,0.6058475375175476,0.6058475375175476,0.9362431168556213,0.958984375,0.65234375,0.3202916979789734,0.6914460062980652,0.4158908724784851,0.6630859375,0.4535405933856964,0.4535405933856964,0.8526227474212646,0.8638589382171631,0.5298726558685303,0.23448407649993896,0.6836734414100647,0.3967353105545044,0.5200783610343933,0.36277100443840027,0.36277100443840027,0.7908879518508911,0.7921568751335144,0.4421568512916565,0.1693420261144638,0.6745049357414246,0.3279232978820801,0.40980392694473267,0.30951061844825745,0.30951061844825745,0.7387137413024902,0.7207472920417786,0.37561455368995667,0.12000593543052673,0.698499321937561,0.25866007804870605,0.3598819971084595,0.2781986594200134,0.2781986594200134,0.7002778649330139,0.6702862977981567,0.35241857171058655,0.08165562152862549,0.6980854272842407,0.1787823587656021,0.3307008743286133,0.25332725048065186,0.25332725048065186,0.6662179827690125,0.630327045917511,0.31219029426574707,0.05045926943421364,0.6698113083839417,0.17919094860553741,0.2814668118953705,0.24009199440479279,0.24009199440479279,0.6366443037986755,0.6226415038108826,0.30287984013557434,0.023761438205838203,0.660287082195282,0.14343813061714172,0.27408143877983093,0.6283376812934875,0.3582402765750885
11:06:41,203,0.8328731060028076,0.5118574500083923,0.3308494985103607,1.0,0.8970022201538086,0.7783874869346619,0.4432249963283539,3.2253947257995605,1.3394811153411865,0.0002,8.069557306589559,0.3845606744289398,0.3845606744289398,0.7972620725631714,5.6474609375,0.7783874869346619,0.4432249963283539,0.6919739842414856,0.3308494985103607,3.6328125,0.426058828830719,0.38456064462661743,0.6880151629447937,0.0016216759104281664,0.0,0.9911046274443621,8.071801683166996,445.9970823499629,0.6585738062858582,0.6585738062858582,0.9521706104278564,0.9765625,0.708984375,0.3211377263069153,0.7269999980926514,0.36930012702941895,0.708984375,0.49222806096076965,0.49222806096076965,0.8811517953872681,0.888454020023346,0.5557730197906494,0.23668310046195984,0.6938325762748718,0.3691723048686981,0.5469667315483093,0.40912020206451416,0.40912020206451416,0.8332937955856323,0.8271119594573975,0.4833005964756012,0.1709545999765396,0.7090261578559875,0.30269864201545715,0.4616895914077759,0.34155428409576416,0.34155428409576416,0.7872868776321411,0.750984251499176,0.40452754497528076,0.12014424055814743,0.7024901509284973,0.2953164577484131,0.3868110179901123,0.29682111740112305,0.29682111740112305,0.7417402267456055,0.7220573425292969,0.3580613136291504,0.08043123036623001,0.6671232581138611,0.2505127489566803,0.3254203796386719,0.2609674036502838,0.2609674036502838,0.706636905670166,0.6475247740745544,0.303960382938385,0.04853799566626549,0.6697247624397278,0.2322593778371811,0.2851485013961792,0.22710658609867096,0.22710658609867096,0.6747541427612305,0.6312127113342285,0.28230616450309753,0.02211112156510353,0.6503937244415283,0.25247758626937866,0.26143142580986023,0.6406862735748291,0.38456064462661743
11:06:49,204,0.79322749376297,0.4918980002403259,0.3115205466747284,1.0,0.9033352136611938,0.7692849040031433,0.4536880552768707,3.261815071105957,1.2198187112808228,0.0002,8.004309093113989,0.38674333691596985,0.38674333691596985,0.7873669862747192,5.4306640625,0.7692849040031433,0.4536880552768707,0.6887465715408325,0.3115205466747284,3.572265625,0.4345439076423645,0.38674333691596985,0.6832929253578186,0.002166104968637228,0.0,0.9991242402313988,8.007012219168246,449.60590810412947,0.6255337595939636,0.6255337595939636,0.9434105157852173,0.9638671875,0.689453125,0.3136395812034607,0.7122593522071838,0.3796868324279785,0.685546875,0.4720936715602875,0.4720936715602875,0.8703868389129639,0.8698630332946777,0.5381604433059692,0.23269875347614288,0.6839144825935364,0.35706889629364014,0.5322896242141724,0.3904058635234833,0.3904058635234833,0.8117085695266724,0.7799606919288635,0.45284873247146606,0.17049765586853027,0.7002518773078918,0.28465887904167175,0.4332023561000824,0.35223713517189026,0.35223713517189026,0.7687382102012634,0.7327415943145752,0.4368836283683777,0.12253869324922562,0.7106325626373291,0.23144729435443878,0.40138065814971924,0.3121471405029297,0.3121471405029297,0.7313210964202881,0.7022749781608582,0.37586548924446106,0.08407559990882874,0.688732385635376,0.20658978819847107,0.3531157374382019,0.2840895652770996,0.2840895652770996,0.7049006819725037,0.6759167313575745,0.33795836567878723,0.05209901183843613,0.6466275453567505,0.19022630155086517,0.32408323884010315,0.2659735381603241,0.2659735381603241,0.677372932434082,0.6560636162757874,0.3399602472782135,0.024450642988085747,0.6651515364646912,0.17911328375339508,0.30715706944465637,0.6336478590965271,0.38674333691596985
11:06:57,205,0.6659011840820312,0.411380797624588,0.2615310251712799,1.0,0.9191467761993408,0.7879809141159058,0.49129459261894226,3.624744415283203,0.4340619444847107,0.0002,7.940284233074635,0.4379933774471283,0.4379933774471283,0.8204676508903503,5.7490234375,0.7879809141159058,0.49129459261894226,0.7311118841171265,0.2615310251712799,3.935546875,0.478938490152359,0.4379933774471283,0.6574191451072693,0.0015234870370477438,0.0,1.00724754344968,7.942436843877658,453.26139455235597,0.6769565343856812,0.6769565343856812,0.9627848863601685,0.9619140625,0.7197265625,0.3057812452316284,0.745177686214447,0.30097100138664246,0.716796875,0.5412611961364746,0.5412611961364746,0.9012688398361206,0.888454020023346,0.6076321005821228,0.23223456740379333,0.7378854751586914,0.2850036025047302,0.591976523399353,0.4636900722980499,0.4636900722980499,0.8470481634140015,0.8107843399047852,0.520588219165802,0.1731424182653427,0.7496976852416992,0.22421206533908844,0.5049019455909729,0.4019998013973236,0.4019998013973236,0.8056179285049438,0.7803921699523926,0.4627451002597809,0.12536872923374176,0.7198492288589478,0.22898942232131958,0.4470588266849518,0.3619705140590668,0.3619705140590668,0.7689501047134399,0.7162561416625977,0.4167487621307373,0.08601520210504532,0.7400274872779846,0.19799594581127167,0.3921182155609131,0.32479390501976013,0.32479390501976013,0.7419772744178772,0.6857707500457764,0.3705533742904663,0.05291499197483063,0.7089337110519409,0.24184972047805786,0.365612655878067,0.29129934310913086,0.29129934310913086,0.7128820419311523,0.6689791679382324,0.3369672894477844,0.024542884901165962,0.7051851749420166,0.22680675983428955,0.3300297260284424,0.6820679903030396,0.4379933774471283
11:07:05,206,0.9674253463745117,0.6071848273277283,0.3753491938114166,1.0,0.8838907480239868,0.756624162197113,0.4243656098842621,2.986504077911377,0.8003361821174622,0.0002,7.999922556336969,0.3544740378856659,0.3544740378856659,0.8027496337890625,5.4013671875,0.756624162197113,0.4243656098842621,0.6831573247909546,0.3753491938114166,3.349609375,0.39492499828338623,0.3544740378856659,0.7050685286521912,0.001667333533987403,0.0,0.9997148302207038,8.00228200899437,449.8716735993167,0.6286296248435974,0.6286296248435974,0.9520375728607178,0.9609375,0.6865234375,0.3296325206756592,0.7134146094322205,0.4093804955482483,0.685546875,0.4564203917980194,0.4564203917980194,0.8867239356040955,0.873776912689209,0.523483395576477,0.2386312484741211,0.6797312498092651,0.41083836555480957,0.5068492889404297,0.3745734989643097,0.3745734989643097,0.8351001739501953,0.7904015779495239,0.4495592415332794,0.16963039338588715,0.702602207660675,0.35025686025619507,0.41332027316093445,0.310408353805542,0.310408353805542,0.7896620631217957,0.729411780834198,0.3843137323856354,0.11740369349718094,0.6881720423698425,0.34188005328178406,0.35098040103912354,0.27315768599510193,0.27315768599510193,0.7508119940757751,0.6827111840248108,0.3536345660686493,0.07756298035383224,0.6834532618522644,0.28339526057243347,0.3035363554954529,0.2326372265815735,0.2326372265815735,0.7170280814170837,0.6370808482170105,0.30177515745162964,0.04617864638566971,0.673374593257904,0.2941051125526428,0.2662721872329712,0.20242607593536377,0.20242607593536377,0.6858078837394714,0.6193293929100037,0.26824456453323364,0.020960532128810883,0.6194267272949219,0.3103528618812561,0.23471400141716003,0.6249842047691345,0.3544740378856659
11:07:13,207,1.1039094924926758,0.6771906614303589,0.44419750571250916,1.0,0.8648285269737244,0.7611751556396484,0.4066629111766815,2.849482297897339,3.109828472137451,0.0002,7.9625024874694645,0.34600669145584106,0.34600669145584106,0.8224852085113525,5.439453125,0.7611751556396484,0.4066629111766815,0.678670346736908,0.44419750571250916,3.2353515625,0.3896541893482208,0.34600669145584106,0.7111132144927979,0.0015927799977362156,0.0,1.004436914374442,7.964661478996277,451.9966114684989,0.64177405834198,0.64177405834198,0.9671714305877686,0.9716796875,0.69140625,0.34022578597068787,0.7035176157951355,0.4449980556964874,0.68359375,0.47390079498291016,0.47390079498291016,0.9017511010169983,0.8866080045700073,0.5444770455360413,0.24333234131336212,0.6879823803901672,0.4730130136013031,0.5268816947937012,0.3686442971229553,0.3686442971229553,0.8529455065727234,0.7874632477760315,0.424094021320343,0.16927315294742584,0.6878109574317932,0.4137140214443207,0.41821742057800293,0.2969610393047333,0.2969610393047333,0.8117519617080688,0.7495088577270508,0.357563853263855,0.1139848381280899,0.6736566424369812,0.4751511812210083,0.33889979124069214,0.2549521327018738,0.2549521327018738,0.7747915387153625,0.674234926700592,0.3277393877506256,0.07295145094394684,0.679355800151825,0.40303710103034973,0.29220137000083923,0.2109968066215515,0.2109968066215515,0.740481436252594,0.6442021727561951,0.27155598998069763,0.04197981581091881,0.6538461446762085,0.379382461309433,0.24677899479866028,0.16864833235740662,0.16864833235740662,0.704824686050415,0.609343945980072,0.22365805506706238,0.01825268752872944,0.6443719267845154,0.43224379420280457,0.2147117257118225,0.6236544251441956,0.34600669145584106
11:07:21,208,0.8499656319618225,0.542019248008728,0.31951621174812317,1.0,0.9021663665771484,0.7700101137161255,0.45433491468429565,3.223867416381836,0.6628629565238953,0.0002,8.23903048876673,0.38891881704330444,0.38891881704330444,0.8226873874664307,5.557788848876953,0.7700101137161255,0.45433491468429565,0.7189849615097046,0.31951621174812317,3.6170854568481445,0.43378201127052307,0.38891881704330444,0.6853168606758118,0.001626481069251895,0.0,0.9707325388227052,8.241198970936239,436.8296424702173,0.6805001497268677,0.6805001497268677,0.9646751880645752,0.9668341875076294,0.7407035231590271,0.32482171058654785,0.7588357329368591,0.3242133855819702,0.733668327331543,0.5126626491546631,0.5126626491546631,0.905968189239502,0.8709677457809448,0.5846773982048035,0.23872245848178864,0.7418981194496155,0.34824132919311523,0.5725806355476379,0.41540268063545227,0.41540268063545227,0.8524648547172546,0.8068756461143494,0.4812942445278168,0.17124249041080475,0.7293233275413513,0.3090127110481262,0.463094025850296,0.3506670296192169,0.3506670296192169,0.809706449508667,0.7530364394187927,0.42408907413482666,0.11907803267240524,0.7204301357269287,0.2969927191734314,0.3957490026950836,0.2849577069282532,0.2849577069282532,0.7702771425247192,0.6873096227645874,0.3441624343395233,0.07841756194829941,0.6986706256866455,0.3010387122631073,0.32487308979034424,0.2501235008239746,0.2501235008239746,0.7414930462837219,0.6595311164855957,0.3139653503894806,0.04661720246076584,0.6707882285118103,0.2827112078666687,0.28236493468284607,0.22271141409873962,0.22271141409873962,0.7111024856567383,0.6414709091186523,0.2860061228275299,0.021100573241710663,0.6831210255622864,0.2737582325935364,0.2584269642829895,0.6607688069343567,0.38891881704330444
11:07:29,209,1.5463045835494995,1.0045015811920166,0.581865668296814,1.0,0.8274852633476257,0.697084367275238,0.3393608033657074,2.378544807434082,1.7646178007125854,0.0002,8.212724335491657,0.26593807339668274,0.26593807339668274,0.7392204403877258,4.7373046875,0.697084367275238,0.3393608033657074,0.6209531426429749,0.581865668296814,2.7265625,0.31006449460983276,0.26593807339668274,0.7681646347045898,0.001684060087427497,0.0,0.9738356866110415,8.214938218006864,438.2260589749687,0.5671789050102234,0.5671789050102234,0.9350013136863708,0.9482421875,0.6533203125,0.3674687445163727,0.6848609447479248,0.5829209089279175,0.6494140625,0.3803486227989197,0.3803486227989197,0.8383773565292358,0.837890625,0.458984375,0.24903063476085663,0.6247086524963379,0.6287857890129089,0.4453125,0.2732698619365692,0.2732698619365692,0.7728710174560547,0.7140058875083923,0.3379040062427521,0.16405168175697327,0.6131687164306641,0.5516368746757507,0.31145936250686646,0.21704308688640594,0.21704308688640594,0.7164610028266907,0.6470009684562683,0.2861357033252716,0.1049884483218193,0.6398176550865173,0.5193952322006226,0.2566371560096741,0.16302022337913513,0.16302022337913513,0.6694285869598389,0.6037364602088928,0.2379547655582428,0.06390956789255142,0.5879479050636292,0.5943024158477783,0.1986234039068222,0.1365000605583191,0.1365000605583191,0.6345322132110596,0.5748031735420227,0.2027558982372284,0.035396698862314224,0.5667808055877686,0.569794237613678,0.16141732037067413,0.1209033876657486,0.1209033876657486,0.6053428053855896,0.5507389307022095,0.19507388770580292,0.015154222957789898,0.584973156452179,0.4731784462928772,0.14384236931800842,0.5550179481506348,0.26593807339668274
11:07:37,210,1.2796003818511963,0.8093382120132446,0.4953659176826477,1.0,0.8473694324493408,0.7364559769630432,0.378385990858078,2.620823383331299,1.130615472793579,0.0002,7.980597080895677,0.30652040243148804,0.30652040243148804,0.7814109325408936,5.212890625,0.7364559769630432,0.378385990858078,0.6396551728248596,0.4953659176826477,3.0048828125,0.353555291891098,0.3065204620361328,0.7414621114730835,0.0015040459111332893,0.0,1.002153014660225,7.982812886824831,450.96885659710136,0.6287991404533386,0.6287991404533386,0.9499258399009705,0.9619140625,0.6875,0.35507678985595703,0.7055837512016296,0.45883092284202576,0.6796875,0.426777720451355,0.426777720451355,0.8778638243675232,0.8675171732902527,0.5161923170089722,0.24614901840686798,0.6708144545555115,0.5317557454109192,0.49754661321640015,0.31970250606536865,0.31970250606536865,0.8188794851303101,0.7793103456497192,0.4000000059604645,0.16597670316696167,0.6321112513542175,0.5274391174316406,0.37438422441482544,0.24323511123657227,0.24323511123657227,0.7634685039520264,0.6959525942802429,0.31490620970726013,0.10874594002962112,0.6085106134414673,0.5125969648361206,0.28430405259132385,0.20125193893909454,0.20125193893909454,0.718842089176178,0.6603960394859314,0.2683168351650238,0.0681721419095993,0.5982009172439575,0.4972691535949707,0.23960396647453308,0.16979892551898956,0.16979892551898956,0.6818820834159851,0.5970149040222168,0.2417910397052765,0.03883153572678566,0.6100000143051147,0.4628373980522156,0.20497512817382812,0.14873500168323517,0.14873500168323517,0.6541867256164551,0.5868263244628906,0.21257485449314117,0.017047857865691185,0.6071428656578064,0.40702369809150696,0.18662674725055695,0.5816617608070374,0.3065204620361328
11:07:45,211,1.114065170288086,0.7088200449943542,0.42380398511886597,1.0,0.863240659236908,0.752697229385376,0.3989070951938629,2.735779047012329,2.163647174835205,0.0002,7.90121700335294,0.3214513659477234,0.3214513659477234,0.7670220732688904,5.2841796875,0.752697229385376,0.3989070951938629,0.6630677580833435,0.42380398511886597,3.1396484375,0.36275747418403625,0.3214513659477234,0.7289995551109314,0.001712233992293477,0.0,1.0122210851742677,7.903411732055247,455.49948832842045,0.6035483479499817,0.6035483479499817,0.9442615509033203,0.9638671875,0.6826171875,0.34102869033813477,0.6889564394950867,0.4632153809070587,0.6640625,0.4349464774131775,0.4349464774131775,0.8623213768005371,0.8708415031433105,0.5264188051223755,0.24141326546669006,0.6741573214530945,0.4484446048736572,0.4902152717113495,0.33001628518104553,0.33001628518104553,0.7984989881515503,0.8049019575119019,0.4107843041419983,0.16720451414585114,0.6772229075431824,0.43150633573532104,0.3803921639919281,0.2692665159702301,0.2692665159702301,0.7480201125144958,0.7340530157089233,0.35721296072006226,0.11336878687143326,0.6604278087615967,0.3858894109725952,0.31108930706977844,0.2256188541650772,0.2256188541650772,0.7053835988044739,0.6542239785194397,0.2907662093639374,0.07375430315732956,0.6381381154060364,0.32272446155548096,0.25245580077171326,0.2065645158290863,0.2065645158290863,0.6693297624588013,0.6473477482795715,0.2779960632324219,0.043625328689813614,0.6403641700744629,0.2597658634185791,0.23575638234615326,0.17784231901168823,0.17784231901168823,0.6396263241767883,0.5915354490280151,0.24409449100494385,0.01960519142448902,0.6405990123748779,0.2781243324279785,0.2027558982372284,0.6034129858016968,0.3214513659477234
11:07:53,212,0.9150405526161194,0.568185031414032,0.3593146800994873,1.0,0.8910574316978455,0.7791552543640137,0.44428426027297974,3.022705316543579,4.064972400665283,0.0002,7.834453709656373,0.36537665128707886,0.36537665128707886,0.7938438057899475,5.528942108154297,0.7791552543640137,0.44428426027297974,0.7012025713920593,0.3593146800994873,3.5,0.4230935573577881,0.36537665128707886,0.6970311403274536,0.0016029027756303549,0.0,1.0208569238887026,7.836553598055616,459.38561574991616,0.6552546620368958,0.6552546620368958,0.9528680443763733,0.9730538725852966,0.7245509028434753,0.33122140169143677,0.746666669845581,0.3588825762271881,0.7255489230155945,0.4791891276836395,0.4791891276836395,0.8785458207130432,0.8897795677185059,0.5681362748146057,0.23979662358760834,0.704954981803894,0.4042452573776245,0.5561122298240662,0.3889875113964081,0.3889875113964081,0.8220686912536621,0.8328298330307007,0.47935548424720764,0.16974744200706482,0.714631199836731,0.34996142983436584,0.4420946538448334,0.3150193989276886,0.3150193989276886,0.778881311416626,0.7633973956108093,0.40546005964279175,0.11676639318466187,0.6913907527923584,0.34017249941825867,0.378159761428833,0.2680397629737854,0.2680397629737854,0.7375038862228394,0.698074996471405,0.3414387106895447,0.07658083736896515,0.6792452931404114,0.3247101902961731,0.3272542953491211,0.2353399395942688,0.2353399395942688,0.7053041458129883,0.665989875793457,0.31167513132095337,0.04542621597647667,0.6798780560493469,0.28002482652664185,0.2781725823879242,0.2091943323612213,0.2091943323612213,0.6775820851325989,0.6256358027458191,0.2726348042488098,0.020461048930883408,0.6650406718254089,0.3175727128982544,0.24720244109630585,0.6318392157554626,0.36537665128707886
11:08:01,213,1.0098910331726074,0.6251602172851562,0.400355726480484,1.0,0.87999027967453,0.7668444514274597,0.4289724826812744,2.947758674621582,0.8604288697242737,0.0002,8.139374902937561,0.3577171266078949,0.3577171266078949,0.8031871318817139,5.453125,0.7668444514274597,0.4289724826812744,0.6900970339775085,0.400355726480484,3.3720703125,0.4086187481880188,0.3577171266078949,0.7048271298408508,0.0015611064154654741,0.0,0.9826160233238838,8.141532205976546,442.17721049574766,0.6355261206626892,0.6355261206626892,0.9561200737953186,0.9658203125,0.703125,0.3326139748096466,0.7229524850845337,0.41584524512290955,0.6982421875,0.48024722933769226,0.48024722933769226,0.8911513686180115,0.8718199729919434,0.553816020488739,0.24049532413482666,0.7070707082748413,0.4281467795372009,0.548923671245575,0.3826190233230591,0.3826190233230591,0.8307433724403381,0.8076545596122742,0.4553483724594116,0.16987264156341553,0.6816524863243103,0.3973481357097626,0.4416094124317169,0.31347420811653137,0.31347420811653137,0.7860907912254333,0.7472959756851196,0.39429694414138794,0.11648683995008469,0.6881579160690308,0.36764228343963623,0.3608652949333191,0.2654494345188141,0.2654494345188141,0.7490661144256592,0.6899606585502625,0.3326771557331085,0.07600624859333038,0.671897292137146,0.35650935769081116,0.3051181137561798,0.22914361953735352,0.22914361953735352,0.7181005477905273,0.6637080907821655,0.2958579957485199,0.04463605210185051,0.6745913624763489,0.3183281719684601,0.2623274028301239,0.19372037053108215,0.19372037053108215,0.6886312961578369,0.6185770630836487,0.26383399963378906,0.01988883689045906,0.664536714553833,0.351371705532074,0.239130437374115,0.6267115473747253,0.3577171266078949
11:08:09,214,1.0041908025741577,0.647895097732544,0.37367910146713257,1.0,0.8841498494148254,0.7241910696029663,0.39669421315193176,2.8794238567352295,2.12571382522583,0.0002,7.880996762076393,0.32815903425216675,0.32815903425216675,0.7552214860916138,5.0859375,0.7241910696029663,0.39669421315193176,0.6814313530921936,0.37367910146713257,3.24609375,0.3783442974090576,0.32815903425216675,0.7224957942962646,0.00172279286198318,0.0,1.014797231182146,7.88334827311337,456.6587540319657,0.586791455745697,0.586791455745697,0.9359145164489746,0.9541015625,0.6572265625,0.32989218831062317,0.6827021241188049,0.44754406809806824,0.6513671875,0.42262837290763855,0.42262837290763855,0.8571652173995972,0.8414872884750366,0.4931506812572479,0.23714686930179596,0.6790697574615479,0.4102674126625061,0.4843444228172302,0.3325953185558319,0.3325953185558319,0.7895563244819641,0.759059727191925,0.39960822463035583,0.16818095743656158,0.681290328502655,0.3579064607620239,0.3956905007362366,0.2837407886981964,0.2837407886981964,0.7298763990402222,0.6957801580429077,0.35623160004615784,0.11713871359825134,0.6897038221359253,0.2810649871826172,0.336604505777359,0.2474496215581894,0.2474496215581894,0.6881956458091736,0.6506378650665283,0.31599608063697815,0.07826276868581772,0.6757164597511292,0.24547122418880463,0.28851816058158875,0.21701310575008392,0.21701310575008392,0.6549829840660095,0.6060903668403625,0.29371315240859985,0.04740466549992561,0.67423015832901,0.23477643728256226,0.2455795705318451,0.20486636459827423,0.20486636459827423,0.6291354894638062,0.5600393414497375,0.25885826349258423,0.02197383902966976,0.6871704459190369,0.17951780557632446,0.24409449100494385,0.6161817312240601,0.32815903425216675
11:08:17,215,1.0958176851272583,0.6904377341270447,0.42491310834884644,1.0,0.8728333115577698,0.7431901097297668,0.40592530369758606,2.8520455360412598,2.2641727924346924,0.0002,7.866139886900783,0.3427946865558624,0.3427946865558624,0.8125836849212646,5.265625,0.7431901097297668,0.40592530369758606,0.6788210868835449,0.42491310834884644,3.228515625,0.3820556104183197,0.3427946865558624,0.7138615846633911,0.0016521492507308722,0.0,1.016708841951503,7.868526041973382,457.5189788781763,0.6197099685668945,0.6197099685668945,0.9505281448364258,0.951171875,0.673828125,0.3365626037120819,0.7053388357162476,0.4525667726993561,0.6708984375,0.4557921588420868,0.4557921588420868,0.8873300552368164,0.8512719869613647,0.5185909867286682,0.2411361038684845,0.6712643504142761,0.4704928398132324,0.5019569396972656,0.3641503155231476,0.3641503155231476,0.8372671604156494,0.7696078419685364,0.4323529303073883,0.16896115243434906,0.6904458403587341,0.42017704248428345,0.39901959896087646,0.2993096709251404,0.2993096709251404,0.8006511330604553,0.737463116645813,0.3647984266281128,0.11513013392686844,0.6786666512489319,0.3749769926071167,0.33529990911483765,0.25076058506965637,0.25076058506965637,0.7678818702697754,0.6541872024536133,0.3103448152542114,0.07481023669242859,0.6882529854774475,0.30768799781799316,0.28768473863601685,0.21575593948364258,0.21575593948364258,0.7345751523971558,0.6416584253311157,0.27936822175979614,0.0438644178211689,0.6476923227310181,0.3481897711753845,0.25172755122184753,0.18997755646705627,0.18997755646705627,0.7074478268623352,0.5934718251228333,0.25816023349761963,0.01953531615436077,0.6549999713897705,0.2994256913661957,0.2235410511493683,0.6230679750442505,0.3427946865558624
11:08:25,216,1.1876665353775024,0.7615323066711426,0.4496254622936249,1.0,0.8634858727455139,0.7265833616256714,0.38547956943511963,2.7073075771331787,0.6537083387374878,0.0002,7.918700785143301,0.31772011518478394,0.31772011518478394,0.7901168465614319,5.05859375,0.7265833616256714,0.38547956943511963,0.6511403322219849,0.4496254622936249,3.080078125,0.3652576804161072,0.31772011518478394,0.7319473028182983,0.0017187241464853287,0.0,1.0099830504520808,7.920925006037578,454.4923727034364,0.5935922265052795,0.5935922265052795,0.9449881315231323,0.9423828125,0.6533203125,0.3407558798789978,0.6974093317985535,0.47498565912246704,0.6572265625,0.40926897525787354,0.40926897525787354,0.8657968640327454,0.8473581075668335,0.4804305136203766,0.2401922196149826,0.6478059887886047,0.5193958878517151,0.46868884563446045,0.3171166479587555,0.3171166479587555,0.81716388463974,0.7549019455909729,0.37843137979507446,0.1665738970041275,0.6363636255264282,0.4491826295852661,0.364705890417099,0.27099987864494324,0.27099987864494324,0.7726881504058838,0.7072691321372986,0.3506876230239868,0.1135004535317421,0.6486111283302307,0.3783174753189087,0.32220038771629333,0.22778743505477905,0.22778743505477905,0.7359495162963867,0.6429980397224426,0.2909270226955414,0.07431164383888245,0.6288343667984009,0.344768226146698,0.27218934893608093,0.21090419590473175,0.21090419590473175,0.7082016468048096,0.6096838116645813,0.27766796946525574,0.04435940086841583,0.6434359550476074,0.2955600917339325,0.25197628140449524,0.19052939116954803,0.19052939116954803,0.6833364367485046,0.5776458978652954,0.2631058394908905,0.020306462422013283,0.6352739930152893,0.2749720513820648,0.21562808752059937,0.5880633592605591,0.31772011518478394
11:08:33,217,1.4034128189086914,0.8934469819068909,0.5405424237251282,1.0,0.8375487327575684,0.7133445739746094,0.35828426480293274,2.464306116104126,0.8333448767662048,0.0002,7.872990402160212,0.28124314546585083,0.28124314546585083,0.7688513398170471,4.994140625,0.7133445739746094,0.35828426480293274,0.6331302523612976,0.5405424237251282,2.869140625,0.3294084668159485,0.28124314546585083,0.7559438943862915,0.001854234840720892,0.0,1.0157955391080469,7.875600642058998,457.1079925986211,0.5693644285202026,0.5693644285202026,0.9491221904754639,0.9599609375,0.6494140625,0.35854944586753845,0.6622583866119385,0.5752207636833191,0.6357421875,0.3908271789550781,0.3908271789550781,0.8748626112937927,0.8533724546432495,0.467253178358078,0.2462504357099533,0.6426116824150085,0.6047520041465759,0.4525904059410095,0.29837486147880554,0.29837486147880554,0.8062520623207092,0.7676470875740051,0.3901960849761963,0.16517655551433563,0.6730523705482483,0.4866578280925751,0.36176469922065735,0.22990071773529053,0.22990071773529053,0.7501710653305054,0.6692836284637451,0.3140333592891693,0.10783577710390091,0.6275659799575806,0.4778384566307068,0.27477920055389404,0.18575391173362732,0.18575391173362732,0.7053545117378235,0.6116027235984802,0.2586037218570709,0.06732559204101562,0.6141479015350342,0.43406015634536743,0.22517207264900208,0.15710268914699554,0.15710268914699554,0.6644517779350281,0.587598443031311,0.23228345811367035,0.038221798837184906,0.5829145908355713,0.4238976538181305,0.19389763474464417,0.1343882530927658,0.1343882530927658,0.6294285655021667,0.5408867001533508,0.19310344755649567,0.016640424728393555,0.5919854044914246,0.3746342360973358,0.158620685338974,0.5600537061691284,0.28124314546585083
11:08:41,218,0.9105760455131531,0.5790998339653015,0.3447582423686981,1.0,0.8917226791381836,0.7566278576850891,0.43316033482551575,3.1050662994384766,1.1941502094268799,0.0002,8.065945292823017,0.3701300323009491,0.3701300323009491,0.8021299839019775,5.326171875,0.7566278576850891,0.43316033482551575,0.6915090680122375,0.3447582423686981,3.4033203125,0.40538644790649414,0.3701300621032715,0.700909435749054,0.0016699000261723995,0.0,0.9915425240077305,8.068236920051277,446.1941358034787,0.6209757328033447,0.6209757328033447,0.9565707445144653,0.958984375,0.6748046875,0.3208024203777313,0.6965376734733582,0.4149768054485321,0.66796875,0.4647650420665741,0.4647650420665741,0.8875269293785095,0.8561643958091736,0.5362035036087036,0.23532474040985107,0.7062857151031494,0.37586134672164917,0.5136986374855042,0.3834149241447449,0.3834149241447449,0.8337317705154419,0.7923604249954224,0.4495592415332794,0.1700701266527176,0.6786155700683594,0.32359418272972107,0.42605289816856384,0.3313785493373871,0.3313785493373871,0.7887485027313232,0.7264705896377563,0.39901959896087646,0.12019942700862885,0.689608633518219,0.27708926796913147,0.364705890417099,0.29414868354797363,0.29414868354797363,0.747902512550354,0.692232072353363,0.3657817244529724,0.0812017023563385,0.6846590638160706,0.2198866456747055,0.3284169137477875,0.26302656531333923,0.26302656531333923,0.712594747543335,0.6495558023452759,0.32576504349708557,0.04949032515287399,0.7036474347114563,0.2127714306116104,0.28035539388656616,0.2299605756998062,0.2299605756998062,0.6853412389755249,0.6175889372825623,0.27766796946525574,0.022911250591278076,0.676800012588501,0.2403266429901123,0.25296443700790405,0.6375157237052917,0.3701300621032715
11:08:49,219,0.8470859527587891,0.5249963998794556,0.33285006880760193,1.0,0.8949299454689026,0.7980011105537415,0.4566441476345062,3.2041845321655273,0.6092103719711304,0.0002,8.124812840716913,0.3989022374153137,0.3989022374153137,0.838309645652771,5.712890625,0.7980011105537415,0.4566441476345062,0.7138825058937073,0.33285006880760193,3.60546875,0.4397522509098053,0.3989022374153137,0.6749839186668396,0.001737518934533,0.0,0.9843605239198261,8.127103643026203,442.96223576392174,0.6761130094528198,0.6761130094528198,0.9634501338005066,0.9658203125,0.73046875,0.3246193826198578,0.7371081709861755,0.3476199805736542,0.7119140625,0.5212458372116089,0.5212458372116089,0.9101026654243469,0.8930323719978333,0.5819430947303772,0.2391074150800705,0.7263736128807068,0.33649110794067383,0.5613346695899963,0.4335949718952179,0.4335949718952179,0.8669060468673706,0.8251473307609558,0.4950883984565735,0.1717849224805832,0.7333333492279053,0.31235259771347046,0.4744597375392914,0.35387539863586426,0.35387539863586426,0.830297589302063,0.7763546705245972,0.4128078818321228,0.11916056275367737,0.7131979465484619,0.3392180800437927,0.3970443308353424,0.30397188663482666,0.30397188663482666,0.7969398498535156,0.7433366179466248,0.35636723041534424,0.0783388540148735,0.6892430186271667,0.2929894030094147,0.34846988320350647,0.26656201481819153,0.26656201481819153,0.7633996605873108,0.708622395992279,0.32210108637809753,0.046282730996608734,0.6951048970222473,0.3303048312664032,0.30525273084640503,0.23145554959774017,0.23145554959774017,0.7341463565826416,0.6699801087379456,0.2922465205192566,0.02070622704923153,0.6869435906410217,0.339580774307251,0.27435389161109924,0.6663073301315308,0.3989022374153137
11:08:57,220,1.2197043895721436,0.774727463722229,0.46756914258003235,1.0,0.8589956164360046,0.7383663654327393,0.3752284646034241,2.628732204437256,1.3227565288543701,0.0002,7.9152176824864,0.2995740473270416,0.2995740473270416,0.7634678483009338,5.17578125,0.7383663654327393,0.3752284646034241,0.654798150062561,0.46756914258003235,3.0751953125,0.36201322078704834,0.2995740473270416,0.7432475090026855,0.0016433910932391882,0.0,1.010422004220438,7.917483948869631,454.6899018991971,0.5985148549079895,0.5985148549079895,0.9539034366607666,0.9580078125,0.6708984375,0.3494531512260437,0.7013251781463623,0.48370152711868286,0.671875,0.4087235629558563,0.4087235629558563,0.8701640367507935,0.8666666746139526,0.49803921580314636,0.24335059523582458,0.6708144545555115,0.5104258060455322,0.4960784316062927,0.3032952845096588,0.3032952845096588,0.7984226942062378,0.791952908039093,0.38469088077545166,0.1658989042043686,0.6493184566497803,0.4850994646549225,0.3817467987537384,0.25098156929016113,0.25098156929016113,0.7416188716888428,0.7044335007667542,0.33201971650123596,0.11069853603839874,0.6741258502006531,0.3803219497203827,0.32413792610168457,0.2024783194065094,0.2024783194065094,0.6947405934333801,0.6712734699249268,0.2734452188014984,0.07085465639829636,0.6147058606147766,0.43297886848449707,0.2556762099266052,0.17620231211185455,0.17620231211185455,0.6568135023117065,0.5928853750228882,0.239130437374115,0.04131661355495453,0.6233333349227905,0.33981502056121826,0.21245059370994568,0.15233774483203888,0.15233774483203888,0.6251277327537537,0.5792078971862793,0.2237623780965805,0.018427496775984764,0.6153846383094788,0.32955941557884216,0.1871287077665329,0.5852565169334412,0.2995740473270416
11:09:05,221,0.7630374431610107,0.46013298630714417,0.3112512230873108,1.0,0.9041619300842285,0.7947096228599548,0.459315687417984,3.3532121181488037,0.5831507444381714,0.0002,8.027113439049572,0.40235090255737305,0.40235090255737305,0.8265724182128906,5.763236999511719,0.7947096228599548,0.459315687417984,0.6995296478271484,0.3112512230873108,3.726273775100708,0.4453709125518799,0.40235093235969543,0.6734503507614136,0.0017370088025927544,0.0,0.9963370808007095,8.029411084018648,448.35168636031926,0.6570515036582947,0.6570515036582947,0.9613683819770813,0.9640359878540039,0.7052947282791138,0.31499603390693665,0.7233160734176636,0.35162389278411865,0.6973026990890503,0.5211801528930664,0.5211801528930664,0.9054028987884521,0.913827657699585,0.5891783833503723,0.23484157025814056,0.7258771657943726,0.3331987261772156,0.5731462836265564,0.4228980541229248,0.4228980541229248,0.8561602830886841,0.8423694968223572,0.4889558255672455,0.17149265110492706,0.6948748230934143,0.3099156618118286,0.4859437644481659,0.3583809435367584,0.3583809435367584,0.8164929151535034,0.7776659727096558,0.4225352108478546,0.12195730954408646,0.6985769867897034,0.2790971100330353,0.4054325819015503,0.31529155373573303,0.31529155373573303,0.7785786986351013,0.7255297899246216,0.37235116958618164,0.08266329020261765,0.6981919407844543,0.2345067709684372,0.3582240045070648,0.28461748361587524,0.28461748361587524,0.7471045851707458,0.6966633200645447,0.33468151092529297,0.05059026554226875,0.6748911738395691,0.2000649869441986,0.3154701590538025,0.25281575322151184,0.25281575322151184,0.718265950679779,0.6393110156059265,0.2978723347187042,0.02345884218811989,0.660855770111084,0.21249160170555115,0.2776089012622833,0.6495442390441895,0.40235093235969543
11:09:13,222,0.8738926649093628,0.5339338183403015,0.3515133857727051,1.0,0.891406774520874,0.7770915031433105,0.44820326566696167,3.1565804481506348,0.6484367251396179,0.0002,8.113454749342054,0.38347962498664856,0.38347962498664856,0.8137105703353882,5.6015625,0.7770915031433105,0.44820326566696167,0.7001445293426514,0.3515133857727051,3.5615234375,0.4289724826812744,0.38347962498664856,0.6852310299873352,0.0018657061737030745,0.0,0.9857158725137639,8.115928963990882,443.57214263119374,0.6612112522125244,0.6612112522125244,0.9632534980773926,0.9736328125,0.7177734375,0.3247859477996826,0.7362086176872253,0.3774976432323456,0.716796875,0.5065974593162537,0.5065974593162537,0.9026126861572266,0.8876953125,0.58203125,0.2384427785873413,0.7150714993476868,0.36085984110832214,0.5654296875,0.40401333570480347,0.40401333570480347,0.849435567855835,0.8168462514877319,0.4730656147003174,0.17081290483474731,0.6870503425598145,0.3506990075111389,0.4407443702220917,0.3347468972206116,0.3347468972206116,0.7982405424118042,0.7450980544090271,0.39313724637031555,0.11901974678039551,0.7039473652839661,0.3214043080806732,0.37745097279548645,0.2980543076992035,0.2980543076992035,0.7574082612991333,0.7207472920417786,0.38053098320961,0.07889506965875626,0.7094133496284485,0.2826871871948242,0.3490658700466156,0.2577522099018097,0.2577522099018097,0.7252421379089355,0.6607319712638855,0.320474773645401,0.04693242162466049,0.6781437397003174,0.3060910999774933,0.29080119729042053,0.21690630912780762,0.21690630912780762,0.6963692903518677,0.6305859088897705,0.2651439905166626,0.02111111767590046,0.6472440958023071,0.3602045476436615,0.25719961524009705,0.6514936089515686,0.38347962498664856
11:09:21,223,1.2359539270401,0.8089337348937988,0.4536270201206207,1.0,0.8605015873908997,0.6987951993942261,0.3691510260105133,2.649942398071289,1.8213087320327759,0.0002,8.010262913070619,0.29681336879730225,0.29681336879730225,0.75710129737854,4.873046875,0.6987951993942261,0.3691510260105133,0.652967095375061,0.4536270201206207,2.994140625,0.3481367230415344,0.29681336879730225,0.744371771812439,0.0016431882977485657,0.0,0.9984088215078251,8.012749715009704,449.28396967852126,0.5903725624084473,0.5903725624084473,0.9474815130233765,0.9443359375,0.6455078125,0.34725478291511536,0.683557391166687,0.48595741391181946,0.6455078125,0.40977510809898376,0.40977510809898376,0.8626326322555542,0.8357771039009094,0.4858260154724121,0.2427520453929901,0.6514619588851929,0.5228404998779297,0.46236559748649597,0.3041837811470032,0.3041837811470032,0.7954659461975098,0.732876718044281,0.37181997299194336,0.16617955267429352,0.662216305732727,0.4305041432380676,0.36007827520370483,0.23671826720237732,0.23671826720237732,0.7368547320365906,0.6715686321258545,0.3225490152835846,0.11117234081029892,0.6481751799583435,0.39003920555114746,0.29411765933036804,0.20246507227420807,0.20246507227420807,0.6899199485778809,0.6047197580337524,0.28318583965301514,0.07165379822254181,0.6536585092544556,0.32186681032180786,0.25368732213974,0.17483600974082947,0.17483600974082947,0.6493064165115356,0.5688976645469666,0.2529527544975281,0.04207068309187889,0.6141868233680725,0.3140677809715271,0.22342519462108612,0.15653905272483826,0.15653905272483826,0.6157408356666565,0.5305117964744568,0.21948818862438202,0.018916768953204155,0.6345083713531494,0.28063079714775085,0.1948818862438202,0.588001012802124,0.29681336879730225
11:09:29,224,0.8265212774276733,0.5098389983177185,0.3265868127346039,1.0,0.9010121822357178,0.7971259355545044,0.47548604011535645,3.2899529933929443,0.5918881297111511,0.0002,7.989125780295581,0.4107726216316223,0.4107726216316223,0.8455321192741394,5.78125,0.7971259355545044,0.47548604011535645,0.7180982828140259,0.3265868127346039,3.7529296875,0.4585798680782318,0.4107726216316223,0.6692983508110046,0.0015388252213597298,0.0,1.0010786897017334,7.991379780927673,450.48541036578,0.7083871960639954,0.7083871960639954,0.9716626405715942,0.9677734375,0.7568359375,0.32456785440444946,0.776992917060852,0.3053828179836273,0.7529296875,0.5470030307769775,0.5470030307769775,0.9253200888633728,0.9089128375053406,0.6033300757408142,0.24010279774665833,0.7295258641242981,0.3585824966430664,0.5925562977790833,0.4542927145957947,0.4542927145957947,0.881625235080719,0.8367748260498047,0.525073766708374,0.17258138954639435,0.7520564198493958,0.30534306168556213,0.5181907415390015,0.37714266777038574,0.37714266777038574,0.8407062292098999,0.7620927691459656,0.44817373156547546,0.1194162517786026,0.7461140155792236,0.3090255558490753,0.4313918948173523,0.3115379810333252,0.3115379810333252,0.802090048789978,0.7455445528030396,0.3910891115665436,0.07779402285814285,0.6932271122932434,0.3509611189365387,0.37128713726997375,0.2559031546115875,0.2559031546115875,0.7634397149085999,0.6961271166801453,0.31479641795158386,0.045448027551174164,0.671897292137146,0.32905060052871704,0.2909632623195648,0.21409189701080322,0.21409189701080322,0.730327844619751,0.6580516695976257,0.28230616450309753,0.02008969895541668,0.6148036122322083,0.4814615547657013,0.24552683532238007,0.6650769710540771,0.4107726216316223
11:09:37,225,0.7572652101516724,0.48000454902648926,0.28685298562049866,1.0,0.9154876470565796,0.7634802460670471,0.4644516408443451,3.4733824729919434,2.009417772293091,0.0002,8.018876856658608,0.4135782718658447,0.4135782718658447,0.8150987029075623,5.568359375,0.7634802460670471,0.4644516408443451,0.7219251394271851,0.28685298562049866,3.8134765625,0.454174280166626,0.4135782718658447,0.6717287302017212,0.0016202367842197418,0.0,0.9973815644585645,8.021002477966249,448.821704006354,0.681553065776825,0.681553065776825,0.9632574319839478,0.9541015625,0.7265625,0.3128880262374878,0.7553735971450806,0.315267413854599,0.720703125,0.5234895944595337,0.5234895944595337,0.8991883993148804,0.858961820602417,0.5621939301490784,0.23434342443943024,0.7331812977790833,0.30488505959510803,0.5670911073684692,0.4350111484527588,0.4350111484527588,0.8497542142868042,0.7876105904579163,0.49754178524017334,0.17204879224300385,0.7440699338912964,0.2742120921611786,0.4847590923309326,0.3691173791885376,0.3691173791885376,0.806850016117096,0.7497537136077881,0.42266011238098145,0.12284534424543381,0.717477023601532,0.2577774226665497,0.411822646856308,0.3267148733139038,0.3267148733139038,0.7629557251930237,0.6976284384727478,0.37845849990844727,0.08338650315999985,0.7124645709991455,0.23530131578445435,0.37252965569496155,0.29010435938835144,0.29010435938835144,0.7246295213699341,0.6630327105522156,0.34390485286712646,0.05090560019016266,0.6890881657600403,0.24505536258220673,0.3290386497974396,0.26352420449256897,0.26352420449256897,0.6953069567680359,0.6288557052612305,0.31442785263061523,0.02358231507241726,0.6772152185440063,0.23186121881008148,0.28756219148635864,0.674044132232666,0.4135782718658447
11:09:45,226,0.9922038316726685,0.619015634059906,0.387554407119751,1.0,0.8775309920310974,0.7718139886856079,0.41365742683410645,2.9428725242614746,1.0496711730957031,0.0002,8.062939601950347,0.35266581177711487,0.35266581177711487,0.80519038438797,5.4521484375,0.7718139886856079,0.41365742683410645,0.6730384230613708,0.387554407119751,3.3486328125,0.39693692326545715,0.35266581177711487,0.7104772329330444,0.0016920564230531454,0.0,0.9919102263010243,8.065246015088633,446.3596018354609,0.6225480437278748,0.6225480437278748,0.9599266052246094,0.9609375,0.67578125,0.33159735798835754,0.6941056847572327,0.41907069087028503,0.6669921875,0.4589378237724304,0.4589378237724304,0.893345296382904,0.8665358424186707,0.5201177597045898,0.23981711268424988,0.6964892148971558,0.39250048995018005,0.5260058641433716,0.3764362335205078,0.3764362335205078,0.8409703969955444,0.7966601252555847,0.4459725022315979,0.1701185256242752,0.6905055642127991,0.35375791788101196,0.42337918281555176,0.3200526535511017,0.3200526535511017,0.7948758006095886,0.7612966895103455,0.3801571726799011,0.11715643107891083,0.6632258296012878,0.3720012605190277,0.36051079630851746,0.2633889615535736,0.2633889615535736,0.7515566945075989,0.7073891758918762,0.33201971650123596,0.07640529423952103,0.6754874587059021,0.37109118700027466,0.2985221743583679,0.22659200429916382,0.22659200429916382,0.7112334966659546,0.6594274640083313,0.2862783670425415,0.04488586261868477,0.6556886434555054,0.33174601197242737,0.2645606994628906,0.19690358638763428,0.19690358638763428,0.6818366050720215,0.6475247740745544,0.251485139131546,0.020019497722387314,0.6146789193153381,0.35198119282722473,0.23465345799922943,0.6135571599006653,0.35266581177711487
11:09:53,227,1.1263818740844727,0.7259238958358765,0.4215807020664215,1.0,0.8698233962059021,0.7302299737930298,0.38600674271583557,2.780296802520752,1.19147527217865,0.0002,7.947805776959285,0.3209841251373291,0.3209841251373291,0.7700522541999817,5.0556640625,0.7302299737930298,0.38600674271583557,0.6582181453704834,0.4215807020664215,3.1171875,0.3652551770210266,0.3209841251373291,0.7296581864356995,0.0016808880027383566,0.0,1.0062807408682324,7.950067684985697,452.8263333907045,0.6057262420654297,0.6057262420654297,0.9479390382766724,0.9501953125,0.6640625,0.33858004212379456,0.6957862377166748,0.45821553468704224,0.6611328125,0.41952428221702576,0.41952428221702576,0.8705556988716125,0.8385518789291382,0.49608609080314636,0.24034591019153595,0.6802800297737122,0.48534873127937317,0.4833659529685974,0.33924710750579834,0.33924710750579834,0.8074314594268799,0.7647058963775635,0.41372549533843994,0.16785727441310883,0.6666666865348816,0.3879736661911011,0.3921568691730499,0.27889057993888855,0.27889057993888855,0.7512912750244141,0.6997056007385254,0.3405299186706543,0.1145346388220787,0.6465638279914856,0.35042402148246765,0.32090285420417786,0.22811180353164673,0.22811180353164673,0.7049039006233215,0.6512770056724548,0.2838899791240692,0.07466430962085724,0.6349924802780151,0.31327950954437256,0.2662082612514496,0.19677801430225372,0.19677801430225372,0.6687308549880981,0.5970443487167358,0.2630541920661926,0.04408996179699898,0.6452144980430603,0.3364048898220062,0.222660094499588,0.1756139099597931,0.1756139099597931,0.6371947526931763,0.6074950695037842,0.2376725822687149,0.019927872344851494,0.6087662577629089,0.26136845350265503,0.20710058510303497,0.6052182912826538,0.3209841251373291
11:10:01,228,1.194700002670288,0.7758086919784546,0.44218260049819946,1.0,0.8606708645820618,0.7143258452415466,0.3651685416698456,2.664703130722046,1.761945128440857,0.0002,8.152051677927375,0.3010651469230652,0.3010651469230652,0.743973433971405,5.013671875,0.7143258452415466,0.3651685416698456,0.6531655788421631,0.44218260049819946,3.025390625,0.3507022559642792,0.3010651469230652,0.7421226501464844,0.0016419081948697567,0.0,0.9810667237895041,8.15438930504024,441.4800257052769,0.5891650915145874,0.5891650915145874,0.942034125328064,0.94921875,0.650390625,0.3454604744911194,0.6738682985305786,0.4752272963523865,0.6396484375,0.4120856523513794,0.4120856523513794,0.8556411862373352,0.8493150472640991,0.4902152717113495,0.24214033782482147,0.6705068945884705,0.4755392074584961,0.4755381643772125,0.30322349071502686,0.30322349071502686,0.7822553515434265,0.76106196641922,0.3765978515148163,0.16606520116329193,0.6382429003715515,0.4670987129211426,0.34808260202407837,0.24901117384433746,0.24901117384433746,0.719222366809845,0.6850393414497375,0.3159448802471161,0.1118767112493515,0.6637930870056152,0.39324820041656494,0.3080708682537079,0.20569553971290588,0.20569553971290588,0.6705970764160156,0.6246305704116821,0.2620689570903778,0.0724225789308548,0.6498422622680664,0.3157992660999298,0.2581280767917633,0.1845538169145584,0.1845538169145584,0.6331481337547302,0.5690335035324097,0.2376725822687149,0.04274466633796692,0.6395147442817688,0.28444817662239075,0.2287968397140503,0.1599159687757492,0.1599159687757492,0.6018090844154358,0.5583003759384155,0.2193675935268402,0.019290020689368248,0.6159291863441467,0.2662365436553955,0.1926877498626709,0.5948916077613831,0.3010651469230652
11:10:09,229,1.053375244140625,0.6597954630851746,0.4103561341762543,1.0,0.875055193901062,0.7472635507583618,0.40387314558029175,2.822111129760742,2.4655847549438477,0.0002,7.939029217930511,0.32753369212150574,0.32753369212150574,0.7661525011062622,5.306640625,0.7472635507583618,0.40387314558029175,0.6640375852584839,0.4103561341762543,3.2783203125,0.38605108857154846,0.32753366231918335,0.7232353687286377,0.0016194430645555258,0.0,1.0073896639335076,7.941316341049969,453.3253487700784,0.605618417263031,0.605618417263031,0.944843053817749,0.9658203125,0.681640625,0.336577445268631,0.7027300596237183,0.45223748683929443,0.6787109375,0.44585391879081726,0.44585391879081726,0.8701227903366089,0.8806262016296387,0.5283757448196411,0.24024176597595215,0.6844444274902344,0.44560107588768005,0.5215263962745667,0.33412566781044006,0.33412566781044006,0.8013972640037537,0.7874632477760315,0.41821742057800293,0.16786623001098633,0.6442785859107971,0.4122045338153839,0.3956905007362366,0.27447572350502014,0.27447572350502014,0.7475621700286865,0.7183513045310974,0.35230618715286255,0.11477244645357132,0.6653005480766296,0.3618532419204712,0.3326790928840637,0.23826223611831665,0.23826223611831665,0.7022410035133362,0.664370059967041,0.31791338324546814,0.07531712204217911,0.6503703594207764,0.2920365631580353,0.2854330837726593,0.20861098170280457,0.20861098170280457,0.6648871302604675,0.6219151020050049,0.2764067053794861,0.04485805705189705,0.6285714507102966,0.286063015460968,0.25765055418014526,0.18195709586143494,0.18195709586143494,0.6288999915122986,0.58852618932724,0.24826903641223907,0.02036680467426777,0.6470588445663452,0.21827515959739685,0.22650840878486633,0.5985697507858276,0.32753366231918335
11:10:17,230,1.0286873579025269,0.644209623336792,0.40022748708724976,1.0,0.8739019632339478,0.7611559629440308,0.4084147810935974,2.8328866958618164,2.4045040607452393,0.0002,7.91403804672882,0.335644394159317,0.335644394159317,0.7727419137954712,5.365157604217529,0.7611559629440308,0.4084147810935974,0.6696445345878601,0.40022748708724976,3.263779640197754,0.3908485472202301,0.335644394159317,0.718004047870636,0.0015740711241960526,0.0,1.010585846940469,7.916200315114111,454.763631123211,0.6079651713371277,0.6079651713371277,0.9438605308532715,0.9694882035255432,0.6712598204612732,0.33503589034080505,0.6964467167854309,0.446967750787735,0.6751968264579773,0.4360000491142273,0.4360000491142273,0.8685246109962463,0.8746297955513,0.5054294466972351,0.2398580014705658,0.6726862192153931,0.43279898166656494,0.5034551024436951,0.3595951795578003,0.3595951795578003,0.8138939142227173,0.7912957668304443,0.4302670657634735,0.1687290221452713,0.6862499713897705,0.38365885615348816,0.4174084961414337,0.293474942445755,0.293474942445755,0.7609877586364746,0.738095223903656,0.3740079402923584,0.11569666862487793,0.6787634491920471,0.3368527889251709,0.3541666567325592,0.2529168128967285,0.2529168128967285,0.7121036648750305,0.6805970072746277,0.3293532431125641,0.07576774060726166,0.6666666865348816,0.2843550741672516,0.29651740193367004,0.2143745869398117,0.2143745869398117,0.6708310842514038,0.6583665609359741,0.29880478978157043,0.04478050023317337,0.6490166187286377,0.30820247530937195,0.2649402320384979,0.18080469965934753,0.18080469965934753,0.6356348991394043,0.6117764711380005,0.24550898373126984,0.020132148638367653,0.6150081753730774,0.32675060629844666,0.2195608764886856,0.6105877757072449,0.335644394159317
11:10:25,231,0.6924806237220764,0.4232463836669922,0.2763044834136963,1.0,0.9141576290130615,0.7982566952705383,0.4895262122154236,3.4945425987243652,1.5500370264053345,0.0002,7.888315381947905,0.42474570870399475,0.42474570870399475,0.815930187702179,5.7646484375,0.7982566952705383,0.4895262122154236,0.7240225672721863,0.2763044834136963,3.927734375,0.47448334097862244,0.42474570870399475,0.6584575176239014,0.0016999992076307535,0.0,1.0138535141843246,7.890686265891418,456.2340813829461,0.6711071133613586,0.6711071133613586,0.9521503448486328,0.974609375,0.73828125,0.3105980455875397,0.7505009770393372,0.31586822867393494,0.7314453125,0.535591185092926,0.535591185092926,0.897193193435669,0.8953033089637756,0.5988258123397827,0.23402050137519836,0.7322404384613037,0.2764173746109009,0.587084174156189,0.4549933075904846,0.4549933075904846,0.8473192453384399,0.8429833054542542,0.5309126377105713,0.17268189787864685,0.7287543416023254,0.2617838680744171,0.5044161081314087,0.38400891423225403,0.38400891423225403,0.8075900077819824,0.7716535329818726,0.4419291317462921,0.12363976985216141,0.7321428656578064,0.24982552230358124,0.43503937125205994,0.3429073691368103,0.3429073691368103,0.766028881072998,0.7245804667472839,0.40769991278648376,0.08402347564697266,0.7125340700149536,0.23221176862716675,0.38795655965805054,0.3037809133529663,0.3037809133529663,0.7327210307121277,0.7039604187011719,0.36237624287605286,0.05125345662236214,0.7116736769676208,0.22517946362495422,0.35445544123649597,0.2761678397655487,0.2761678397655487,0.7054635286331177,0.670961320400238,0.34192270040512085,0.023782748728990555,0.6838995814323425,0.25111326575279236,0.3161545991897583,0.6752001047134399,0.42474570870399475
11:10:33,232,1.1466996669769287,0.7348027229309082,0.43208175897598267,1.0,0.8725445866584778,0.7376722693443298,0.39525267481803894,2.7137134075164795,3.031316041946411,0.0002,8.158075858838856,0.3174598813056946,0.3174598813056946,0.7628372311592102,5.152542591094971,0.7376722693443298,0.39525267481803894,0.6763545870780945,0.43208175897598267,3.22139835357666,0.3828483819961548,0.3174598813056946,0.7311821579933167,0.0018909750506281853,0.0,0.980312125439011,8.160666171927005,441.140456447555,0.6054975390434265,0.6054975390434265,0.9411883354187012,0.9661017060279846,0.680084764957428,0.3457673490047455,0.7149122953414917,0.45432132482528687,0.6906779408454895,0.44368189573287964,0.44368189573287964,0.865852415561676,0.8680850863456726,0.5308510661125183,0.24394327402114868,0.6924019455909729,0.4522727131843567,0.528723418712616,0.3371899127960205,0.3371899127960205,0.7944139242172241,0.7652081251144409,0.4194236993789673,0.16784286499023438,0.6750348806381226,0.4219220280647278,0.4012806713581085,0.26858270168304443,0.26858270168304443,0.7465832233428955,0.7127545475959778,0.3536977469921112,0.11216046661138535,0.6631578803062439,0.3983928859233856,0.3322615325450897,0.2179182469844818,0.2179182469844818,0.6997957229614258,0.638320803642273,0.28202366828918457,0.07142613083124161,0.6441821455955505,0.37460699677467346,0.266953706741333,0.1837027668952942,0.1837027668952942,0.6598996520042419,0.6177105903625488,0.2602591812610626,0.04099558666348457,0.6695803999900818,0.36631304025650024,0.24190065264701843,0.15773379802703857,0.15773379802703857,0.6263172030448914,0.5884907841682434,0.23235613107681274,0.017864324152469635,0.6476014852523804,0.3728492259979248,0.20955483615398407,0.6070840358734131,0.3174598813056946
11:10:41,233,0.9279335141181946,0.5981006622314453,0.34366142749786377,1.0,0.8941863775253296,0.7425923347473145,0.41384637355804443,3.090522289276123,0.8513904213905334,0.0002,7.991664074128494,0.3596125543117523,0.3596125543117523,0.7856468558311462,5.3037109375,0.7425923347473145,0.41384637355804443,0.6928895711898804,0.34366142749786377,3.44921875,0.4057014584541321,0.3596125543117523,0.7088907361030579,0.001650904305279255,0.0,1.00076850452026,7.993856685003266,450.34582703411695,0.6374222040176392,0.6374222040176392,0.9549967050552368,0.9599609375,0.6845703125,0.32608696818351746,0.7070193290710449,0.39116808772087097,0.6787109375,0.48212483525276184,0.48212483525276184,0.8886131644248962,0.8609206676483154,0.5543584823608398,0.23772335052490234,0.7281001210212708,0.3635367751121521,0.5435847043991089,0.3690933585166931,0.3690933585166931,0.822568953037262,0.7703630924224854,0.4229636788368225,0.16965962946414948,0.6853502988815308,0.3445175588130951,0.41707557439804077,0.31019020080566406,0.31019020080566406,0.7679774165153503,0.709233820438385,0.3673870265483856,0.11837677657604218,0.6869806051254272,0.28860363364219666,0.3447937071323395,0.27186721563339233,0.27186721563339233,0.7225483655929565,0.6768472790718079,0.32315272092819214,0.07886841148138046,0.6914119124412537,0.24466416239738464,0.31625616550445557,0.23550856113433838,0.23550856113433838,0.6852589845657349,0.6278380751609802,0.2912142276763916,0.047525133937597275,0.6776729822158813,0.24380658566951752,0.2912142276763916,0.2071574181318283,0.2071574181318283,0.6546465158462524,0.5895153284072876,0.2492581605911255,0.02175973169505596,0.6526845693588257,0.24581626057624817,0.24431255459785461,0.6385138034820557,0.3596125543117523
11:10:49,234,0.9146043658256531,0.5744788646697998,0.3534051477909088,1.0,0.8907743096351624,0.7434782385826111,0.42286115884780884,3.0793325901031494,0.5954803228378296,0.0002,7.916357221780345,0.363243043422699,0.363243043422699,0.7922592163085938,5.3828125,0.7434782385826111,0.42286115884780884,0.6847764849662781,0.3534051477909088,3.4521484375,0.4113604426383972,0.363243043422699,0.7012479305267334,0.0015452762600034475,0.0,1.0102864406524164,7.91854634298943,454.6288982935874,0.6170284152030945,0.6170284152030945,0.9515011310577393,0.9580078125,0.6748046875,0.323887437582016,0.6972476840019226,0.4226366877555847,0.66796875,0.48246249556541443,0.48246249556541443,0.8841166496276855,0.8727984428405762,0.5606653690338135,0.23749174177646637,0.7197309136390686,0.35243234038352966,0.5508806109428406,0.38624337315559387,0.38624337315559387,0.8272277116775513,0.7913810014724731,0.4495592415332794,0.17042531073093414,0.7029703259468079,0.32658588886260986,0.44564151763916016,0.3118118345737457,0.3118118345737457,0.7742326855659485,0.7117646932601929,0.3656862676143646,0.11905039101839066,0.6556473970413208,0.3130783438682556,0.3539215624332428,0.2804548144340515,0.2804548144340515,0.7327447533607483,0.6650294661521912,0.33889979124069214,0.0794994905591011,0.6632201075553894,0.24822112917900085,0.316306471824646,0.24278150498867035,0.24278150498867035,0.7003048062324524,0.6203156113624573,0.30276134610176086,0.047801122069358826,0.6772655248641968,0.2723861038684845,0.2879684269428253,0.21851949393749237,0.21851949393749237,0.6731392741203308,0.5816023945808411,0.2640949487686157,0.021844470873475075,0.6547619104385376,0.28005731105804443,0.25321462750434875,0.6275975704193115,0.363243043422699
11:10:57,235,0.7823934555053711,0.479012131690979,0.31236666440963745,1.0,0.9034915566444397,0.7806795835494995,0.44762706756591797,3.34067964553833,1.8009462356567383,0.0002,7.84942319476977,0.39777007699012756,0.39777007699012756,0.8229303956031799,5.623046875,0.7806795835494995,0.44762706756591797,0.6980215907096863,0.31236666440963745,3.6630859375,0.43147993087768555,0.39777007699012756,0.6775527000427246,0.0014750170521438122,0.0,1.0189182741817944,7.851463854080066,458.51322338180745,0.6481903791427612,0.6481903791427612,0.9669184684753418,0.9765625,0.697265625,0.31360670924186707,0.7110000252723694,0.3797184228897095,0.6953125,0.4988831877708435,0.4988831877708435,0.9132626056671143,0.8797653913497925,0.558162271976471,0.2336971014738083,0.7188888788223267,0.3311029374599457,0.5444770455360413,0.4162991940975189,0.4162991940975189,0.8567777276039124,0.8176470398902893,0.47549018263816833,0.17127923667430878,0.7194244861602783,0.27795305848121643,0.45980390906333923,0.35628560185432434,0.35628560185432434,0.8104279637336731,0.7512291073799133,0.40314650535583496,0.12246894091367722,0.7002617716789246,0.26503685116767883,0.38741394877433777,0.31600916385650635,0.31600916385650635,0.7687348127365112,0.7179487347602844,0.35996055603027344,0.08349939435720444,0.682692289352417,0.23538878560066223,0.34023669362068176,0.283523291349411,0.283523291349411,0.7354632616043091,0.6926877498626709,0.33003953099250793,0.05141569301486015,0.6576319336891174,0.2198179066181183,0.3063241243362427,0.26135116815567017,0.26135116815567017,0.7061401605606079,0.6254940629005432,0.30533596873283386,0.02403285540640354,0.6793048977851868,0.16934557259082794,0.28260868787765503,0.6494022011756897,0.39777007699012756
11:11:05,236,1.4283926486968994,0.9249612092971802,0.5375227332115173,1.0,0.8306527733802795,0.7042648792266846,0.34946689009666443,2.4284863471984863,1.5880316495895386,0.0002,7.886202822905034,0.27512481808662415,0.27512481808662415,0.7470747828483582,4.7841796875,0.7042648792266846,0.34946689009666443,0.627091646194458,0.5375227332115173,2.7158203125,0.3177609443664551,0.27512481808662415,0.7609055042266846,0.0014586842153221369,0.0,1.0141667186740742,7.888249390060082,456.37502340333333,0.5509344935417175,0.5509344935417175,0.9415225982666016,0.9443359375,0.6181640625,0.3574545681476593,0.6370217204093933,0.6015540957450867,0.6015625,0.37721139192581177,0.37721139192581177,0.8573237061500549,0.8277886509895325,0.45205479860305786,0.24490313231945038,0.6359338164329529,0.558042049407959,0.4266144931316376,0.2813166081905365,0.2813166081905365,0.7875891923904419,0.7490196228027344,0.3598039150238037,0.16456539928913116,0.6413612365722656,0.49675291776657104,0.3323529362678528,0.22837859392166138,0.22837859392166138,0.7258601784706116,0.6719056963920593,0.3172888159751892,0.10826859623193741,0.6461988091468811,0.46218541264533997,0.2868369221687317,0.1880897432565689,0.1880897432565689,0.6749740242958069,0.6309055089950562,0.2618110179901123,0.0683295950293541,0.6224648952484131,0.4351326823234558,0.2224409431219101,0.15830036997795105,0.15830036997795105,0.634306788444519,0.5773398876190186,0.22463053464889526,0.03922343626618385,0.6092150211334229,0.4128659665584564,0.1783251166343689,0.13841687142848969,0.13841687142848969,0.6051161885261536,0.525172770023346,0.2092793732881546,0.017255214974284172,0.5751879811286926,0.3529668152332306,0.1727541983127594,0.5618953108787537,0.27512481808662415
11:11:12,237,0.7813951969146729,0.47762760519981384,0.3131188452243805,1.0,0.9023475050926208,0.7852829694747925,0.4601881802082062,3.3500537872314453,1.556969165802002,0.0002,7.910784709034488,0.4063887596130371,0.4063887596130371,0.8347520232200623,5.6650390625,0.7852829694747925,0.4601881802082062,0.7088698148727417,0.3131188452243805,3.685546875,0.4441791772842407,0.4063887596130371,0.6714624166488647,0.0015264400281012058,0.0,1.010999408292202,7.912962099071592,454.9497337314909,0.6708914637565613,0.6708914637565613,0.9682255387306213,0.9775390625,0.7275390625,0.31590864062309265,0.7342657446861267,0.35345184803009033,0.7177734375,0.5188407301902771,0.5188407301902771,0.9172478914260864,0.8922624588012695,0.5798236727714539,0.23520632088184357,0.7069154977798462,0.34077367186546326,0.5631733536720276,0.4301389753818512,0.4301389753818512,0.8686591982841492,0.8155053853988647,0.48380765318870544,0.17163178324699402,0.7256317734718323,0.29002007842063904,0.4857703745365143,0.3676166832447052,0.3676166832447052,0.8242663145065308,0.7475442290306091,0.42337918281555176,0.12183903157711029,0.7227332592010498,0.2525026500225067,0.40569743514060974,0.3164524435997009,0.3164524435997009,0.785151481628418,0.7145669460296631,0.3641732335090637,0.08226361870765686,0.71074378490448,0.26039350032806396,0.3562992215156555,0.28074485063552856,0.28074485063552856,0.7535616159439087,0.6818181872367859,0.3320158123970032,0.050033099949359894,0.678260862827301,0.25062161684036255,0.3013834059238434,0.25617220997810364,0.25617220997810364,0.7237496376037598,0.6646884083747864,0.306627094745636,0.02311757206916809,0.6666666865348816,0.26609596610069275,0.2749752700328827,0.6570797562599182,0.4063887596130371
11:11:20,238,1.2167011499404907,0.7807260155677795,0.4597853124141693,1.0,0.8647365570068359,0.7190442681312561,0.3683766722679138,2.6899771690368652,1.442902684211731,0.0002,7.946882511023432,0.3033384382724762,0.3033384382724762,0.7701312303543091,5.0458984375,0.7190442681312561,0.3683766722679138,0.6579358577728271,0.4597853124141693,3.0986328125,0.35572734475135803,0.3033384382724762,0.7413834929466248,0.0017318332102149725,0.0,1.0063992097489842,7.949131838046014,452.87964438704296,0.6047655344009399,0.6047655344009399,0.9547213912010193,0.962890625,0.6767578125,0.3466131091117859,0.6977687478065491,0.4875187873840332,0.6728515625,0.41833263635635376,0.41833263635635376,0.8752162456512451,0.8413320183753967,0.502448558807373,0.24296917021274567,0.6728754639625549,0.4876762330532074,0.47894221544265747,0.3098561465740204,0.3098561465740204,0.8110929131507874,0.7404129505157471,0.3736479878425598,0.16655844449996948,0.6480743885040283,0.45803606510162354,0.36676499247550964,0.25181883573532104,0.25181883573532104,0.7528112530708313,0.6837438344955444,0.3182266056537628,0.11160782724618912,0.6786743402481079,0.405089795589447,0.30738916993141174,0.20574523508548737,0.20574523508548737,0.7033789157867432,0.6400394439697266,0.26528599858283997,0.07157707214355469,0.6132511496543884,0.4208940863609314,0.2544378638267517,0.17752708494663239,0.17752708494663239,0.6606228351593018,0.5849802494049072,0.23715415596961975,0.04185258969664574,0.650337815284729,0.3141946494579315,0.21739129722118378,0.15103992819786072,0.15103992819786072,0.6299327611923218,0.5760869383811951,0.20059289038181305,0.018821800127625465,0.6140651702880859,0.34746789932250977,0.1877470314502716,0.590143084526062,0.3033384382724762
11:11:28,239,0.7976803183555603,0.4957096576690674,0.3115711808204651,1.0,0.9022969007492065,0.7716457843780518,0.45938336849212646,3.2833211421966553,1.129061222076416,0.0002,7.950862775091082,0.3913846015930176,0.3913846015930176,0.7844914197921753,5.5556640625,0.7716457843780518,0.45938336849212646,0.7040686011314392,0.3115711808204651,3.6357421875,0.4333380162715912,0.3913846015930176,0.6828415393829346,0.0016818682197481394,0.0,1.005892754121421,7.953134136041626,452.65173935463946,0.6609249711036682,0.6609249711036682,0.9480258822441101,0.9736328125,0.71875,0.3175259232521057,0.744232714176178,0.3353567123413086,0.724609375,0.5000799894332886,0.5000799894332886,0.869792103767395,0.895200788974762,0.5817825794219971,0.23488831520080566,0.7067833542823792,0.355318546295166,0.5621939301490784,0.3956106901168823,0.3956106901168823,0.8132208585739136,0.8003933429718018,0.46214357018470764,0.17056724429130554,0.7014741897583008,0.3169679343700409,0.44542771577835083,0.3464677631855011,0.3464677631855011,0.7692253589630127,0.7295162677764893,0.4136229157447815,0.1211860403418541,0.7009472250938416,0.2519408166408539,0.3682132363319397,0.3007272481918335,0.3007272481918335,0.728843092918396,0.6923837661743164,0.3600395619869232,0.08208924531936646,0.6985714435577393,0.27190014719963074,0.34223541617393494,0.28319114446640015,0.28319114446640015,0.6943535208702087,0.6858275532722473,0.369672954082489,0.05033986270427704,0.6907514333724976,0.17801807820796967,0.30921703577041626,0.2475726455450058,0.2475726455450058,0.6643574833869934,0.620039701461792,0.3045634925365448,0.023403320461511612,0.6639999747276306,0.22379733622074127,0.2757936418056488,0.6495000123977661,0.3913846015930176
11:11:36,240,0.8871293663978577,0.5470739603042603,0.3517986238002777,1.0,0.8950689435005188,0.7720629572868347,0.4381675124168396,3.1328814029693604,1.4994663000106812,0.0002,7.914316927315667,0.37109383940696716,0.37109383940696716,0.790966808795929,5.501953125,0.7720629572868347,0.4381675124168396,0.6974881887435913,0.3517986238002777,3.5380859375,0.4159640371799469,0.37109389901161194,0.6951898336410522,0.0018808620516210794,0.0,1.0105184764789958,7.916728081880137,454.73331441554814,0.6496754288673401,0.6496754288673401,0.9483027458190918,0.9736328125,0.71484375,0.32509735226631165,0.7231695055961609,0.37231600284576416,0.7041015625,0.4906272888183594,0.4906272888183594,0.8784741163253784,0.8797653913497925,0.5650048851966858,0.23793622851371765,0.7133333086967468,0.3730282485485077,0.5464320778846741,0.39286309480667114,0.39286309480667114,0.8200571537017822,0.8158667683601379,0.47698333859443665,0.17041842639446259,0.7250900268554688,0.3432982563972473,0.45151811838150024,0.32598498463630676,0.32598498463630676,0.779737114906311,0.7335299849510193,0.39823007583618164,0.11874207854270935,0.7064343094825745,0.33378854393959045,0.3765978515148163,0.27574798464775085,0.27574798464775085,0.7374049425125122,0.7051281929016113,0.34023669362068176,0.07888475805521011,0.6713286638259888,0.2889811098575592,0.317554235458374,0.23963412642478943,0.23963412642478943,0.7000125646591187,0.6643564105033875,0.29207921028137207,0.047320201992988586,0.6497764587402344,0.3000178039073944,0.26336634159088135,0.21772164106369019,0.21772164106369019,0.669082760810852,0.6276067495346069,0.27408143877983093,0.02160089649260044,0.6677215099334717,0.2992278039455414,0.24627606570720673,0.6382437348365784,0.37109389901161194
11:11:44,241,0.7036895751953125,0.4273034930229187,0.28354814648628235,1.0,0.913187563419342,0.8119730353355408,0.4845418632030487,3.4685745239257812,1.2563936710357666,0.0002,8.069240565178916,0.4254538416862488,0.4254538416862488,0.8292649388313293,5.8974609375,0.8119730353355408,0.4845418632030487,0.7338179349899292,0.28354814648628235,3.8896484375,0.4664137065410614,0.4254538416862488,0.6579870581626892,0.0016402739565819502,0.0,0.9911512630483574,8.071421889122576,446.0180683717609,0.6818854808807373,0.6818854808807373,0.9686206579208374,0.9765625,0.7412109375,0.31226810812950134,0.7570000290870667,0.3122023940086365,0.7392578125,0.5419448614120483,0.5419448614120483,0.9167318940162659,0.9009804129600525,0.6019607782363892,0.23460035026073456,0.7497279644012451,0.3013113737106323,0.5794117450714111,0.4553074836730957,0.4553074836730957,0.8638803362846375,0.8519607782363892,0.5196078419685364,0.17248666286468506,0.7594936490058899,0.260440856218338,0.5029411911964417,0.38426724076271057,0.38426724076271057,0.8195887804031372,0.7927308678627014,0.4548133611679077,0.12295814603567123,0.7112763524055481,0.28315383195877075,0.4292730987071991,0.33807697892189026,0.33807697892189026,0.7785882949829102,0.7566502690315247,0.39507389068603516,0.08335987478494644,0.7161458134651184,0.22455716133117676,0.373399019241333,0.3052211105823517,0.3052211105823517,0.7443253397941589,0.715133547782898,0.36300691962242126,0.050889208912849426,0.7219917178153992,0.22367146611213684,0.3333333432674408,0.26703423261642456,0.26703423261642456,0.7101545929908752,0.6865079402923584,0.3115079402923584,0.023437639698386192,0.7052023410797119,0.22156397998332977,0.3025793731212616,0.6769359707832336,0.4254538416862488
11:11:52,242,1.3529584407806396,0.9084841012954712,0.476921021938324,1.0,0.8543029427528381,0.6899159550666809,0.3663865625858307,2.5090060234069824,1.8005143404006958,0.0002,8.064782810863107,0.28185468912124634,0.28185468912124634,0.708428144454956,4.6708984375,0.6899159550666809,0.3663865625858307,0.6429151296615601,0.476921021938324,2.8642578125,0.3343137204647064,0.28185468912124634,0.7581271529197693,0.001714862883090973,0.0,0.9916963145450948,8.066985711921006,446.2633415452927,0.559762716293335,0.559762716293335,0.9067661762237549,0.9169921875,0.63671875,0.3513481020927429,0.6805111765861511,0.5140997171401978,0.6240234375,0.37900781631469727,0.37900781631469727,0.8028268814086914,0.8113391995429993,0.4809384047985077,0.24283869564533234,0.6602409482002258,0.5235907435417175,0.4525904059410095,0.2806597054004669,0.2806597054004669,0.7324876189231873,0.7191780805587769,0.35420742630958557,0.16497570276260376,0.6272108554840088,0.4927529990673065,0.32387474179267883,0.2338545024394989,0.2338545024394989,0.683879554271698,0.6513222455978394,0.32517141103744507,0.11015334725379944,0.6661654114723206,0.3825196325778961,0.29187071323394775,0.1954616904258728,0.1954616904258728,0.6428428888320923,0.6005887985229492,0.2865554392337799,0.07070226967334747,0.6323529481887817,0.3348458409309387,0.25318941473960876,0.16581253707408905,0.16581253707408905,0.6082537770271301,0.5575221180915833,0.24483776092529297,0.041366565972566605,0.5873016119003296,0.362617552280426,0.20452310144901276,0.15593081712722778,0.15593081712722778,0.5797452926635742,0.5700197219848633,0.2337278127670288,0.018615251407027245,0.6159169673919678,0.3139166235923767,0.1873767226934433,0.5766104459762573,0.28185468912124634
11:12:01,243,0.8400644659996033,0.5194000005722046,0.3312469720840454,1.0,0.9003364443778992,0.7830228209495544,0.45524582266807556,3.2484257221221924,0.5039340257644653,0.0002,8.300081468420103,0.3876109719276428,0.3876109719276428,0.8060513734817505,5.66796875,0.7830228209495544,0.45524582266807556,0.7041144967079163,0.3312469720840454,3.6357421875,0.43297380208969116,0.3876109719276428,0.6845273375511169,0.0018473821692168713,0.0,0.9635694347389893,8.302463436033577,433.60624563254515,0.6619986295700073,0.6619986295700073,0.9545537829399109,0.9638671875,0.724609375,0.3206256628036499,0.7416413426399231,0.34600284695625305,0.71484375,0.5104211568832397,0.5104211568832397,0.897550642490387,0.8729227781295776,0.5845552086830139,0.2368134707212448,0.7424412369728088,0.32219716906547546,0.5816226601600647,0.4015013575553894,0.4015013575553894,0.8385337591171265,0.8285993933677673,0.4730656147003174,0.17095232009887695,0.6938534379005432,0.38483142852783203,0.45347699522972107,0.3515961766242981,0.3515961766242981,0.7928197383880615,0.7666666507720947,0.42352941632270813,0.12035710364580154,0.7007672786712646,0.28932899236679077,0.4000000059604645,0.2946757674217224,0.2946757674217224,0.754047155380249,0.7210215926170349,0.3536345660686493,0.08044105768203735,0.6825612783432007,0.2867424488067627,0.3330059051513672,0.2607057988643646,0.2607057988643646,0.7181903123855591,0.6735496520996094,0.3303834795951843,0.04856745898723602,0.6861313581466675,0.27718207240104675,0.29891839623451233,0.22975264489650726,0.22975264489650726,0.6849460601806641,0.6525590419769287,0.29429134726524353,0.02224302850663662,0.6561086177825928,0.29718369245529175,0.2460629940032959,0.6503455638885498,0.3876109719276428
11:12:09,244,1.360040307044983,0.8802004456520081,0.509863555431366,1.0,0.8487889170646667,0.7178043723106384,0.36115410923957825,2.536534070968628,2.359670400619507,0.0002,8.119728500023484,0.29229310154914856,0.29229310154914856,0.7862623333930969,4.9736328125,0.7178043723106384,0.36115410923957825,0.6543137431144714,0.509863555431366,2.953125,0.34243491291999817,0.29229310154914856,0.7496482729911804,0.0017343892250210047,0.0,0.9849755879576966,8.12202870589681,443.2390145809635,0.598067045211792,0.598067045211792,0.9532855749130249,0.9541015625,0.671875,0.3578793406486511,0.6990787982940674,0.4988596737384796,0.6669921875,0.4038758873939514,0.4038758873939514,0.8807578682899475,0.8530852198600769,0.4750244915485382,0.2469635158777237,0.657864511013031,0.5706931352615356,0.4750244915485382,0.31630077958106995,0.31630077958106995,0.8214507102966309,0.738959789276123,0.38861629366874695,0.16634158790111542,0.6746348142623901,0.4621601402759552,0.36506378650665283,0.24504610896110535,0.24504610896110535,0.7703643441200256,0.6857143044471741,0.3221674859523773,0.10834534466266632,0.647988498210907,0.46585017442703247,0.29162561893463135,0.18466481566429138,0.18466481566429138,0.7244560122489929,0.6462450623512268,0.2450592815876007,0.06691398471593857,0.6162079572677612,0.5453587770462036,0.22628457844257355,0.15602637827396393,0.15602637827396393,0.69090735912323,0.5916749238967896,0.2170465737581253,0.037505071610212326,0.6365159153938293,0.5040273666381836,0.19425173103809357,0.1359407901763916,0.1359407901763916,0.6584314107894897,0.5492537021636963,0.2019900530576706,0.016051240265369415,0.614130437374115,0.45392894744873047,0.1711442768573761,0.5869081020355225,0.29229310154914856
11:12:17,245,0.94961017370224,0.5840275287628174,0.3786282241344452,1.0,0.8845120668411255,0.772464394569397,0.42304980754852295,3.0360701084136963,1.9776103496551514,0.0002,8.281058612978086,0.36538296937942505,0.36538296937942505,0.8298541903495789,5.5146484375,0.772464394569397,0.42304980754852295,0.6939371824264526,0.3786282241344452,3.3974609375,0.40555790066719055,0.36538296937942505,0.6999041438102722,0.001661249902099371,0.0,0.9658024530175647,8.283267427003011,434.61110385790414,0.6342388391494751,0.6342388391494751,0.9659257531166077,0.974609375,0.6845703125,0.32792648673057556,0.6933867931365967,0.43417930603027344,0.67578125,0.47733163833618164,0.47733163833618164,0.9088712334632874,0.8725489974021912,0.5362744927406311,0.23866404592990875,0.7134831547737122,0.39620068669319153,0.5264706015586853,0.383095383644104,0.383095383644104,0.8628281950950623,0.8070865869522095,0.4527558982372284,0.17023427784442902,0.7109755873680115,0.34574538469314575,0.4261811077594757,0.3263818621635437,0.3263818621635437,0.8241703510284424,0.7544378638267517,0.3865877687931061,0.11819185316562653,0.6849673390388489,0.31667235493659973,0.3717948794364929,0.2786194980144501,0.2786194980144501,0.7802606821060181,0.6930692791938782,0.3366336524486542,0.07789784669876099,0.6885714530944824,0.2866761386394501,0.31782177090644836,0.24165315926074982,0.24165315926074982,0.7477158904075623,0.6713147163391113,0.29183265566825867,0.046250127255916595,0.6721068024635315,0.3394314646720886,0.2709163427352905,0.20945006608963013,0.20945006608963013,0.7148522734642029,0.6283716559410095,0.2657342553138733,0.020835403352975845,0.685214638710022,0.30892154574394226,0.24275724589824677,0.6393312811851501,0.36538296937942505
11:12:25,246,0.6634736657142639,0.40583446621894836,0.2646143138408661,1.0,0.9190624356269836,0.7965434789657593,0.49810314178466797,3.6396663188934326,0.796367347240448,0.0002,8.124848928069696,0.44166940450668335,0.44166940450668335,0.8253602385520935,5.736328125,0.7965434789657593,0.49810314178466797,0.7292291522026062,0.2646143138408661,3.93359375,0.4746381938457489,0.44166940450668335,0.6522846221923828,0.0015985560603439808,0.0,0.9843842478049899,8.12690777797252,442.97291151224545,0.6900330781936646,0.6900330781936646,0.9654161334037781,0.9697265625,0.740234375,0.3059718608856201,0.7552869915962219,0.3078851103782654,0.732421875,0.5486096739768982,0.5486096739768982,0.9124194383621216,0.895200788974762,0.6141037940979004,0.2319885641336441,0.7582057118415833,0.28356578946113586,0.6072477698326111,0.4640991687774658,0.4640991687774658,0.8628093004226685,0.832517147064209,0.5308520793914795,0.17257392406463623,0.7423529624938965,0.25397631525993347,0.5073457360267639,0.4020620584487915,0.4020620584487915,0.8073298335075378,0.7817109227180481,0.4690265357494354,0.12483955174684525,0.7132075428962708,0.23381590843200684,0.43067845702171326,0.3574146330356598,0.3574146330356598,0.7686986327171326,0.7403751015663147,0.41164857149124146,0.08600736409425735,0.718666672706604,0.2041284441947937,0.3859822452068329,0.32834896445274353,0.32834896445274353,0.7411925196647644,0.6887351870536804,0.37747034430503845,0.05348179116845131,0.7058823704719543,0.17312955856323242,0.3428853750228882,0.2968725860118866,0.2968725860118866,0.7167108654975891,0.664023756980896,0.33894944190979004,0.02513699233531952,0.6895522475242615,0.17208470404148102,0.31119921803474426,0.6812891960144043,0.44166940450668335
11:12:33,247,1.1304666996002197,0.713024914264679,0.4387912154197693,1.0,0.8670092821121216,0.7348113059997559,0.3916093707084656,2.785020351409912,1.9744646549224854,0.0002,8.062682677293196,0.32691290974617004,0.32691290974617004,0.7726049423217773,5.11328125,0.7348113059997559,0.3916093707084656,0.67023104429245,0.4387912154197693,3.09765625,0.3652307987213135,0.32691290974617004,0.7219093441963196,0.0016002857591956854,0.0,0.9919512341586205,8.064912592992187,446.3780553713792,0.6157172322273254,0.6157172322273254,0.954128623008728,0.96484375,0.6806640625,0.33933544158935547,0.692307710647583,0.48122742772102356,0.66796875,0.4335004985332489,0.4335004985332489,0.8832764625549316,0.8504399061203003,0.5043988227844238,0.24073095619678497,0.6804597973823547,0.48829972743988037,0.49364614486694336,0.3324299156665802,0.3324299156665802,0.8159058094024658,0.7727717757225037,0.3956905007362366,0.16716720163822174,0.6653992533683777,0.44019946455955505,0.3780607283115387,0.2695876359939575,0.2695876359939575,0.7540162205696106,0.6879293322563171,0.3326790928840637,0.11370991915464401,0.651925802230835,0.3880225419998169,0.30127575993537903,0.24203458428382874,0.24203458428382874,0.7046045064926147,0.6532019972801208,0.317241370677948,0.07448115944862366,0.6621417999267578,0.30261027812957764,0.2591133117675781,0.20876958966255188,0.20876958966255188,0.6664676070213318,0.6169792413711548,0.26949653029441833,0.044380638748407364,0.6704000234603882,0.254965215921402,0.2359328716993332,0.18248338997364044,0.18248338997364044,0.6265298128128052,0.5938735008239746,0.23715415596961975,0.02019471302628517,0.6555740237236023,0.24863409996032715,0.21640315651893616,0.6085733771324158,0.32691290974617004
11:12:41,248,1.177585244178772,0.72257399559021,0.47498568892478943,1.0,0.8538197875022888,0.7636108994483948,0.3963610827922821,2.7286376953125,0.7209259867668152,0.0002,8.01702524209395,0.33211004734039307,0.33211004734039307,0.801433801651001,5.4306640625,0.7636108994483948,0.3963610827922821,0.6612903475761414,0.47498568892478943,3.0966796875,0.3724282681941986,0.33211004734039307,0.7207347750663757,0.0017124703153967857,0.0,0.9975506150787733,8.019643193110824,448.897776785448,0.634292483329773,0.634292483329773,0.9586674571037292,0.974609375,0.6904296875,0.3466711640357971,0.7104208469390869,0.4679880440235138,0.6923828125,0.4686989188194275,0.4686989188194275,0.898822546005249,0.8837890625,0.5498046875,0.24508145451545715,0.6883977651596069,0.48289480805397034,0.5185546875,0.3482500910758972,0.3482500910758972,0.8346142768859863,0.8025415539741516,0.4173997938632965,0.16787263751029968,0.6711327433586121,0.48991671204566956,0.3998045027256012,0.27449461817741394,0.27449461817741394,0.7885878682136536,0.7482860088348389,0.3339862823486328,0.11152352392673492,0.6256544589996338,0.5076350569725037,0.3085210621356964,0.23557813465595245,0.23557813465595245,0.7454386949539185,0.7095191478729248,0.30225712060928345,0.07070280611515045,0.6307054162025452,0.4308640956878662,0.2816486656665802,0.19183161854743958,0.19183161854743958,0.7090177536010742,0.6257367134094238,0.2495088428258896,0.04047412797808647,0.6405023336410522,0.43498194217681885,0.22298625111579895,0.16890309751033783,0.16890309751033783,0.6730650067329407,0.5984252095222473,0.22834645211696625,0.017674284055829048,0.6299341917037964,0.4210812449455261,0.1801181137561798,0.601088285446167,0.33211004734039307
11:12:49,249,1.1778953075408936,0.7613040804862976,0.44007039070129395,1.0,0.8663382530212402,0.7261218428611755,0.3851456046104431,2.704042673110962,1.2629914283752441,0.0002,8.012470202287659,0.3110344111919403,0.3110344111919403,0.7562610507011414,4.927734375,0.7261218428611755,0.3851456046104431,0.6545912623405457,0.44007039070129395,3.076171875,0.3612322509288788,0.3110344111919403,0.7346097230911255,0.0017161613795906305,0.0,0.9981573303088989,8.014768571127206,449.1707986390045,0.5793520212173462,0.5793520212173462,0.9268596172332764,0.9482421875,0.650390625,0.34216877818107605,0.6848609447479248,0.48309004306793213,0.6494140625,0.4262133836746216,0.4262133836746216,0.853434145450592,0.8375734090805054,0.5048923492431641,0.24183441698551178,0.6717289686203003,0.4575626850128174,0.4921722114086151,0.32199573516845703,0.32199573516845703,0.7897812128067017,0.7576054930686951,0.3945044279098511,0.16723597049713135,0.6489637494087219,0.4602406322956085,0.3719332814216614,0.26224908232688904,0.26224908232688904,0.7391351461410522,0.6896551847457886,0.3418719172477722,0.11314205080270767,0.6557142734527588,0.3689640760421753,0.3211822807788849,0.22585979104042053,0.22585979104042053,0.6953306794166565,0.6337611079216003,0.28923988342285156,0.0734172984957695,0.6417445540428162,0.30574387311935425,0.262586385011673,0.18935813009738922,0.18935813009738922,0.6579037308692932,0.6217821836471558,0.27029702067375183,0.04299236461520195,0.6162420511245728,0.36053112149238586,0.22079208493232727,0.16695092618465424,0.16695092618465424,0.6273201704025269,0.5894632339477539,0.23956263065338135,0.019209159538149834,0.6408094167709351,0.32671380043029785,0.20477136969566345,0.5876112580299377,0.3110344111919403
11:12:57,250,1.1549153327941895,0.7411593794822693,0.43542245030403137,1.0,0.8696323037147522,0.7338472604751587,0.3970567584037781,2.7195122241973877,3.3862221240997314,0.0002,7.904001530725509,0.31773486733436584,0.31773486733436584,0.7428673505783081,5.12890625,0.7338472604751587,0.3970567584037781,0.6791443824768066,0.43542245030403137,3.181640625,0.37028732895851135,0.31773486733436584,0.7297287583351135,0.001457043457776308,0.0,1.0118844354716063,7.9060411639511585,455.34799596222285,0.6098431348800659,0.6098431348800659,0.9390541315078735,0.9599609375,0.6806640625,0.34510067105293274,0.6978636980056763,0.4597304165363312,0.669921875,0.4373633861541748,0.4373633861541748,0.8534262180328369,0.8493150472640991,0.5176125168800354,0.24342985451221466,0.7004608511924744,0.44798991084098816,0.5136986374855042,0.33487915992736816,0.33487915992736816,0.7814205288887024,0.7825661301612854,0.421155720949173,0.1674814373254776,0.6858572959899902,0.4424154758453369,0.40842312574386597,0.26831355690956116,0.26831355690956116,0.7201975584030151,0.7154072523117065,0.36506378650665283,0.11211342364549637,0.6694101691246033,0.40767088532447815,0.31992149353027344,0.22377967834472656,0.22377967834472656,0.6748523116111755,0.6418057084083557,0.30618253350257874,0.07176073640584946,0.6834862232208252,0.3597048223018646,0.26692837476730347,0.183738112449646,0.183738112449646,0.6323016285896301,0.6053149700164795,0.2568897604942322,0.041597552597522736,0.6617886424064636,0.3625025153160095,0.2145669311285019,0.1632554978132248,0.1632554978132248,0.5964106321334839,0.5798816680908203,0.2287968397140503,0.01851627603173256,0.6326530575752258,0.3387838304042816,0.19526627659797668,0.6077855229377747,0.31773486733436584
